-- phpMyAdmin SQL Dump
-- version 5.2.0
-- https://www.phpmyadmin.net/
--
-- Host: 127.0.0.1
-- Waktu pembuatan: 15 Agu 2023 pada 14.52
-- Versi server: 10.4.25-MariaDB
-- Versi PHP: 8.1.10

SET SQL_MODE = "NO_AUTO_VALUE_ON_ZERO";
START TRANSACTION;
SET time_zone = "+00:00";


/*!40101 SET @OLD_CHARACTER_SET_CLIENT=@@CHARACTER_SET_CLIENT */;
/*!40101 SET @OLD_CHARACTER_SET_RESULTS=@@CHARACTER_SET_RESULTS */;
/*!40101 SET @OLD_COLLATION_CONNECTION=@@COLLATION_CONNECTION */;
/*!40101 SET NAMES utf8mb4 */;

--
-- Database: `tkd2022`
--

-- --------------------------------------------------------

--
-- Struktur dari tabel `categories`
--

CREATE TABLE IF NOT EXISTS `categories` (
  `id` bigint(20) UNSIGNED NOT NULL,
  `name` varchar(255) COLLATE utf8mb4_unicode_ci NOT NULL,
  `created_at` timestamp NULL DEFAULT NULL,
  `updated_at` timestamp NULL DEFAULT NULL
) ENGINE=InnoDB DEFAULT CHARSET=utf8mb4 COLLATE=utf8mb4_unicode_ci;

--
-- Dumping data untuk tabel `categories`
--

INSERT INTO `categories` (`id`, `name`, `created_at`, `updated_at`) VALUES
(1, 'Engraver', '2023-08-15 05:44:08', '2023-08-15 05:44:08'),
(2, 'Entertainer and Performer', '2023-08-15 05:44:08', '2023-08-15 05:44:08'),
(3, 'Management Analyst', '2023-08-15 05:44:08', '2023-08-15 05:44:08'),
(4, 'Tool Sharpener', '2023-08-15 05:44:08', '2023-08-15 05:44:08'),
(5, 'Radiologic Technician', '2023-08-15 05:44:08', '2023-08-15 05:44:08');

-- --------------------------------------------------------

--
-- Dumping data untuk tabel `kecamatans`
--

INSERT INTO `kecamatans` (`id`, `kecamatan`, `created_at`, `updated_at`) VALUES
(1, 'Kota', NULL, NULL),
(2, 'Pesantren', NULL, NULL),
(3, 'Mojoroto', NULL, NULL);

-- --------------------------------------------------------

--
-- Struktur dari tabel `kelurahans`
--

CREATE TABLE IF NOT EXISTS `kelurahans` (
  `id` bigint(20) UNSIGNED NOT NULL,
  `id_kecamatan` bigint(20) UNSIGNED NOT NULL,
  `kelurahan` varchar(255) COLLATE utf8mb4_unicode_ci DEFAULT NULL,
  `created_at` timestamp NULL DEFAULT NULL,
  `updated_at` timestamp NULL DEFAULT NULL
) ENGINE=InnoDB DEFAULT CHARSET=utf8mb4 COLLATE=utf8mb4_unicode_ci;

--
-- Dumping data untuk tabel `kelurahans`
--

INSERT INTO `kelurahans` (`id`, `id_kecamatan`, `kelurahan`, `created_at`, `updated_at`) VALUES
(1, 1, 'Kel.DANDANGAN', '2023-08-15 05:46:41', '2023-08-15 05:46:41'),
(2, 1, 'Kel.BALOWERTI', '2023-08-15 05:46:41', '2023-08-15 05:46:41'),
(3, 1, 'Kel.SEMAMPIR', '2023-08-15 05:46:41', '2023-08-15 05:46:41'),
(4, 1, 'Kel.NGADIREJO', '2023-08-15 05:46:41', '2023-08-15 05:46:41'),
(5, 1, 'Kel.KALIOMBO', '2023-08-15 05:46:41', '2023-08-15 05:46:41'),
(6, 1, 'Kel.NGRONGGO', '2023-08-15 05:46:41', '2023-08-15 05:46:41'),
(7, 1, 'Kel.BANJARAN', '2023-08-15 05:46:41', '2023-08-15 05:46:41'),
(8, 2, 'Kel.JAMSAREN', '2023-08-15 05:46:41', '2023-08-15 05:46:41'),
(9, 2, 'Kel.SINGONEGARAN', '2023-08-15 05:46:41', '2023-08-15 05:46:41'),
(10, 2, 'Kel.TINALAN', '2023-08-15 05:46:41', '2023-08-15 05:46:41'),
(11, 2, 'Kel.PAKUNDEN', '2023-08-15 05:46:41', '2023-08-15 05:46:41'),
(12, 2, 'Kel.BURENGAN', '2023-08-15 05:46:41', '2023-08-15 05:46:41'),
(13, 2, 'Kel.BANGSAL', '2023-08-15 05:46:41', '2023-08-15 05:46:41'),
(14, 2, 'Kel.BANARAN', '2023-08-15 05:46:41', '2023-08-15 05:46:41'),
(15, 2, 'Kel.TOSAREN', '2023-08-15 05:46:41', '2023-08-15 05:46:41'),
(16, 2, 'Kel.KETAMI', '2023-08-15 05:46:41', '2023-08-15 05:46:41'),
(17, 2, 'Kel.NGLETIH', '2023-08-15 05:46:41', '2023-08-15 05:46:41'),
(18, 2, 'Kel.TEMPUREJO', '2023-08-15 05:46:41', '2023-08-15 05:46:41'),
(19, 2, 'Kel.BETET', '2023-08-15 05:46:41', '2023-08-15 05:46:41'),
(20, 2, 'Kel.BAWANG', '2023-08-15 05:46:41', '2023-08-15 05:46:41'),
(21, 2, 'Kel.BLABAK', '2023-08-15 05:46:41', '2023-08-15 05:46:41'),
(22, 3, 'Kel.DERMO', '2023-08-15 05:46:41', '2023-08-15 05:46:41'),
(23, 3, 'Kel.MRICAN', '2023-08-15 05:46:41', '2023-08-15 05:46:41'),
(24, 3, 'Kel.NGAMPEL', '2023-08-15 05:46:41', '2023-08-15 05:46:41'),
(25, 3, 'Kel.GAYAM', '2023-08-15 05:46:41', '2023-08-15 05:46:41'),
(26, 3, 'Kel.MOJOROTO', '2023-08-15 05:46:41', '2023-08-15 05:46:41'),
(27, 3, 'Kel.SUKORAME', '2023-08-15 05:46:41', '2023-08-15 05:46:41'),
(28, 3, 'Kel.BUJEL', '2023-08-15 05:46:41', '2023-08-15 05:46:41'),
(29, 3, 'Kel.POJOK', '2023-08-15 05:46:41', '2023-08-15 05:46:41'),
(30, 3, 'Kel.LIRBOYO', '2023-08-15 05:46:41', '2023-08-15 05:46:41'),
(31, 3, 'Kel.BANDAR LOR', '2023-08-15 05:46:41', '2023-08-15 05:46:41'),
(32, 3, 'Kel.BANDAR KIDUL', '2023-08-15 05:46:41', '2023-08-15 05:46:41'),
(33, 3, 'Kel.BANJARMLATI', '2023-08-15 05:46:41', '2023-08-15 05:46:41'),
(34, 3, 'Kel.TAMANAN', '2023-08-15 05:46:41', '2023-08-15 05:46:41'),
(35, 3, 'Kel.CAMPUREJO', '2023-08-15 05:46:41', '2023-08-15 05:46:41'),
(36, 1, 'Kel.MANISRENGGO', '2023-08-15 05:46:41', '2023-08-15 05:46:41'),
(37, 1, 'Kel.KEMASAN', '2023-08-15 05:46:41', '2023-08-15 05:46:41'),
(38, 1, 'Kel.SETONOGEDONG', '2023-08-15 05:46:41', '2023-08-15 05:46:41'),
(39, 1, 'Kel.JAGALAN', '2023-08-15 05:46:41', '2023-08-15 05:46:41'),
(40, 1, 'Kel.SETONOPANDE', '2023-08-15 05:46:41', '2023-08-15 05:46:41'),
(41, 1, 'Kel.KAMPUNGDALEM', '2023-08-15 05:46:41', '2023-08-15 05:46:41'),
(42, 1, 'Kel.RINGIN ANOM', '2023-08-15 05:46:41', '2023-08-15 05:46:41'),
(43, 1, 'Kel.PAKELAN', '2023-08-15 05:46:41', '2023-08-15 05:46:41'),
(44, 1, 'Kel.POCANAN', '2023-08-15 05:46:41', '2023-08-15 05:46:41'),
(45, 1, 'Kel.NGRONGGO 2', '2023-08-15 05:46:41', '2023-08-15 05:46:41'),
(46, 1, 'Kel.REJOMULYO', '2023-08-15 05:46:41', '2023-08-15 05:46:41'),
(47, 2, 'Kel.PESANTREN', '2023-08-15 05:46:41', '2023-08-15 05:46:41'),
(48, 1, 'Kel.REJOMULYO 2', '2023-08-15 05:46:41', '2023-08-15 05:46:41'),
(49, 1, 'Kel.REJOMULYO 3', '2023-08-15 05:46:41', '2023-08-15 05:46:41'),
(50, 2, 'Kel.JAMSAREN 2', '2023-08-15 05:46:41', '2023-08-15 05:46:41'),
(51, 2, 'Kel.TINALAN 2', '2023-08-15 05:46:41', '2023-08-15 05:46:41'),
(52, 2, 'Kel.PAKUNDEN 2', '2023-08-15 05:46:41', '2023-08-15 05:46:41'),
(53, 2, 'Kel.BANARAN 2', '2023-08-15 05:46:41', '2023-08-15 05:46:41'),
(54, 2, 'Kel.TOSAREN 2', '2023-08-15 05:46:41', '2023-08-15 05:46:41'),
(55, 2, 'Kel.BETET 2', '2023-08-15 05:46:41', '2023-08-15 05:46:41'),
(56, 2, 'Kel.BLABAK 2', '2023-08-15 05:46:41', '2023-08-15 05:46:41'),
(57, 2, 'Kel.PESANTREN 2', '2023-08-15 05:46:41', '2023-08-15 05:46:41');

-- --------------------------------------------------------

--
-- Dumping data untuk tabel `tahuns`
--

INSERT INTO `tahuns` (`id`, `tahun`, `created_at`, `updated_at`) VALUES
(1, '2019', NULL, NULL),
(2, '2020', NULL, NULL),
(3, '2021', NULL, NULL),
(4, '2022', NULL, NULL);

-- --------------------------------------------------------

--
-- Struktur dari tabel `daerahs`
--

CREATE TABLE IF NOT EXISTS `daerahs` (
  `id` bigint(20) UNSIGNED NOT NULL,
  `id_kelurahan` bigint(20) UNSIGNED NOT NULL,
  `id_kecamatan` bigint(20) UNSIGNED NOT NULL,
  `noba` varchar(255) COLLATE utf8mb4_unicode_ci DEFAULT NULL,
  `periode` varchar(255) COLLATE utf8mb4_unicode_ci DEFAULT NULL,
  `thn_sts` bigint(20) UNSIGNED DEFAULT NULL,
  `tanggal_lelang` date DEFAULT NULL,
  `created_at` timestamp NULL DEFAULT NULL,
  `updated_at` timestamp NULL DEFAULT NULL
) ENGINE=InnoDB DEFAULT CHARSET=utf8mb4 COLLATE=utf8mb4_unicode_ci;

--
-- Dumping data untuk tabel `daerahs`
--

INSERT INTO `daerahs` (`id`, `id_kelurahan`, `id_kecamatan`, `noba`, `periode`, `thn_sts`, `tanggal_lelang`, `created_at`, `updated_at`) VALUES
(1, 26, 3, '56', '1 Januari 2023 s/d 31 Desember 2024', 4, '2022-12-27', '2023-08-15 05:47:44', '2023-08-15 05:47:44'),
(2, 1, 1, '25', '22 OKTOBER 2022 S/D 21 OKTOBER 2023', 4, '2022-09-26', '2023-08-15 05:47:44', '2023-08-15 05:47:44'),
(3, 47, 2, '6', '1 NOPEMBER 2022 s.d 31 OKTOBER 2023', NULL, '2022-09-07', '2023-08-15 05:47:44', '2023-08-15 05:47:44'),
(4, 56, 2, NULL, NULL, NULL, NULL, '2023-08-15 05:47:44', '2023-08-15 05:47:44'),
(5, 3, 1, '26', '1 JANUARI 2023 S/D 31 DESEMBER 2023', 4, '2022-09-27', '2023-08-15 05:47:44', '2023-08-15 05:47:44'),
(6, 29, 3, '58', '1 Januari 2023 s/d 31 Desember 2024', 4, '2022-12-27', '2023-08-15 05:47:44', '2023-08-15 05:47:44'),
(7, 19, 2, '1', '1 NOPEMBER 2022 s.d 31 OKTOBER 2023', 4, '2022-09-05', '2023-08-15 05:47:44', '2023-08-15 05:47:44'),
(8, 14, 2, '3', '1 NOPEMBER 2022 s.d 31 OKTOBER 2023', NULL, '2022-09-06', '2023-08-15 05:47:44', '2023-08-15 05:47:44'),
(9, 9, 2, '15', '1 JANUARI 2023 s.d 31 DESEMBER 2023', NULL, '2022-09-14', '2023-08-15 05:47:44', '2023-08-15 05:47:44'),
(10, 13, 2, '10', '1 JANUARI 2023 s.d 31 DESEMBER 2023', NULL, '2022-09-12', '2023-08-15 05:47:44', '2023-08-15 05:47:44'),
(11, 20, 2, '2', '1 NOPEMBER 2022 s.d 31 OKTOBER 2023', NULL, '2022-09-05', '2023-08-15 05:47:44', '2023-08-15 05:47:44'),
(12, 12, 2, '11', '1 JANUARI 2023 s.d 31 DESEMBER 2023', NULL, '2022-09-12', '2023-08-15 05:47:44', '2023-08-15 05:47:44'),
(13, 18, 2, '12', '1 JANUARI 2023 s.d 31 DESEMBER 2023', NULL, '2022-09-13', '2023-08-15 05:47:44', '2023-08-15 05:47:44'),
(14, 16, 2, '8', '1 JANUARI 2023 s.d 31 DESEMBER 2023', NULL, '2022-09-08', '2023-08-15 05:47:44', '2023-08-15 05:47:44'),
(15, 17, 2, '7', '1 NOPEMBER 2022 s.d 31 OKTOBER 2023', NULL, '2022-09-08', '2023-08-15 05:47:44', '2023-08-15 05:47:44'),
(16, 10, 2, '13', '1 JANUARI 2023 s.d 31 DESEMBER 2023', NULL, '2022-09-13', '2023-08-15 05:47:44', '2023-08-15 05:47:44'),
(17, 8, 2, '5', '1 NOPEMBER 2022 s.d 31 OKTOBER 2023', NULL, '2022-09-07', '2023-08-15 05:47:44', '2023-08-15 05:47:44'),
(18, 15, 2, '4', '1 NOPEMBER 2022 s.d 31 OKTOBER 2023', NULL, '2022-09-06', '2023-08-15 05:47:44', '2023-08-15 05:47:44'),
(19, 11, 2, '14', '1 JANUARI 2023 s.d 31 DESEMBER 2023', NULL, '2022-09-14', '2023-08-15 05:47:44', '2023-08-15 05:47:44'),
(20, 57, 2, NULL, NULL, NULL, NULL, '2023-08-15 05:47:44', '2023-08-15 05:47:44'),
(21, 55, 2, NULL, NULL, NULL, NULL, '2023-08-15 05:47:44', '2023-08-15 05:47:44'),
(22, 51, 2, NULL, NULL, NULL, NULL, '2023-08-15 05:47:44', '2023-08-15 05:47:44'),
(23, 52, 2, NULL, NULL, NULL, NULL, '2023-08-15 05:47:44', '2023-08-15 05:47:44'),
(24, 53, 2, NULL, NULL, NULL, NULL, '2023-08-15 05:47:44', '2023-08-15 05:47:44'),
(25, 50, 2, NULL, NULL, NULL, NULL, '2023-08-15 05:47:45', '2023-08-15 05:47:45'),
(26, 21, 2, '9', '1 JANUARI 2023 s.d 31 DESEMBER 2023', NULL, '2022-09-09', '2023-08-15 05:47:45', '2023-08-15 05:47:45'),
(27, 54, 2, NULL, NULL, NULL, NULL, '2023-08-15 05:47:45', '2023-08-15 05:47:45'),
(28, 4, 1, '105', '1 JANUARI 2023 S/D 31 DESEMBER 2023', 4, '2022-10-06', '2023-08-15 05:47:45', '2023-08-15 05:47:45'),
(29, 36, 1, '20', '1 JANUARI 2023 S/D 31 DESEMBER 2023', 4, '2022-09-21', '2023-08-15 05:47:45', '2023-08-15 05:47:45'),
(30, 46, 1, '19', '1 NOVEMBER 2022 s/d 31 OKTOBER 2023', 4, '2022-09-21', '2023-08-15 05:47:45', '2023-08-15 05:47:45'),
(31, 45, 1, '26', '1 JANUARI 2023 S/D 31 DESEMBER 2023', 4, '2022-09-22', '2023-08-15 05:47:45', '2023-08-15 05:47:45'),
(32, 2, 1, '24', '1 JANUARI 2023 S/D 31 DESEMBER 2023', 4, '2022-09-26', '2023-08-15 05:47:45', '2023-08-15 05:47:45'),
(33, 5, 1, '22', '1 JANUARI 2023 S/D 31 DESEMBER 2023', 4, '2022-09-22', '2023-08-15 05:47:45', '2023-08-15 05:47:45'),
(34, 7, 1, '106', '1 JANUARI 2023 S/D 31 DESEMBER 2023', 4, '2022-10-06', '2023-08-15 05:47:45', '2023-08-15 05:47:45'),
(35, 31, 3, '59', '1 Januari 2023 s/d 31 Desember 2024', 4, '2022-12-28', '2023-08-15 05:47:45', '2023-08-15 05:47:45'),
(36, 24, 3, '57', '1 Januari 2023 s/d 31 Desember 2024', 4, '2022-12-27', '2023-08-15 05:47:45', '2023-08-15 05:47:45'),
(37, 32, 3, '44', '1 Januari 2023 s/d 31 Desember 2024', 4, '2022-12-09', '2023-08-15 05:47:45', '2023-08-15 05:47:45'),
(38, 33, 3, '45', '1 Januari 2023 s/d 31 Desember 2024', 4, '2022-12-10', '2023-08-15 05:47:45', '2023-08-15 05:47:45'),
(39, 34, 3, '54', '1 Januari 2023 s/d 31 Desember 2024', 4, '2022-12-15', '2023-08-15 05:47:45', '2023-08-15 05:47:45'),
(40, 35, 3, '53', '1 Januari 2023 s/d 31 Desember 2024', 4, '2022-12-15', '2023-08-15 05:47:45', '2023-08-15 05:47:45'),
(41, 30, 3, '48', '1 Januari 2023 s/d 31 Desember 2024', 4, '2022-12-12', '2023-08-15 05:47:45', '2023-08-15 05:47:45'),
(42, 22, 3, '43', '1 Januari 2023 s/d 31 Desember 2024', 4, '2022-12-08', '2023-08-15 05:47:45', '2023-08-15 05:47:45'),
(43, 25, 3, '52', '1 Januari 2023 s/d 31 Desember 2024', 4, '2022-12-14', '2023-08-15 05:47:45', '2023-08-15 05:47:45'),
(44, 27, 3, '51', '1 Januari 2023 s/d 31 Desember 2024', 4, '2022-12-14', '2023-08-15 05:47:45', '2023-08-15 05:47:45'),
(45, 28, 3, '42', '1 Januari 2023 s/d 31 Desember 2024', 4, '2022-12-08', '2023-08-15 05:47:45', '2023-08-15 05:47:45');

-- --------------------------------------------------------

--
-- Struktur dari tabel `daftars`
--

CREATE TABLE IF NOT EXISTS `daftars` (
  `id` bigint(20) UNSIGNED NOT NULL,
  `id_daftar` varchar(255) COLLATE utf8mb4_unicode_ci DEFAULT NULL,
  `id_kelurahan` bigint(20) UNSIGNED NOT NULL,
  `no_urut` varchar(255) COLLATE utf8mb4_unicode_ci NOT NULL,
  `nama` varchar(255) COLLATE utf8mb4_unicode_ci NOT NULL,
  `alamat` varchar(255) COLLATE utf8mb4_unicode_ci NOT NULL,
  `no_kk` varchar(255) COLLATE utf8mb4_unicode_ci NOT NULL,
  `no_wp` varchar(255) COLLATE utf8mb4_unicode_ci DEFAULT NULL,
  `tgl_perjanjian` date DEFAULT NULL,
  `created_at` timestamp NULL DEFAULT NULL,
  `updated_at` timestamp NULL DEFAULT NULL
) ENGINE=InnoDB DEFAULT CHARSET=utf8mb4 COLLATE=utf8mb4_unicode_ci;

--
-- Dumping data untuk tabel `daftars`
--

INSERT INTO `daftars` (`id`, `id_daftar`, `id_kelurahan`, `no_urut`, `nama`, `alamat`, `no_kk`, `no_wp`, `tgl_perjanjian`, `created_at`, `updated_at`) VALUES
(1, '8P1', 8, '1', 'MOCH.YASJID', 'JAMSAREN RT 039 RW 09', '3571031605060810', NULL, '2022-09-30', '2023-08-15 05:50:15', '2023-08-15 05:50:15'),
(2, '8P10', 8, '10', 'MOH.MAHRUS', 'JAMSAREN RT 08 RW 02', '3571031505063550', NULL, '2022-09-16', '2023-08-15 05:50:15', '2023-08-15 05:50:15'),
(3, '8P11', 8, '11', 'MOH.IMAM MALIK', 'JAMSAREN RT  02 RW 01', '3571031505068360', NULL, '2022-09-16', '2023-08-15 05:50:15', '2023-08-15 05:50:15'),
(4, '8P12', 8, '12', 'MUKANAN', 'JAMSAREN RT 033 RW 07', '3571031505069540', NULL, '2022-10-13', '2023-08-15 05:50:15', '2023-08-15 05:50:15'),
(5, '8P13', 8, '13', 'DENNY IVANDAYOGI SAPUTRA', 'JAMSAREN RT 033 RW 07', '3571030609160000', NULL, '2022-09-07', '2023-08-15 05:50:15', '2023-08-15 05:50:15'),
(6, '8P14', 8, '14', 'DARMANTO', 'JAMSAREN RT 034 RW 08', '3571032804070020', NULL, '2022-09-30', '2023-08-15 05:50:15', '2023-08-15 05:50:15'),
(7, '8P15', 8, '15', 'MUHAMMAD QUSYAIRI', 'JAMSAREN RT 031 RW 07', '3571032704070110', NULL, '2022-09-30', '2023-08-15 05:50:15', '2023-08-15 05:50:15'),
(8, '8P16', 8, '16', 'JAINURI', 'JAMSAREN RT 031 RW 07', '12345', NULL, '2022-10-13', '2023-08-15 05:50:15', '2023-08-15 05:50:15'),
(9, '8P17', 8, '17', 'DJUMA`IN SUNANDAR', 'JAMSAREN RT 028 RW 06', '3571031605061950', NULL, '2022-10-13', '2023-08-15 05:50:15', '2023-08-15 05:50:15'),
(10, '8P18', 8, '18', 'CHOIRUN ANAS', 'JAMSAREN RT 033 RW 07', '3571032410080000', NULL, '2022-10-13', '2023-08-15 05:50:15', '2023-08-15 05:50:15'),
(11, '8P19', 8, '19', 'DJUKI', 'JAMSAREN', '1234', NULL, '2022-10-13', '2023-08-15 05:50:15', '2023-08-15 05:50:15'),
(12, '8P2', 8, '2', 'ROHADI', 'JAMSAREN RT039 RW 09', '3571031605060810', NULL, '2022-09-30', '2023-08-15 05:50:15', '2023-08-15 05:50:15'),
(13, '8P20', 8, '20', 'EDY SUPRAYITNO', 'JAMSATREN RT 032 RW 07', '3571031605060750', NULL, '2022-10-13', '2023-08-15 05:50:15', '2023-08-15 05:50:15'),
(14, '8P3', 8, '3', 'SUGITO', 'JAMSAREN RT 039 RW 09', '3571031605060810', NULL, '2022-09-30', '2023-08-15 05:50:15', '2023-08-15 05:50:15'),
(15, '8P4', 8, '4', 'MUJIB', 'JAMSAREN RT 029 RW 06', '3571031605061950', NULL, '2022-10-13', '2023-08-15 05:50:15', '2023-08-15 05:50:15'),
(16, '8P5', 8, '5', 'HERI SURYANTO', 'JAMSAREN RT 035 RW 08', '3571031102170000', NULL, '2022-09-07', '2023-08-15 05:50:15', '2023-08-15 05:50:15'),
(17, '8P6', 8, '6', 'SUPINGI', 'JAMSAREN RT 022 RW 05', '3571032704070070', NULL, '2022-09-30', '2023-08-15 05:50:15', '2023-08-15 05:50:15'),
(18, '8P7', 8, '7', 'ABDUL WAHAB', 'JAMSAREN RT 033 RW 07', '3571031505069520', NULL, '2022-09-30', '2023-08-15 05:50:15', '2023-08-15 05:50:15'),
(19, '8P8', 8, '8', 'ZAENAL ANSORI', 'JAMSAREN RT 033 RW 07', '3571031403170000', NULL, '2022-09-30', '2023-08-15 05:50:15', '2023-08-15 05:50:15'),
(20, '8P9', 8, '9', 'M. ZAINUDDIN DIMYATHI', 'JAMSAREN RT 02 RW 01', '3571031505068360', NULL, '2022-09-16', '2023-08-15 05:50:15', '2023-08-15 05:50:15'),
(21, '9P1', 9, '1', 'SLAMET ROCHANI', 'Lingkungan, Grogol RT: 40  RW: 09', '3571030405070020', NULL, NULL, '2023-08-15 05:50:15', '2023-08-15 05:50:15'),
(22, '9P10', 9, '10', 'BAMBANG BASUKI', 'Lingkungan Grogol RT: 41 RW: 09', '3571031605063090', NULL, '2022-09-28', '2023-08-15 05:50:15', '2023-08-15 05:50:15'),
(23, '9P11', 9, '11', 'SUTRISNO', 'Lingkungan Grogol RT: 40 RW: 09', '3571031605063100', NULL, '2022-09-29', '2023-08-15 05:50:15', '2023-08-15 05:50:15'),
(24, '9P12', 9, '12', 'SUJALI', 'Lingkungan Grogol RT: 40 RW: 09', '3571030108130000', NULL, NULL, '2023-08-15 05:50:15', '2023-08-15 05:50:15'),
(25, '9P13', 9, '13', 'SUYANTO', 'Lingkungan Grogol RT: 38 RW: 08', '3571032304070110', NULL, '2022-09-28', '2023-08-15 05:50:15', '2023-08-15 05:50:15'),
(26, '9P14', 9, '14', 'SOLIKIN', 'Lingkungan Grogol RT: 41 RW: 09', '3571031405060440', NULL, NULL, '2023-08-15 05:50:15', '2023-08-15 05:50:15'),
(27, '9P15', 9, '15', 'MUSTARI', 'Lingkungan Grogol RT: 41 RW: 09', '3571031605063090', NULL, NULL, '2023-08-15 05:50:15', '2023-08-15 05:50:15'),
(28, '9P16', 9, '16', 'SUJOKO', 'Lingkungan Grogol RT: 39 RW: 08', '3571030405070000', NULL, '2022-09-28', '2023-08-15 05:50:15', '2023-08-15 05:50:15'),
(29, '9P17', 9, '17', 'BUNTOYO', 'Lingkungan Grogol RT: 38 RW: 08', '3571031605061910', NULL, '2022-09-29', '2023-08-15 05:50:15', '2023-08-15 05:50:15'),
(30, '9P18', 9, '18', 'SUPRIADI', 'Lingkungan Grogol RT: 40 RW: 09', '3571032502130010', NULL, NULL, '2023-08-15 05:50:15', '2023-08-15 05:50:15'),
(31, '9P19', 9, '19', 'MOH. SOLICHIN', 'Lingkungan Grogol RT: 39 RW: 08', '3571030405070130', NULL, NULL, '2023-08-15 05:50:15', '2023-08-15 05:50:15'),
(32, '9P2', 9, '2', 'SAMSU HADI', 'Lingkungan, Grogol RT: 39  RW: 08', '3571031605063150', NULL, '2022-09-29', '2023-08-15 05:50:15', '2023-08-15 05:50:15'),
(33, '9P20', 9, '20', 'SUNARJI', 'Perum Permata Hujau R-7 RT: 43 RW: 10', '3571031605066460', NULL, '2022-09-28', '2023-08-15 05:50:15', '2023-08-15 05:50:15'),
(34, '9P21', 9, '21', 'SUPARMAN', 'Lingkungan Grogol RT: 38 RW: 08', '3571031605063050', NULL, '2022-09-28', '2023-08-15 05:50:15', '2023-08-15 05:50:15'),
(35, '9P22', 9, '22', 'WALOYO', 'Lingkungan Grogol RT: 38 RW: 08', '3571032304070130', NULL, NULL, '2023-08-15 05:50:15', '2023-08-15 05:50:15'),
(36, '9P23', 9, '23', 'SAMSURI', 'Lingkungan Grogol RT: 38 RW: 09', '3571031605061910', NULL, NULL, '2023-08-15 05:50:15', '2023-08-15 05:50:15'),
(37, '9P24', 9, '24', 'SUNARJO', 'Lingkungan Grogol RT: 39 RW: 08', '3571031605063150', NULL, '2022-09-28', '2023-08-15 05:50:15', '2023-08-15 05:50:15'),
(38, '9P25', 9, '25', 'PARSIT SANTOSA', 'Jl. Kapten Tendean No. 42 RT: 38 RW: 08', '3571032304070130', NULL, NULL, '2023-08-15 05:50:15', '2023-08-15 05:50:15'),
(39, '9P26', 9, '26', 'MOH. KHOIRUL ANAM', 'Lingkungan Grogol RT: 41 RW: 09', '3571030704090000', NULL, '2022-09-28', '2023-08-15 05:50:15', '2023-08-15 05:50:15'),
(40, '9P3', 9, '3', 'BONADI', 'Lingkungan, Grogol RT: 40 RW: 09 ', '3571030405070010', NULL, '2022-09-29', '2023-08-15 05:50:15', '2023-08-15 05:50:15'),
(41, '9P4', 9, '4', 'SUROSO', 'Lingkungan Grogol RT: 41  RW: 09', '3571031508070000', NULL, NULL, '2023-08-15 05:50:15', '2023-08-15 05:50:15'),
(42, '9P5', 9, '5', 'SUPIYAN', 'Lingkungan Grogol RT: 38 RW: 08', '3571031605061920', NULL, NULL, '2023-08-15 05:50:15', '2023-08-15 05:50:15'),
(43, '9P6', 9, '6', 'NANGIN', 'Lingkungan Grogol RT: 39 RW: 08', '3571031605063150', NULL, NULL, '2023-08-15 05:50:15', '2023-08-15 05:50:15'),
(44, '9P7', 9, '7', 'RUDYONO', 'Lingkungan Grogol RT: 41 RW: 09', '3571030801100000', NULL, '2022-09-28', '2023-08-15 05:50:15', '2023-08-15 05:50:15'),
(45, '9P8', 9, '8', 'AGUNG PRASETYO', 'Lingkungan Grogol RT: 38 RW: 08', '3571031707170010', NULL, '2022-09-28', '2023-08-15 05:50:15', '2023-08-15 05:50:15'),
(46, '9P9', 9, '9', 'SUSANTO', 'Lingkungan Grogol RT: 41 RW: 09', '3571030505090000', NULL, NULL, '2023-08-15 05:50:15', '2023-08-15 05:50:15'),
(47, '10P1', 10, '1', 'ERVIN BAPTIAS PRATAMA', 'TINALAN RT 01 RW 10', '3571030411170000', NULL, '2022-09-16', '2023-08-15 05:50:15', '2023-08-15 05:50:15'),
(48, '10P10', 10, '10', 'WARKIDI', 'TINALAN RT 01 RW 09', '3571031405060290', NULL, '2022-09-16', '2023-08-15 05:50:15', '2023-08-15 05:50:15'),
(49, '10P11', 10, '11', 'ARIF BAGUS  SAPUTRO', 'TINALAN RT 02 RW 10', '3571030408-090002', NULL, '2022-09-14', '2023-08-15 05:50:15', '2023-08-15 05:50:15'),
(50, '10P12', 10, '12', 'RUSDIANTO', 'TINALAN RT 01 RW 09', '4041', NULL, '2022-09-16', '2023-08-15 05:50:15', '2023-08-15 05:50:15'),
(51, '10P13', 10, '13', 'SUGIANTO', 'TINALAN RT 01 VRW 010', '3571032908160010', NULL, NULL, '2023-08-15 05:50:15', '2023-08-15 05:50:15'),
(52, '10P14', 10, '14', 'WAKIDI', 'TINALAN RT 02 RW 10', '3571031405060270', NULL, '2022-09-22', '2023-08-15 05:50:15', '2023-08-15 05:50:15'),
(53, '10P15', 10, '15', 'NURUL HUDA', 'TINALAN RT 01 RW 09', '3571030107080000', NULL, '2022-09-16', '2023-08-15 05:50:15', '2023-08-15 05:50:15'),
(54, '10P16', 10, '16', 'MUJION0', 'TINALAN RT 01 RW 09', '3571031405060290', NULL, '2022-09-16', '2023-08-15 05:50:15', '2023-08-15 05:50:15'),
(55, '10P17', 10, '17', 'SUKATENI', 'TINALAN RT 01 RW 09', '3571031405060280', NULL, NULL, '2023-08-15 05:50:15', '2023-08-15 05:50:15'),
(56, '10P18', 10, '18', 'MOH NI`AMUDIN', 'TINALAN RT 02 RW 07', '3571033003120000', NULL, NULL, '2023-08-15 05:50:15', '2023-08-15 05:50:15'),
(57, '10P19', 10, '19', 'SITI KHOIRIYAH', 'TINALAN RT 02 RW 07', '3571031404070040', NULL, '2022-09-21', '2023-08-15 05:50:15', '2023-08-15 05:50:15'),
(58, '10P2', 10, '2', 'SRIATI`AH', 'TINALAN RT 01 FRW 10', '3571031405060260', NULL, '2022-09-16', '2023-08-15 05:50:15', '2023-08-15 05:50:15'),
(59, '10P20', 10, '20', 'VERGIAWAN PRASTYO', 'TIALAN RT 01 RW 010', '3571030902160000', NULL, '2022-09-14', '2023-08-15 05:50:15', '2023-08-15 05:50:15'),
(60, '10P21', 10, '21', 'SUJI PURWANTO', 'TINALAN RT 01 RW 10', '3571033107120000', NULL, '2022-09-14', '2023-08-15 05:50:15', '2023-08-15 05:50:15'),
(61, '10P22', 10, '22', 'SAKRONI', 'TINALAN RT 01 RW 10', '3571030507110000', NULL, NULL, '2023-08-15 05:50:15', '2023-08-15 05:50:15'),
(62, '10P23', 10, '23', 'ASTUTIK', 'TINALAN RT 01 RW 10', '3571032709070000', NULL, NULL, '2023-08-15 05:50:16', '2023-08-15 05:50:16'),
(63, '10P24', 10, '24', 'AGUS SUCIPTO', 'TINALAN RT 01 RW 10', '3571030302140010', NULL, '2022-09-14', '2023-08-15 05:50:16', '2023-08-15 05:50:16'),
(64, '10P25', 10, '25', 'IWAN PRASETYO', 'TINALAN RT  02 RW 10', '3471032709130000', NULL, NULL, '2023-08-15 05:50:16', '2023-08-15 05:50:16'),
(65, '10P26', 10, '26', 'KABUL', 'TINALAN RT 01 RW 09', '3571031605066320', NULL, '2022-09-16', '2023-08-15 05:50:16', '2023-08-15 05:50:16'),
(66, '10P3', 10, '3', 'SABARODIN', 'TINALAN RT 01 RW 10', '3571030505070040', NULL, NULL, '2023-08-15 05:50:16', '2023-08-15 05:50:16'),
(67, '10P4', 10, '4', 'SAHLAN', 'TINALAN RT 01 RW 10', '3571030505070030', NULL, '2022-09-16', '2023-08-15 05:50:16', '2023-08-15 05:50:16'),
(68, '10P5', 10, '5', 'SAMSUL ARIFIN', 'TINALAN RT 02 RW 10', '3571032506080020', NULL, NULL, '2023-08-15 05:50:16', '2023-08-15 05:50:16'),
(69, '10P6', 10, '6', 'SUMANTRI', 'TINALAN RT 02 RW 10', '3571031405061320', NULL, '2022-09-16', '2023-08-15 05:50:16', '2023-08-15 05:50:16'),
(70, '10P7', 10, '7', 'SITI ANIHAMAH', 'TINALAN RT 01 RW 09', '3571031204110000', NULL, '2022-09-16', '2023-08-15 05:50:16', '2023-08-15 05:50:16'),
(71, '10P8', 10, '8', 'GIYANTO', 'TINALAN RT 01 RW 10', '3571030505070030', NULL, NULL, '2023-08-15 05:50:16', '2023-08-15 05:50:16'),
(72, '10P9', 10, '9', 'PAINO', 'TINALAN RT 01 RW 10', '3571030405070080', NULL, '2022-09-16', '2023-08-15 05:50:16', '2023-08-15 05:50:16'),
(73, '11P1', 11, '1', 'SUNARKO', 'RT 30 RW 06', '3571030406100000', NULL, '2022-09-28', '2023-08-15 05:50:16', '2023-08-15 05:50:16'),
(74, '11P10', 11, '10', 'SURONO', 'RT 20 RW 04', '3571031505060880', NULL, '2022-09-28', '2023-08-15 05:50:16', '2023-08-15 05:50:16'),
(75, '11P11', 11, '11', 'SUMAJI', 'RT 27 RW 05', '3571031605062950', NULL, '2022-09-28', '2023-08-15 05:50:16', '2023-08-15 05:50:16'),
(76, '11P12', 11, '12', 'SUHARTO', 'RT 24 RW 05', '3571031505068170', NULL, '2022-09-28', '2023-08-15 05:50:16', '2023-08-15 05:50:16'),
(77, '11P13', 11, '13', 'MUDJIANTO', 'RT 12 RW 03', '3571032910080000', NULL, '2022-09-28', '2023-08-15 05:50:16', '2023-08-15 05:50:16'),
(78, '11P2', 11, '2', 'AGUS HERI SISWANTO', 'RT 33 RW 06', '3571033006090000', NULL, '2022-09-28', '2023-08-15 05:50:16', '2023-08-15 05:50:16'),
(79, '11P3', 11, '3', 'IRIK WIBOWO', 'RT 24 RW 05', '3571030206090010', NULL, '2022-09-28', '2023-08-15 05:50:16', '2023-08-15 05:50:16'),
(80, '11P4', 11, '4', 'EKO PURWOKO', 'RT 33 RW 06', '3571032604070270', NULL, '2022-09-28', '2023-08-15 05:50:16', '2023-08-15 05:50:16'),
(81, '11P5', 11, '5', 'DAWUD', 'RT 26 RW 05', '3571031311080000', NULL, '2022-09-28', '2023-08-15 05:50:16', '2023-08-15 05:50:16'),
(82, '11P6', 11, '6', 'WAHYU ROMADHI', 'RT 30 RW 06', '3571032404180010', NULL, '2022-09-28', '2023-08-15 05:50:16', '2023-08-15 05:50:16'),
(83, '11P7', 11, '7', 'SUWITO', 'RT 26 RW 05', '3571032604070280', NULL, '2022-09-28', '2023-08-15 05:50:16', '2023-08-15 05:50:16'),
(84, '11P8', 11, '8', 'YUSMADJI', 'RT 37 RW 07', '3571030205070080', NULL, '2022-09-28', '2023-08-15 05:50:16', '2023-08-15 05:50:16'),
(85, '11P9', 11, '9', 'ACHMAD SUBUR', 'RT 17 RW 04', '3571032604070230', NULL, '2022-09-30', '2023-08-15 05:50:16', '2023-08-15 05:50:16'),
(86, '12P1', 12, '1', 'MURTOMO', 'RT 03 RW 03', '3571031509080010', NULL, '2022-09-23', '2023-08-15 05:50:16', '2023-08-15 05:50:16'),
(87, '12P10', 12, '10', 'DWI SUJATMIKA', 'RT 02 RW 08', '3571031204070200', NULL, '2022-09-22', '2023-08-15 05:50:16', '2023-08-15 05:50:16'),
(88, '12P11', 12, '11', 'DJUMADI', 'RT 03 RW 12', '3571032404070330', NULL, '2022-09-21', '2023-08-15 05:50:16', '2023-08-15 05:50:16'),
(89, '12P12', 12, '12', 'SUTRISNO', 'RT 02 RW 06', '3571032006130000', NULL, '2022-09-23', '2023-08-15 05:50:16', '2023-08-15 05:50:16'),
(90, '12P2', 12, '2', 'SUHARYANTO, SE', 'RT 01 RW 03', '3571032607100000', NULL, '2022-09-23', '2023-08-15 05:50:16', '2023-08-15 05:50:16'),
(91, '12P3', 12, '3', 'DIDIK WAHYONO', 'RT 06 RW 11', '3571032404070370', NULL, '2022-09-21', '2023-08-15 05:50:16', '2023-08-15 05:50:16'),
(92, '12P4', 12, '4', 'TUMIDJAN', 'RT 04 RW 04', '3571031505069140', NULL, '2022-09-21', '2023-08-15 05:50:16', '2023-08-15 05:50:16'),
(93, '12P5', 12, '5', 'SURONO', 'RT 01 RW 12', '3571032504070010', NULL, '2022-09-21', '2023-08-15 05:50:16', '2023-08-15 05:50:16'),
(94, '12P6', 12, '6', 'AGUS PUJI SLAMET', 'RT 02 RW 11', '3571032411090000', NULL, '2022-09-21', '2023-08-15 05:50:16', '2023-08-15 05:50:16'),
(95, '12P7', 12, '7', 'KARIYATI', 'RT 01 RW 12', '3571032404070360', NULL, '2022-09-21', '2023-08-15 05:50:16', '2023-08-15 05:50:16'),
(96, '12P8', 12, '8', 'MOCH PAMUDJI', 'RT 01 RW 12', '3571032404070350', NULL, '2022-09-21', '2023-08-15 05:50:16', '2023-08-15 05:50:16'),
(97, '12P9', 12, '9', 'MOCH TAUFIK', 'RT 03 RW 11', '3571032404070450', NULL, '2022-09-22', '2023-08-15 05:50:16', '2023-08-15 05:50:16'),
(98, '13P1', 13, '1', 'MOHAMAD SOEPRIYONO', 'Bangsal RT 07 RW 01 ', '3571032311170000', NULL, '2022-09-15', '2023-08-15 05:50:16', '2023-08-15 05:50:16'),
(99, '13P10', 13, '10', 'ARIF SETYAWAN', 'Bangsal RT 08 RW 02', '3571030305070060', NULL, '2022-09-15', '2023-08-15 05:50:16', '2023-08-15 05:50:16'),
(100, '13P11', 13, '11', 'RENDRA RISTIYANTO', 'Bangsal RT 05 RW 02', '3571030811100000', NULL, '2022-09-23', '2023-08-15 05:50:16', '2023-08-15 05:50:16'),
(101, '13P12', 13, '12', 'SRI WAHYUNINGTYAS', 'Bangsal RT 05 RW 02', '3571030806090020', NULL, '2022-09-20', '2023-08-15 05:50:16', '2023-08-15 05:50:16'),
(102, '13P13', 13, '13', 'DIDIK SETYOKO', 'Bangsal RT 07 RW 02', '3571031804080000', NULL, '2022-09-19', '2023-08-15 05:50:16', '2023-08-15 05:50:16'),
(103, '13P14', 13, '14', 'ENDAH SUWARNI', 'Bangsal RT 04 RW 03', '3571030305070360', NULL, '2022-09-26', '2023-08-15 05:50:16', '2023-08-15 05:50:16'),
(104, '13P2', 13, '2', 'MU\'ADI HARIYONO', 'Bangsal RT 01 RW 02', '3571031605067160', NULL, '2022-09-19', '2023-08-15 05:50:16', '2023-08-15 05:50:16'),
(105, '13P3', 13, '3', 'LILIK SUPRAPTI', 'Bangsal RT 05 RW 02', '3571031701120010', NULL, '2022-09-15', '2023-08-15 05:50:16', '2023-08-15 05:50:16'),
(106, '13P4', 13, '4', 'SURIPTO', 'Bangsal RT 01 RW 05', '3571031505061820', NULL, '2022-09-19', '2023-08-15 05:50:16', '2023-08-15 05:50:16'),
(107, '13P5', 13, '5', 'SUTRISNO', 'Bangsal RT 04 RW 05', '3571031505061840', NULL, '2022-09-19', '2023-08-15 05:50:16', '2023-08-15 05:50:16'),
(108, '13P6', 13, '6', 'SOEYOTO', 'Bangsal RT 02 RW 04', '3571031311070000', NULL, NULL, '2023-08-15 05:50:16', '2023-08-15 05:50:16'),
(109, '13P7', 13, '7', 'TOYYIBUN', 'Bangsal RT 01 RW 02', '3571031605067160', NULL, '2022-09-23', '2023-08-15 05:50:16', '2023-08-15 05:50:16'),
(110, '13P8', 13, '8', 'SUGIONO', 'Bangsal RT 05 RW 02', '3571031405061130', NULL, '2022-09-15', '2023-08-15 05:50:16', '2023-08-15 05:50:16'),
(111, '13P9', 13, '9', 'H. KUSNAN NADHORI', 'Bangsal RT 06 RW 02', '3571031605063870', NULL, '2022-09-21', '2023-08-15 05:50:16', '2023-08-15 05:50:16'),
(112, '14P1', 14, '1', 'GURITNO', 'BANARAN RT 16 RW 06', '3571031405060860', NULL, '2022-09-14', '2023-08-15 05:50:16', '2023-08-15 05:50:16'),
(113, '14P10', 14, '10', 'KADAM', 'BANARAN RT 018 RW 07', '3571031605066900', NULL, NULL, '2023-08-15 05:50:16', '2023-08-15 05:50:16'),
(114, '14P11', 14, '11', 'IMAM SAFII', 'BANARAN RT 017 RW 06', '3571031505060300', NULL, '2022-09-14', '2023-08-15 05:50:16', '2023-08-15 05:50:16'),
(115, '14P12', 14, '12', 'SUMADJI', 'BANARAN RT 016 RW 06', '3.5711081405061E+16', NULL, '2022-09-19', '2023-08-15 05:50:16', '2023-08-15 05:50:16'),
(116, '14P13', 14, '13', 'SOLEH', 'BANARAN RT 01 RW 01', '3571032808090000', NULL, '2022-09-19', '2023-08-15 05:50:16', '2023-08-15 05:50:16'),
(117, '14P14', 14, '14', 'NURKAJIN', 'BANARAN RT 06 RW 02', '3571031505063890', NULL, '2022-09-20', '2023-08-15 05:50:16', '2023-08-15 05:50:16'),
(118, '14P15', 14, '15', 'YULIANTO', 'BANARAN RT 022 RW 08', '3571030501120010', NULL, '2022-09-14', '2023-08-15 05:50:16', '2023-08-15 05:50:16'),
(119, '14P16', 14, '16', 'HERI ARIFUDIN', 'BANARAN RT 017 RW 06', '3571032404080010', NULL, '2022-09-12', '2023-08-15 05:50:16', '2023-08-15 05:50:16'),
(120, '14P17', 14, '17', 'WAKIRAN', 'BANARAN RT 021 RW 08', '3571031505061530', NULL, '2022-09-12', '2023-08-15 05:50:16', '2023-08-15 05:50:16'),
(121, '14P2', 14, '2', 'HARIYONO', 'BANARAN RT 04 RW 02', '3571031505063940', NULL, '2022-09-20', '2023-08-15 05:50:16', '2023-08-15 05:50:16'),
(122, '14P3', 14, '3', 'BAYU YOGIE HARISTAJAYA', 'BANARAN RT 04 RW 02', '3571032409080000', NULL, '2022-09-19', '2023-08-15 05:50:16', '2023-08-15 05:50:16'),
(123, '14P4', 14, '4', 'MOKHAMMAD ANNAS ANSORI', 'BANARAN RT 02 RW 01', '3571031703080010', NULL, '2022-09-27', '2023-08-15 05:50:16', '2023-08-15 05:50:16'),
(124, '14P5', 14, '5', 'SUBUR', 'BANARAN RT 021 RW 08', '3571031505061450', NULL, '2022-09-19', '2023-08-15 05:50:16', '2023-08-15 05:50:16'),
(125, '14P6', 14, '6', 'PUJIONO', 'BANARAN RT 021 RW 08', '3571031505061440', NULL, '2022-09-19', '2023-08-15 05:50:16', '2023-08-15 05:50:16'),
(126, '14P7', 14, '7', 'DJUMANI', 'BANARAN RT 021 RW 08', '3571031505060310', NULL, '2022-09-19', '2023-08-15 05:50:16', '2023-08-15 05:50:16'),
(127, '14P8', 14, '8', 'KHADARYANTO', 'BANARAN RT 04 RW 02', '3571031505063890', NULL, '2022-09-12', '2023-08-15 05:50:16', '2023-08-15 05:50:16'),
(128, '14P9', 14, '9', 'IMAM AFANDI', 'BANARAN RT 018 RW 07', '3571031605066900', NULL, '2022-09-20', '2023-08-15 05:50:16', '2023-08-15 05:50:16'),
(129, '1P10', 1, '10', 'GANANG SUHADI', 'JL. Dandangan I No 114 RT 02 RW 09', '3571021305062000', NULL, '2022-10-10', '2023-08-15 05:50:16', '2023-08-15 05:50:16'),
(130, '1P11', 1, '11', 'KHAMDAN KHOIRO', 'Jl. Sersan KKO Harun No 23/109 RT 03 RW 11', '3571021012080030', NULL, '2022-10-10', '2023-08-15 05:50:16', '2023-08-15 05:50:16'),
(131, '1P12', 1, '12', 'MARKABAN', 'Jl. Sersan KKO Harun 7-B RT 03 RW 10', '3571022301080020', NULL, NULL, '2023-08-15 05:50:16', '2023-08-15 05:50:16'),
(132, '1P13', 1, '13', 'MOCH ISMAIL', 'Jl. Sersan KKO Harun 7-B RT 03 RW 10', '3571022502200000', NULL, '2022-10-10', '2023-08-15 05:50:16', '2023-08-15 05:50:16'),
(133, '1P14', 1, '14', 'MOHAMAD RIFA\'I', 'Jl. Sersan KKO Harun 119 RT 03 RW 11', '3571020710210010', NULL, '2022-10-10', '2023-08-15 05:50:16', '2023-08-15 05:50:16'),
(134, '1P15', 1, '15', 'MUSTAFA UMARELLA', 'Jl. Dandangan I No. 114 RT 02 RW 09', '3571021205080010', NULL, NULL, '2023-08-15 05:50:16', '2023-08-15 05:50:16'),
(135, '1P16', 1, '16', 'SADIMAN', 'Jl. Dandangan I / No. 114 RT 02 RW 09', '3571021305061990', NULL, NULL, '2023-08-15 05:50:16', '2023-08-15 05:50:16'),
(136, '1P17', 1, '17', 'SUMARNO', 'Jl. Dandangan GG II No 16 RT 01 RW 07', '3571021205070110', NULL, NULL, '2023-08-15 05:50:16', '2023-08-15 05:50:16'),
(137, '1P18', 1, '18', 'SUTRISNO', 'Jl. Dandangan II / No. 123 RT 04 RW 06', '3571020501100000', NULL, '2022-10-10', '2023-08-15 05:50:16', '2023-08-15 05:50:16'),
(138, '1P19', 1, '19', 'M JUNI', 'Jl. Sersan KKO Harun 135 RT 03 RW 11', '3571021305064290', NULL, '2022-10-10', '2023-08-15 05:50:16', '2023-08-15 05:50:16'),
(139, '1P22', 1, '22', 'MOCHAMAD ALI MUSTOFA', 'Jl. Sersan KKO Harun 7-B RT 03 RW 10', '3571021305063180', NULL, '2022-10-10', '2023-08-15 05:50:16', '2023-08-15 05:50:16'),
(140, '1P3', 1, '3', 'BIBIT HANDOKO', 'JL. Dandangan I No 120 RT 002/ RW 009', '3571021109080020', NULL, '2022-10-10', '2023-08-15 05:50:16', '2023-08-15 05:50:16'),
(141, '1P4', 1, '4', 'SUWARDI', 'JL. Singosari No 22 RT 002 RW 009', '3571021305060820', NULL, '2022-10-10', '2023-08-15 05:50:16', '2023-08-15 05:50:16'),
(142, '1P5', 1, '5', 'TUKIMIN', 'JL. Dandangan I No 21 RT 001 RW 008', '3571021405069000', NULL, '2022-10-10', '2023-08-15 05:50:16', '2023-08-15 05:50:16'),
(143, '1P6', 1, '6', 'YOSEPH LUTUNGAN', 'JL. Singosari No 9 RT 04 RW 09', '3571021405066640', NULL, '2022-10-10', '2023-08-15 05:50:16', '2023-08-15 05:50:16'),
(144, '1P7', 1, '7', 'SUMARI', 'Jl. Dandangan Gg II/123 RT 04 RW 06', '3571021305064300', NULL, '2022-10-10', '2023-08-15 05:50:16', '2023-08-15 05:50:16'),
(145, '1P8', 1, '8', 'AGUS WIDODO', 'Jl. Dandangan I No. 116 RT 02 Rw 09', '3571021104130000', NULL, '2022-10-10', '2023-08-15 05:50:16', '2023-08-15 05:50:16'),
(146, '1P9', 1, '9', 'DJUREMI', 'Dandangan RT 02 RW 09 ', '3571022405180010', NULL, NULL, '2023-08-15 05:50:16', '2023-08-15 05:50:16'),
(147, '15P1', 15, '1', 'PUJIONO', 'TOSAREN RT 036 RW 013', '3571031605065720', NULL, '2022-09-19', '2023-08-15 05:50:16', '2023-08-15 05:50:16'),
(148, '15P10', 15, '10', 'ROKIM', 'TOSAREN RT 036 RW 013', '3571031605065700', NULL, '2022-09-19', '2023-08-15 05:50:16', '2023-08-15 05:50:16'),
(149, '15P11', 15, '11', 'SANTO', 'TOSAREN RT 038 RW 014', '3571031605065740', NULL, '2022-09-19', '2023-08-15 05:50:16', '2023-08-15 05:50:16'),
(150, '15P12', 15, '12', 'MOHAMMAD NAIM MUSAFIK', 'TOSAREN RT 038 RW 014', '3571031605064600', NULL, '2022-09-19', '2023-08-15 05:50:16', '2023-08-15 05:50:16'),
(151, '15P13', 15, '13', 'MOHAMMAD ARIFIN', 'TOSAREN RT 011 RW 004', '3571031205100000', NULL, '2022-09-19', '2023-08-15 05:50:16', '2023-08-15 05:50:16'),
(152, '15P14', 15, '14', 'SUJITNO', 'TOSAREN RT 011 FRW 04', '3571031505067440', NULL, '2022-09-19', '2023-08-15 05:50:16', '2023-08-15 05:50:16'),
(153, '15P15', 15, '15', 'KANDEG', 'TOSAREN RT 023 RW 08', '3571031605063540', NULL, '2022-09-19', '2023-08-15 05:50:16', '2023-08-15 05:50:16'),
(154, '15P16', 15, '16', 'MARMAN', 'TOSAREN  RT 030 RW 011', '3571031505061420', NULL, '2022-09-19', '2023-08-15 05:50:16', '2023-08-15 05:50:16'),
(155, '15P17', 15, '17', 'MUJITO', 'TOSAREN  RT 019 RW 07', '3571031605061090', NULL, '2022-09-19', '2023-08-15 05:50:16', '2023-08-15 05:50:16'),
(156, '15P18', 15, '18', 'BASUKI RAHMAT', 'TOSAREN RT 01 RW 01', '3571030412150000', NULL, '2022-09-20', '2023-08-15 05:50:16', '2023-08-15 05:50:16'),
(157, '15P19', 15, '19', 'YOHAN PRAMUDA ARIEFIANTO', 'TOSAREN RT 09 RW 03', '3571031704070250', NULL, '2022-09-16', '2023-08-15 05:50:16', '2023-08-15 05:50:16'),
(158, '15P2', 15, '2', 'TAUFIQ INDRA KUSUMA', 'TOSAREN RT 039 RW 014', '3571032711100000', NULL, '2022-09-16', '2023-08-15 05:50:16', '2023-08-15 05:50:16'),
(159, '15P20', 15, '20', 'HARI SUBIANTO', 'TOSAREN RT 017 RW 06', '3571031505069950', NULL, '2022-09-19', '2023-08-15 05:50:16', '2023-08-15 05:50:16'),
(160, '15P21', 15, '21', 'SAHUDI', 'TOSAREN RT 011 RW 04', '3571031704070230', NULL, NULL, '2023-08-15 05:50:16', '2023-08-15 05:50:16'),
(161, '15P22', 15, '22', 'SUGITO', 'TOSAREN RT 06 RW 02', '3571031505068720', NULL, '2022-09-19', '2023-08-15 05:50:16', '2023-08-15 05:50:16'),
(162, '15P23', 15, '23', 'H.MUHAMMAD YASIN', 'TOSAREN RT 017 RW 06', '3571031605062300', NULL, '2022-09-19', '2023-08-15 05:50:16', '2023-08-15 05:50:16'),
(163, '15P24', 15, '24', 'QOISUL FAUZI GUTAMA', 'TOSAREN RT 07 RW 03', '3571030708180000', NULL, '2022-09-20', '2023-08-15 05:50:16', '2023-08-15 05:50:16'),
(164, '15P3', 15, '3', 'SUHARNO', 'TOSAREN RT 037 RW 013', '3571031605065740', NULL, '2022-09-19', '2023-08-15 05:50:16', '2023-08-15 05:50:16'),
(165, '15P4', 15, '4', 'MOH.SYAIFIN NUHA', 'TOSAREN RT 036 RW 013', '3571031911180000', NULL, '2022-09-19', '2023-08-15 05:50:16', '2023-08-15 05:50:16'),
(166, '15P5', 15, '5', 'SUNARTA', 'TOSAREN RT 036 RRW 013', '3571032004070010', NULL, '2022-09-19', '2023-08-15 05:50:16', '2023-08-15 05:50:16'),
(167, '15P6', 15, '6', 'BENY KRISTIAWAN', 'TOSAREN RT 036 RW 013', '3571030507100000', NULL, '2022-09-19', '2023-08-15 05:50:16', '2023-08-15 05:50:16'),
(168, '15P7', 15, '7', 'TEGUH WIBOWO', 'TOSAREN RT 039 RW 014', '3571031811100000', NULL, '2022-09-16', '2023-08-15 05:50:16', '2023-08-15 05:50:16'),
(169, '15P8', 15, '8', 'ARIF SANTOSO', 'TOSAREN RT 036 RW 013', '3571032408090010', NULL, '2022-09-19', '2023-08-15 05:50:16', '2023-08-15 05:50:16'),
(170, '15P9', 15, '9', 'BUDI SETIAWAN', 'TOSAREN RT 039 RW 014', '3571031210110000', NULL, '2022-09-16', '2023-08-15 05:50:16', '2023-08-15 05:50:16'),
(171, '16P1', 16, '1', 'MUDJITA', 'RT 04 RW 04', '3571031505066500', NULL, '2022-09-22', '2023-08-15 05:50:16', '2023-08-15 05:50:16'),
(172, '16P10', 16, '10', 'PAELAN', 'RT 02 RW 02', '3571031605060100', NULL, '2022-09-21', '2023-08-15 05:50:16', '2023-08-15 05:50:16'),
(173, '16P11', 16, '11', 'KAMIRIN', 'RT 03 RW 02', '3571031605061360', NULL, '2022-09-21', '2023-08-15 05:50:16', '2023-08-15 05:50:16'),
(174, '16P12', 16, '12', 'MASHURI', 'RT 01 RW 02', '3571031605061390', NULL, '2022-09-22', '2023-08-15 05:50:16', '2023-08-15 05:50:16'),
(175, '16P13', 16, '13', 'SUDJADI', 'RT 02 RW 02', '3571031605060090', NULL, '2022-09-21', '2023-08-15 05:50:16', '2023-08-15 05:50:16'),
(176, '16P14', 16, '14', 'YOHANES', 'RT 05 RW 05', '3571032409080000', NULL, '2022-09-21', '2023-08-15 05:50:16', '2023-08-15 05:50:16'),
(177, '16P15', 16, '15', 'MOCH. HASYIM ASY\'ARI', 'RT 04 RW 02', '3571033101190000', NULL, '2022-09-21', '2023-08-15 05:50:16', '2023-08-15 05:50:16'),
(178, '16P16', 16, '16', 'MASNGUT', 'RT 02 RW 01', '3571031605062600', NULL, '2022-09-22', '2023-08-15 05:50:16', '2023-08-15 05:50:16'),
(179, '16P17', 16, '17', 'TUKIRAN', 'RT 02 RW 01', '3571031605063720', NULL, '2022-09-22', '2023-08-15 05:50:16', '2023-08-15 05:50:16'),
(180, '16P18', 16, '18', 'HERI SISWANTO', 'RT 02 RW 01', '3571033004070000', NULL, '2022-09-22', '2023-08-15 05:50:16', '2023-08-15 05:50:16'),
(181, '16P19', 16, '19', 'MUJIYO', 'RT 05 RW 05', '3571031505068920', NULL, '2022-09-21', '2023-08-15 05:50:16', '2023-08-15 05:50:16'),
(182, '16P2', 16, '2', 'SUKARJI', 'RT 05 RW 05', '3571031505067700', NULL, '2022-09-21', '2023-08-15 05:50:16', '2023-08-15 05:50:16'),
(183, '16P3', 16, '3', 'YASMIRAN', 'RT 07 RW 04', '3571031505068910', NULL, '2022-09-21', '2023-08-15 05:50:16', '2023-08-15 05:50:16'),
(184, '16P4', 16, '4', 'SISWANTO', 'RT 02 RW 04', '3571030105070030', NULL, '2022-09-21', '2023-08-15 05:50:16', '2023-08-15 05:50:16'),
(185, '16P5', 16, '5', 'SUBENO', 'RT 01 RW 04', '3571031505065250', NULL, '2022-09-21', '2023-08-15 05:50:16', '2023-08-15 05:50:16'),
(186, '16P6', 16, '6', 'MUSTAQIM', 'RT 04 RW 02', '3571031505068990', NULL, '2022-09-21', '2023-08-15 05:50:16', '2023-08-15 05:50:16'),
(187, '16P7', 16, '7', 'SUMARI', 'RT 06 RW 03', '3571031605061300', NULL, '2022-09-21', '2023-08-15 05:50:16', '2023-08-15 05:50:16'),
(188, '16P8', 16, '8', 'SUGITO', 'RT 05 RW 03', '3571031505068950', NULL, '2022-09-21', '2023-08-15 05:50:16', '2023-08-15 05:50:16'),
(189, '16P9', 16, '9', 'IMAM SUJANI', 'RT 01 RW 03', '3571033004070080', NULL, '2022-09-21', '2023-08-15 05:50:16', '2023-08-15 05:50:16'),
(190, '17P1', 17, '1', 'SUHARTUTIK', 'NGLETIH', '123', NULL, '2022-09-27', '2023-08-15 05:50:16', '2023-08-15 05:50:16'),
(191, '17P10', 17, '10', 'PARYONO', 'NGLETIH RT 03 RW 01', '2223', NULL, '2022-09-23', '2023-08-15 05:50:16', '2023-08-15 05:50:16'),
(192, '17P2', 17, '2', 'CUCUK HADI WIBOWO', 'NGLETIH RT 011 RW 03', '456', NULL, '2022-09-23', '2023-08-15 05:50:16', '2023-08-15 05:50:16'),
(193, '17P3', 17, '3', 'SUKANDAR', 'NGLETIH RT 013 RW 03', '789', NULL, '2022-09-26', '2023-08-15 05:50:16', '2023-08-15 05:50:16'),
(194, '17P4', 17, '4', 'SUJAIS', 'NGLETIH RT 012 RW 03', '1011', NULL, '2022-09-26', '2023-08-15 05:50:16', '2023-08-15 05:50:16'),
(195, '17P5', 17, '5', 'SUWANDI', 'NGLETIH RT 04 RW 01', '1213', NULL, '2022-09-26', '2023-08-15 05:50:17', '2023-08-15 05:50:17'),
(196, '17P6', 17, '6', 'NEHRU PRASETYO BUDI', 'NGLETIH RT 010 RWB 02', '1415', NULL, '2022-09-23', '2023-08-15 05:50:17', '2023-08-15 05:50:17'),
(197, '17P7', 17, '7', 'AHMAD FAUZI', 'NGLETIH RT 010 RW 02', '1617', NULL, '2022-09-26', '2023-08-15 05:50:17', '2023-08-15 05:50:17'),
(198, '17P8', 17, '8', 'HARTOYO', 'NGLETIH RT 06 RW 01', '1819', NULL, '2022-09-23', '2023-08-15 05:50:17', '2023-08-15 05:50:17'),
(199, '17P9', 17, '9', 'AHMAT BASUKI', 'NGLETIH RT 12 RW 03', '2021', NULL, '2022-09-23', '2023-08-15 05:50:17', '2023-08-15 05:50:17'),
(200, '18P1', 18, '1', 'MUKANI', 'TEMPUREJO', '3571031605063630', NULL, '2022-09-13', '2023-08-15 05:50:17', '2023-08-15 05:50:17'),
(201, '18P10', 18, '10', 'SUKIDI', 'TEMPUREJO', '3.571032310752E+16', NULL, '2022-09-30', '2023-08-15 05:50:17', '2023-08-15 05:50:17'),
(202, '18P2', 18, '2', 'KASIYAN', 'TEMPUREJO', '3571103105060960', NULL, '2022-09-30', '2023-08-15 05:50:17', '2023-08-15 05:50:17'),
(203, '18P3', 18, '3', 'PURWANTON', 'TEMPUREJO', '3571030605065850', NULL, '2022-09-13', '2023-08-15 05:50:17', '2023-08-15 05:50:17'),
(204, '18P4', 18, '4', 'MUKADI', 'TEMPUREJO', '3571031605066960', NULL, '2022-10-03', '2023-08-15 05:50:17', '2023-08-15 05:50:17'),
(205, '18P5', 18, '5', 'MUJIYAT', 'TEMPUREJO', '3571021605065850', NULL, '2022-09-30', '2023-08-15 05:50:17', '2023-08-15 05:50:17'),
(206, '18P6', 18, '6', 'ICHSANI', 'TEMPUREJO', '3571033011650000', NULL, '2022-10-06', '2023-08-15 05:50:17', '2023-08-15 05:50:17'),
(207, '18P7', 18, '7', 'MOHAMMAD AS\'AD', 'TEMPUREJO', '3571033006750000', NULL, '2022-09-13', '2023-08-15 05:50:17', '2023-08-15 05:50:17'),
(208, '18P8', 18, '8', 'MOH RIFAI', 'TEMPUREJO', '3571031012840000', NULL, '2022-10-07', '2023-08-15 05:50:17', '2023-08-15 05:50:17'),
(209, '18P9', 18, '9', 'SUNARTO ', 'TEMPUREJO', '3571032506640000', NULL, '2022-09-30', '2023-08-15 05:50:17', '2023-08-15 05:50:17'),
(210, '19P1', 19, '1', 'AGUNG GUNAWAN AP', 'RT 10 RW 04', '3571032611070000', NULL, '2022-09-14', '2023-08-15 05:50:17', '2023-08-15 05:50:17'),
(211, '19P10', 19, '10', 'ELLYATI', 'RT 15 RW 06', '3571031605061020', NULL, '2022-09-15', '2023-08-15 05:50:17', '2023-08-15 05:50:17'),
(212, '19P11', 19, '11', 'SUKARMI', 'RT 18 RW 07', '3571032609190000', NULL, '2022-09-14', '2023-08-15 05:50:17', '2023-08-15 05:50:17'),
(213, '19P12', 19, '12', 'SUPARJONO', 'RT 17 RW 07', '3571032401170000', NULL, '2022-09-20', '2023-08-15 05:50:17', '2023-08-15 05:50:17'),
(214, '19P13', 19, '13', 'MUHAMAD ALI', 'RT 21 RW 08', '3571031605066710', NULL, '2022-09-14', '2023-08-15 05:50:17', '2023-08-15 05:50:17'),
(215, '19P14', 19, '14', 'MATEUS PENDOWO', 'RT 01 RW 01', '3571031605060960', NULL, '2022-09-14', '2023-08-15 05:50:17', '2023-08-15 05:50:17'),
(216, '19P15', 19, '15', 'JUMADI', 'RT 16 RW 07', '3571031605064470', NULL, '2022-09-20', '2023-08-15 05:50:17', '2023-08-15 05:50:17'),
(217, '19P16', 19, '16', 'SURONO', 'RT 07 RW 03', '3571031605063390', NULL, '2022-09-20', '2023-08-15 05:50:17', '2023-08-15 05:50:17'),
(218, '19P17', 19, '17', 'ARI SUWANDONO', 'RT 20 RW 08', '3571032311100000', NULL, '2022-09-15', '2023-08-15 05:50:17', '2023-08-15 05:50:17'),
(219, '19P18', 19, '18', 'JUMANI', 'RT 01 RW 01', '3571031505069770', NULL, '2022-09-20', '2023-08-15 05:50:17', '2023-08-15 05:50:17'),
(220, '19P2', 19, '2', 'RIBUT SUCAHYONO', 'RT 15 RW 06', '3571031605065590', NULL, '2022-09-15', '2023-08-15 05:50:17', '2023-08-15 05:50:17'),
(221, '19P3', 19, '3', 'GIMIN', 'RT 08 RT 03', '3571032910070000', NULL, '2022-09-15', '2023-08-15 05:50:17', '2023-08-15 05:50:17'),
(222, '19P4', 19, '4', 'MUDJI', 'RT 06 RW 02', '123456', NULL, '2022-09-14', '2023-08-15 05:50:17', '2023-08-15 05:50:17'),
(223, '19P5', 19, '5', 'KUKUH MUJIANTO', 'RT 19 RW 08', '3571031605065590', NULL, '2022-09-20', '2023-08-15 05:50:17', '2023-08-15 05:50:17'),
(224, '19P6', 19, '6', 'PUTUT BAMBANG KUNARTO', 'RT 17 RW 07', '3571032101150000', NULL, '2022-09-15', '2023-08-15 05:50:17', '2023-08-15 05:50:17'),
(225, '19P7', 19, '7', 'MOCH SULAIMAN', 'RT 20 RW 08', '3571031605066730', NULL, '2022-09-15', '2023-08-15 05:50:17', '2023-08-15 05:50:17'),
(226, '19P8', 19, '8', 'SUYANTO', 'RT 14 RW 06', '3571031605064550', NULL, '2021-09-14', '2023-08-15 05:50:17', '2023-08-15 05:50:17'),
(227, '19P9', 19, '9', 'MUJADI', 'RT 13 RW 05', '3571031605065640', NULL, '2022-09-15', '2023-08-15 05:50:17', '2023-08-15 05:50:17'),
(228, '20P1', 20, '1', 'PUJIONO', 'RT 01 RW 07', '3571031405060630', NULL, '2022-09-16', '2023-08-15 05:50:17', '2023-08-15 05:50:17'),
(229, '20P10', 20, '10', 'EKO PRIYONO', 'LINGKUNGAN PULEREJO RT 02 RW 05', '3571031504130000', NULL, '2022-09-16', '2023-08-15 05:50:17', '2023-08-15 05:50:17'),
(230, '20P11', 20, '11', 'AHMAD KHOLIL ZUNAIDI', 'LINGKUNGAN CENTONG  RT 02 RW 03', '3571031502080000', NULL, '2022-09-16', '2023-08-15 05:50:17', '2023-08-15 05:50:17'),
(231, '20P12', 20, '12', 'SAMBASI', 'LINGKUNGAN CENTONG RT 03 RW 03', '3571031505062440', NULL, '2022-09-13', '2023-08-15 05:50:17', '2023-08-15 05:50:17'),
(232, '20P13', 20, '13', 'MIFTAHUL HUDA', 'LINGKUNGAN PULEREJO RT 02 RW 05', '3571031505064960', NULL, '2022-09-15', '2023-08-15 05:50:17', '2023-08-15 05:50:17'),
(233, '20P14', 20, '14', 'HARI SRI PURWANDOKO', 'BAWANG RT 02 RW 02', '3571032304070050', NULL, '2022-09-08', '2023-08-15 05:50:17', '2023-08-15 05:50:17'),
(234, '20P15', 20, '15', 'SUGITO', 'BAWANG RT 01 RW 02', '3571031505067360', NULL, '2022-09-19', '2023-08-15 05:50:17', '2023-08-15 05:50:17'),
(235, '20P16', 20, '16', 'BUDAIRI ADI SUYITNO', 'BAWANG RT 02 RW 02', '3571030103710000', NULL, '2022-09-21', '2023-08-15 05:50:17', '2023-08-15 05:50:17'),
(236, '20P17', 20, '17', 'KHOIRUDDIN', 'LINGKUNGAN CENTONG RT 03 RW 04', '3571032004120000', NULL, '2022-09-19', '2023-08-15 05:50:17', '2023-08-15 05:50:17'),
(237, '20P18', 20, '18', 'AHMAD ARIFIN', 'LINGKUNGAN KIWORJO RT 004 RW 003', '3571032010100000', NULL, '2022-09-19', '2023-08-15 05:50:17', '2023-08-15 05:50:17'),
(238, '20P19', 20, '19', 'M. WIDAYANI ', 'LINGKUNGAN GANDE  RT 04 RW 08', '3571032001110000', NULL, '2022-09-15', '2023-08-15 05:50:17', '2023-08-15 05:50:17'),
(239, '20P2', 20, '2', 'ACHMAD TUMIJAN', 'LING GANDE RT 01 RW 08', '3571031505063750', NULL, NULL, '2023-08-15 05:50:17', '2023-08-15 05:50:17'),
(240, '20P20', 20, '20', 'ARIS PRASETYO', 'LINGKUNGAN CENTONG RT 03 RW 04', '3571030910150000', NULL, '2022-09-19', '2023-08-15 05:50:17', '2023-08-15 05:50:17'),
(241, '20P21', 20, '21', 'MOH. PURWITO', 'LINGKUNGAN CENTONG RT 03 RW 07', '3571030610080000', NULL, NULL, '2023-08-15 05:50:17', '2023-08-15 05:50:17'),
(242, '20P22', 20, '22', 'KARLI', 'LINGKUNGAN CENTONG RT02 RW 04', '3571030510100010', NULL, '2022-09-12', '2023-08-15 05:50:17', '2023-08-15 05:50:17'),
(243, '20P23', 20, '23', 'IMAM SAFII', 'LINGKUNGAN CENTONG RT 03 RW 04', '3571030211120000', NULL, NULL, '2023-08-15 05:50:17', '2023-08-15 05:50:17'),
(244, '20P24', 20, '24', 'SITI SYAMSIYAH', 'LINGKUNGAN CENTONG RT 04 RW 04', '3571032204070060', NULL, '2022-09-16', '2023-08-15 05:50:17', '2023-08-15 05:50:17'),
(245, '20P25', 20, '25', 'SADILI', 'LINGKUNGAN GANDE RT 03 RW 08', '3571030205070110', NULL, NULL, '2023-08-15 05:50:17', '2023-08-15 05:50:17'),
(246, '20P26', 20, '26', 'MOHAMAD MUZER', 'BAWANG RT 02 RW 01', '3571031605064440', NULL, '2022-09-21', '2023-08-15 05:50:17', '2023-08-15 05:50:17'),
(247, '20P27', 20, '27', 'ISMU PIANTORO', 'LINGKUNGAN CENTONG RT 02 RW 07', '3571802080001', NULL, NULL, '2023-08-15 05:50:17', '2023-08-15 05:50:17'),
(248, '20P28', 20, '28', 'MARJUKI', 'LINGKUNGAN BAWANG RT04 RW 01', '3571032606090000', NULL, '2022-09-08', '2023-08-15 05:50:17', '2023-08-15 05:50:17'),
(249, '20P29', 20, '29', 'NANANG SETIAWAN', 'LINGKUNGAN BAWANG RT 03 RW 02', '3571031201110000', NULL, '2022-09-13', '2023-08-15 05:50:17', '2023-08-15 05:50:17'),
(250, '20P3', 20, '3', 'TURMUDI', 'LINGKUNGAN CENTONG RT 001 RW 004', '3571031505060050', NULL, '2022-09-16', '2023-08-15 05:50:17', '2023-08-15 05:50:17'),
(251, '20P30', 20, '30', 'SETIJO NUGROHO', 'BAWANG RT 04 RW 02', '3571032304070050', NULL, '2022-09-12', '2023-08-15 05:50:17', '2023-08-15 05:50:17'),
(252, '20P31', 20, '31', 'WIJI SUTRISNO', 'LINGKUNGAN CENTONG RT 03 RW 07', '3571032210140000', NULL, '2022-09-15', '2023-08-15 05:50:17', '2023-08-15 05:50:17'),
(253, '20P32', 20, '32', 'INDRA WAHYUDI', 'LINGKUNGAN BAWANG RT 01 RW 01', '3571030512110000', NULL, NULL, '2023-08-15 05:50:17', '2023-08-15 05:50:17'),
(254, '20P33', 20, '33', 'AHMAD ZAYYIN MUQORROBIN', 'LINGKUNGAN CENTONG RT 02 RW 07', '3571032709210000', NULL, '2022-09-19', '2023-08-15 05:50:17', '2023-08-15 05:50:17'),
(255, '20P34', 20, '34', 'M. MIFTAHUDDIN', 'LINGKUNGAN GANDE RT 03 RW 08 ', '3571031505062510', NULL, '2022-09-19', '2023-08-15 05:50:17', '2023-08-15 05:50:17'),
(256, '20P35', 20, '35', 'SITI MUYASAROH', 'LINGKUNGAN CENTONG RT 04 RW 07', '3571030205070010', NULL, NULL, '2023-08-15 05:50:17', '2023-08-15 05:50:17'),
(257, '20P36', 20, '36', 'FAHMI BIL BIRRIN NIAM', 'LINGKUNGAN  CENTONG RT 03 RW 03', '12345678', NULL, '2022-09-21', '2023-08-15 05:50:17', '2023-08-15 05:50:17'),
(258, '20P37', 20, '37', 'ALFI ZAHIROH', 'LINGKUNGAN BAWANG RT 03 RW 01', '3571031406170000', NULL, '2022-09-12', '2023-08-15 05:50:17', '2023-08-15 05:50:17'),
(259, '20P38', 20, '38', 'IMAM MISKUN ', 'BAWANG RT 03 RW 01', '3571030307080000', NULL, '2022-09-21', '2023-08-15 05:50:17', '2023-08-15 05:50:17'),
(260, '20P39', 20, '39', 'KHOIRUL SYAFII', 'LINGKUNGAN CENTONG RT 01 RW 03', '3571031605066600', NULL, '2022-09-15', '2023-08-15 05:50:17', '2023-08-15 05:50:17'),
(261, '20P4', 20, '4', 'HARIYANTO', 'LINGKUNGAN PULEREJO RT 03 RW 05', '3571031505064940', NULL, '2022-09-21', '2023-08-15 05:50:17', '2023-08-15 05:50:17'),
(262, '20P40', 20, '40', 'AHMAD ROZIKIN', 'BAWANG RT 01 RW 01', '357103011080026', NULL, '2022-09-15', '2023-08-15 05:50:17', '2023-08-15 05:50:17'),
(263, '20P41', 20, '41', 'DACHRONI DACRUB AMAM', 'LINGKUNGAN CENTONG RT 02 RW 06', '3571031605066620', NULL, '2022-09-15', '2023-08-15 05:50:17', '2023-08-15 05:50:17'),
(264, '20P42', 20, '42', 'SUTIKNO', 'LINGKUNGAN CENTONG  RT 04 RW 06', '3571032304070070', NULL, '2022-09-16', '2023-08-15 05:50:17', '2023-08-15 05:50:17'),
(265, '20P43', 20, '43', 'LUKMAN HAKIM ', 'LINGKUNGAN CENTONG RT 02 RW 06', '3571032411080000', NULL, '2022-09-19', '2023-08-15 05:50:17', '2023-08-15 05:50:17'),
(266, '20P44', 20, '44', 'IMAM SUBANDI', 'LINGKUNGAN CENTONG RT 02 RW 06', '3571031605066610', NULL, '2022-09-16', '2023-08-15 05:50:17', '2023-08-15 05:50:17'),
(267, '20P5', 20, '5', 'ANDRI KISWANTO', 'LINGKUNGAN PULEREJO', '3571030908210000', NULL, '2022-09-21', '2023-08-15 05:50:17', '2023-08-15 05:50:17'),
(268, '20P6', 20, '6', 'SUJOKO', 'LINGKUNGAN CENTONG RT 002 RW 003', '3571031010080010', NULL, '2022-09-08', '2023-08-15 05:50:17', '2023-08-15 05:50:17'),
(269, '20P7', 20, '7', 'SUSILOWATI', 'BAWANG RT 04 RW 02', '3571031605064390', NULL, '2022-09-13', '2023-08-15 05:50:17', '2023-08-15 05:50:17'),
(270, '20P8', 20, '8', 'JAMALUDIN', 'LINGKUNGAN PULEREJO RT 04 RW 05', '3571031605140000', NULL, '2022-09-21', '2023-08-15 05:50:17', '2023-08-15 05:50:17'),
(271, '20P9', 20, '9', 'KHOIRUL ANWAR', 'LINGKUNGAN PULEREJO RT 01 RW 05', '3571032608080000', NULL, '2022-09-19', '2023-08-15 05:50:17', '2023-08-15 05:50:17'),
(272, '21P1', 21, '1', 'MATSU', 'BLABAK  RT 028 RW 010', '3571031505064780', NULL, '2022-09-21', '2023-08-15 05:50:17', '2023-08-15 05:50:17'),
(273, '21P10', 21, '10', 'DJASU SUPARNO', 'BLABAK RT 028 FRW 010 ', '3571031505062350', NULL, '2022-09-21', '2023-08-15 05:50:17', '2023-08-15 05:50:17'),
(274, '21P11', 21, '11', 'NURALI', 'BLABAK RT 01 RW 01', '3571032504070180', NULL, '2022-09-16', '2023-08-15 05:50:17', '2023-08-15 05:50:17'),
(275, '21P12', 21, '12', 'DWI BUDI SUSANTO', 'BLABAK RT 01 RW 01', '3571031505068520', NULL, '2022-09-15', '2023-08-15 05:50:17', '2023-08-15 05:50:17'),
(276, '21P13', 21, '13', 'EDI PRAYITNO', 'BLABAK RT 02 RW 01', '3571031403110000', NULL, '2022-09-14', '2023-08-15 05:50:17', '2023-08-15 05:50:17'),
(277, '21P14', 21, '14', 'MUHADI', 'BLABAK RT 02 RW 01', '3571032804070180', NULL, '2022-09-21', '2023-08-15 05:50:17', '2023-08-15 05:50:17'),
(278, '21P15', 21, '15', 'WAWAN HARIYANTO', 'BLABAK RT 07 RW 02', '3571030902090010', NULL, '2022-09-19', '2023-08-15 05:50:17', '2023-08-15 05:50:17'),
(279, '21P16', 21, '16', 'SUSANTO', 'BLABAK RT B02 RW 01', '3571031807170010', NULL, '2022-09-15', '2023-08-15 05:50:17', '2023-08-15 05:50:17'),
(280, '21P17', 21, '17', 'SAMAD', 'BLABAK RT 02 RW 01', '3435', NULL, '2022-09-14', '2023-08-15 05:50:17', '2023-08-15 05:50:17'),
(281, '21P18', 21, '18', 'SUWARNO', 'BLABAK RT  02 RW 01', '3571032008070000', NULL, '2022-09-19', '2023-08-15 05:50:17', '2023-08-15 05:50:17'),
(282, '21P19', 21, '19', 'AGUS SANTOSO', 'BLABAK RT 02 RW 01', '3571031505067210', NULL, '2022-09-14', '2023-08-15 05:50:17', '2023-08-15 05:50:17'),
(283, '21P2', 21, '2', 'KHUSOYIN', 'BLABAK RT 027 RW 010', '3571032504070060', NULL, '2022-09-21', '2023-08-15 05:50:17', '2023-08-15 05:50:17'),
(284, '21P20', 21, '20', 'MOHAMAD TANUJI', 'BLABAK RT 02 RW 01', '3571031505067220', NULL, NULL, '2023-08-15 05:50:17', '2023-08-15 05:50:17'),
(285, '21P21', 21, '21', 'SUMALI', 'BLABAK RT 07 RW 02', '3571032504070170', NULL, '2022-09-19', '2023-08-15 05:50:17', '2023-08-15 05:50:17'),
(286, '21P22', 21, '22', 'MARKUM', 'BLABAK RT 019 RW 07', '3571030104160000', NULL, '2022-09-19', '2023-08-15 05:50:17', '2023-08-15 05:50:17'),
(287, '21P23', 21, '23', 'BONYADI', 'BLABAK RT 022 RW 08', '3571031605062120', NULL, '2022-09-19', '2023-08-15 05:50:17', '2023-08-15 05:50:17'),
(288, '21P24', 21, '24', 'MOCH.JAELANI', 'BLABAK RT  020 RT 07', '3571031605063270', NULL, '2022-09-19', '2023-08-15 05:50:17', '2023-08-15 05:50:17'),
(289, '21P25', 21, '25', 'SUWITO', 'BLABAK RT  021 RW 08', '3571032804070190', NULL, '2022-09-19', '2023-08-15 05:50:17', '2023-08-15 05:50:17'),
(290, '21P26', 21, '26', 'SAMBIYAT', 'BLABAK RT 021 RW 08', '3571033004130000', NULL, '2022-09-19', '2023-08-15 05:50:17', '2023-08-15 05:50:17'),
(291, '21P27', 21, '27', 'JUMALI', 'BLABAK RT 021 RW 08', '3571031605063290', NULL, '2022-09-19', '2023-08-15 05:50:17', '2023-08-15 05:50:17'),
(292, '21P28', 21, '28', 'TURIKANAH', 'BLABAK RT 021 RW 08', '3571031605062100', NULL, NULL, '2023-08-15 05:50:17', '2023-08-15 05:50:17'),
(293, '21P29', 21, '29', 'SUJOKO PRIYONO', 'BLABAK  RT 021 RW 08', '3571031605063330', NULL, '2022-09-19', '2023-08-15 05:50:17', '2023-08-15 05:50:17'),
(294, '21P3', 21, '3', 'MOH.FAKHRUDIN', 'BLABAK RT 027 RW 010', '3571031505062360', NULL, '2022-09-21', '2023-08-15 05:50:17', '2023-08-15 05:50:17'),
(295, '21P30', 21, '30', 'KARJIONO', 'BLABAK RT 021 RW 08', '3571032804070200', NULL, '2022-09-19', '2023-08-15 05:50:17', '2023-08-15 05:50:17'),
(296, '21P31', 21, '31', 'MU`ALI', 'BLABAK RT 019 RW 07', '3571032804070220', NULL, '2022-09-19', '2023-08-15 05:50:17', '2023-08-15 05:50:17'),
(297, '21P32', 21, '32', 'ANDIK SUPRIANTO', 'BLABAK RT 022 RW 08', '3571030909160000', NULL, '2022-09-19', '2023-08-15 05:50:17', '2023-08-15 05:50:17'),
(298, '21P33', 21, '33', 'KHOIRUL KANAN', ' LABAK RT 019 RW 07', '3571031709130010', NULL, NULL, '2023-08-15 05:50:17', '2023-08-15 05:50:17'),
(299, '21P34', 21, '34', 'EDY WAHYUDIN', 'BLABAK RT  019 RW 07', '3571030511090000', NULL, '2022-09-19', '2023-08-15 05:50:17', '2023-08-15 05:50:17'),
(300, '21P35', 21, '35', 'IMAM SUBARI', 'BLABAK RT 09  RW 03', '3571032510070000', NULL, '2022-09-16', '2023-08-15 05:50:17', '2023-08-15 05:50:17'),
(301, '21P36', 21, '36', 'SUYONO', 'BLABAK RT 05 RW 02', '3571032504070020', NULL, '2022-09-21', '2023-08-15 05:50:17', '2023-08-15 05:50:17'),
(302, '21P4', 21, '4', 'ROKHMAD', 'BLABAK RT 028 RW 010', '3571032802120000', NULL, '2022-09-21', '2023-08-15 05:50:17', '2023-08-15 05:50:17'),
(303, '21P5', 21, '5', 'MAHFUD', 'BLABAK RT 025 RW 09', '3571031505063630', NULL, '2022-09-21', '2023-08-15 05:50:17', '2023-08-15 05:50:17'),
(304, '21P6', 21, '6', 'EDI PURWANTO', 'BLABAK RT 026 RW 09', '3571030508190000', NULL, '2022-09-21', '2023-08-15 05:50:17', '2023-08-15 05:50:17'),
(305, '21P7', 21, '7', 'MARSIDI', 'BLABAK RT 027 RW 010', '3571032312080010', NULL, '2022-09-21', '2023-08-15 05:50:17', '2023-08-15 05:50:17'),
(306, '21P8', 21, '8', 'ASEP TRIWIYONO', 'BLABAK RT 030 RW 010', '3571032803160010', NULL, '2022-09-21', '2023-08-15 05:50:17', '2023-08-15 05:50:17'),
(307, '21P9', 21, '9', 'RIYADI', 'BLABAK RT 030  RW 010', '3571030710130000', NULL, '2022-09-21', '2023-08-15 05:50:17', '2023-08-15 05:50:17'),
(308, '22P1', 22, '1', 'RIYANTI', 'RT 03 / RW 02 Kel Dermo', '3571011206070030', NULL, '2022-12-23', '2023-08-15 05:50:17', '2023-08-15 05:50:17'),
(309, '22P2', 22, '2', 'DODIK PUJI SANTOSO', 'RT 03 / RW 02 Kel Dermo', '3571012701140000', NULL, '2022-12-21', '2023-08-15 05:50:17', '2023-08-15 05:50:17'),
(310, '24P1', 24, '1', 'AHMAD SAMSUDIN', 'RT 20 / RW 03 Kel Ngampel', '3571011405060270', NULL, '2022-12-15', '2023-08-15 05:50:17', '2023-08-15 05:50:17'),
(311, '24P10', 24, '10', 'PAIDI', 'RT 05 / RW 01 Kel Ngampel', '3571011405062950', NULL, '2022-12-13', '2023-08-15 05:50:18', '2023-08-15 05:50:18'),
(312, '24P11', 24, '11', 'KODAR', 'RT 20 / RW 03 Kel Ngampel', '3571011405070300', NULL, '2022-12-15', '2023-08-15 05:50:18', '2023-08-15 05:50:18'),
(313, '24P12', 24, '12', 'MOKHAMAD RIFA\'I', 'RT 05 / RW 01 Kel Ngampel', '3571012210080020', NULL, '2023-01-04', '2023-08-15 05:50:18', '2023-08-15 05:50:18'),
(314, '24P13', 24, '13', 'HASBIYALLAH', 'RT 20 / RW 03 Kel Ngampel', '3571012802180000', NULL, '2023-01-10', '2023-08-15 05:50:18', '2023-08-15 05:50:18'),
(315, '24P14', 24, '14', 'YUNUS', 'RT 20 / RW 03 Kel Ngampel', '3571012804090010', NULL, '2022-12-30', '2023-08-15 05:50:18', '2023-08-15 05:50:18'),
(316, '24P15', 24, '15', 'DJASMANI', 'RT 23 / RW 04 Kel Ngampel', '3571011305069750', NULL, '2022-12-13', '2023-08-15 05:50:18', '2023-08-15 05:50:18'),
(317, '24P16', 24, '16', 'MEDIK JINARYO', 'RT 06 / RW 01 Kel Ngampel', '3571011608210010', NULL, NULL, '2023-08-15 05:50:18', '2023-08-15 05:50:18'),
(318, '24P17', 24, '17', 'MOCHAMMAD WAHYUDI', 'RT 10 / RW 02 Kel Ngampel', '3571011302080030', NULL, '2022-12-22', '2023-08-15 05:50:18', '2023-08-15 05:50:18'),
(319, '24P18', 24, '18', 'GATUT MUJI SANTOSO', 'RT 07 / RW 01 Kel Ngampel', '3571011603150000', NULL, '2022-12-12', '2023-08-15 05:50:18', '2023-08-15 05:50:18'),
(320, '24P19', 24, '19', 'PURWOKO', 'RT 10 / RW 02 Kel Ngampel', '3571012009210000', NULL, NULL, '2023-08-15 05:50:18', '2023-08-15 05:50:18'),
(321, '24P2', 24, '2', 'MUJIANTO', 'RT 27 / RW 04 Kel Ngampel', '3571011305068520', NULL, '2022-12-12', '2023-08-15 05:50:18', '2023-08-15 05:50:18'),
(322, '24P20', 24, '20', 'SUBANDI', 'RT 13 / RW 02 Kel Ngampel', '3571011405062460', NULL, '2023-01-02', '2023-08-15 05:50:18', '2023-08-15 05:50:18'),
(323, '24P21', 24, '21', 'MOCH. THOYIB', 'RT 20 / RW 03 Kel Ngampel', '3571011405060280', NULL, '2022-12-12', '2023-08-15 05:50:18', '2023-08-15 05:50:18'),
(324, '24P22', 24, '22', 'ELI PUSPITARINI', 'RT 14 / RW 01 Kel Ngampel', '3571010303170010', NULL, '2023-01-03', '2023-08-15 05:50:18', '2023-08-15 05:50:18'),
(325, '24P3', 24, '3', 'AKROM', 'RT 13 / RW 02 Kel Ngampel', '3571011405060810', NULL, '2022-12-19', '2023-08-15 05:50:18', '2023-08-15 05:50:18'),
(326, '24P4', 24, '4', 'MOH. RIYADI', 'RT 17 / RW 03 Kel Ngampel', '3571011405061330', NULL, '2022-12-19', '2023-08-15 05:50:18', '2023-08-15 05:50:18'),
(327, '24P5', 24, '5', 'GUNASIR', 'RT 04 / RW 01 Kel Ngampel', '3571011405070000', NULL, '2022-12-13', '2023-08-15 05:50:18', '2023-08-15 05:50:18'),
(328, '24P6', 24, '6', 'MOCHTAR', 'RT 16 / RW 02 Kel Ngampel', '3571011405060330', NULL, '2022-12-15', '2023-08-15 05:50:18', '2023-08-15 05:50:18'),
(329, '24P7', 24, '7', 'SUCIPTO', 'RT 07 / RW 01 Kel Ngampel', '3571011405063370', NULL, '2022-12-19', '2023-08-15 05:50:18', '2023-08-15 05:50:18'),
(330, '24P8', 24, '8', 'WAGE', 'RT 14 / RW 03 Kel Ngampel', '3571011405061360', NULL, '2022-12-19', '2023-08-15 05:50:18', '2023-08-15 05:50:18'),
(331, '24P9', 24, '9', 'KASAN', 'RT 15 / RW 03 Kel Ngampel', '3571011405061910', NULL, '2022-12-12', '2023-08-15 05:50:18', '2023-08-15 05:50:18'),
(332, '2P1', 2, '1', 'SUKARWO', 'Balowerti V/52 RT 008 RW 003', '3571021705070010', NULL, '2022-10-03', '2023-08-15 05:50:18', '2023-08-15 05:50:18'),
(333, '2P10', 2, '10', 'PURNOMO HADI', 'Jl. Balowerti V/52B RT 008 RW 003', '3571021605070020', NULL, '2022-10-07', '2023-08-15 05:50:18', '2023-08-15 05:50:18'),
(334, '2P11', 2, '11', 'GUNTOMO', 'Balowerti V/30B RT 004 RW 001', '3571021707180010', NULL, '2022-10-10', '2023-08-15 05:50:18', '2023-08-15 05:50:18'),
(335, '2P12', 2, '12', 'PURWO ADI SANTOSO', 'Balowerti Gg V/52 B RT 008 RW 003', '3571022407070010', NULL, '2022-10-10', '2023-08-15 05:50:18', '2023-08-15 05:50:18'),
(336, '2P13', 2, '13', 'SARWANI', 'Jl. Singosari Flamboyan II/17 RT 016 RW 005', '3571021405070000', NULL, '2022-10-19', '2023-08-15 05:50:18', '2023-08-15 05:50:18'),
(337, '2P14', 2, '14', 'JUMADI', 'Balowerti II/48B RT 008 RW 003', '3571021305060920', NULL, '2022-10-07', '2023-08-15 05:50:18', '2023-08-15 05:50:18'),
(338, '2P2', 2, '2', 'SUPARDI', 'Jl. Balowerti V/50 RT 008 RW 003', '3571021405069720', NULL, NULL, '2023-08-15 05:50:18', '2023-08-15 05:50:18'),
(339, '2P3', 2, '3', 'SUDARMAN', 'Balowerti II/32B RT 008 RW 003', '3571021705070100', NULL, '2022-10-03', '2023-08-15 05:50:18', '2023-08-15 05:50:18'),
(340, '2P4', 2, '4', 'ELY LISTYANI', 'Balowerti V/30B RT 009 RW 003', '3751022603190000', NULL, '2022-10-07', '2023-08-15 05:50:18', '2023-08-15 05:50:18');
INSERT INTO `daftars` (`id`, `id_daftar`, `id_kelurahan`, `no_urut`, `nama`, `alamat`, `no_kk`, `no_wp`, `tgl_perjanjian`, `created_at`, `updated_at`) VALUES
(341, '2P5', 2, '5', 'YEKTI BUDI LUHUR', 'Balowerti IV/7RT 017 RW 005', '3571020908100000', NULL, '2022-10-11', '2023-08-15 05:50:18', '2023-08-15 05:50:18'),
(342, '2P6', 2, '6', 'TRIMADI', 'Jl. Medang Kamulan No. 34 RT 031 RW 006', '3571021505060860', NULL, '2022-09-28', '2023-08-15 05:50:18', '2023-08-15 05:50:18'),
(343, '2P7', 2, '7', 'DENY CAHYA PRATAMA', 'Jl. Balowerti Gg IV/26 RT 018 RW 005', '3571021809190000', NULL, '2022-10-11', '2023-08-15 05:50:18', '2023-08-15 05:50:18'),
(344, '2P8', 2, '8', 'WARAS', 'Jl. Medang Kamulan No. 34 RT 032 RW 008', '3571021505061020', NULL, '2022-10-04', '2023-08-15 05:50:18', '2023-08-15 05:50:18'),
(345, '2P9', 2, '9', 'SUNARI', 'Balowerti II/38B RT 008 RW 003', '3571021404080030', NULL, '2022-10-07', '2023-08-15 05:50:18', '2023-08-15 05:50:18'),
(346, '25P1', 25, '1', 'KLIWON ARIJANTO', 'RT 01 / RW 07 Kel Gayam', '3571011305066900', NULL, '2022-12-16', '2023-08-15 05:50:18', '2023-08-15 05:50:18'),
(347, '25P10', 25, '10', 'ATMADI', 'RT 03 / RW 01 Kel Gayam', '3571010206210000', NULL, '2022-12-26', '2023-08-15 05:50:18', '2023-08-15 05:50:18'),
(348, '25P11', 25, '11', 'SULAIMAN', 'RT 03 / RW 06 Kel Gayam', '3571012105070070', NULL, '2022-12-29', '2023-08-15 05:50:18', '2023-08-15 05:50:18'),
(349, '25P12', 25, '12', 'BONAWI', 'RT 02 / RW 01 Kel Gayam', '3571012105070140', NULL, '2022-12-23', '2023-08-15 05:50:18', '2023-08-15 05:50:18'),
(350, '25P13', 25, '13', 'MUSYAIYADAH', 'RT 05 / RW 01 Kel Gayam', '3571011007080010', NULL, '2022-12-26', '2023-08-15 05:50:18', '2023-08-15 05:50:18'),
(351, '25P14', 25, '14', 'EKO RIYADI', 'RT 01 / RW 07 Kel Gayam', '3571012105070180', NULL, '2022-12-26', '2023-08-15 05:50:18', '2023-08-15 05:50:18'),
(352, '25P15', 25, '15', 'MAT DAIM', 'RT 02 / RW 08 Kel Gayam', '3571011305066360', NULL, NULL, '2023-08-15 05:50:18', '2023-08-15 05:50:18'),
(353, '25P16', 25, '16', 'ANDIK SETIAWAN', 'RT 02 / RW 08 Kel Gayam', '3571011211080040', NULL, '2022-12-26', '2023-08-15 05:50:18', '2023-08-15 05:50:18'),
(354, '25P17', 25, '17', 'SUMARLIN', 'RT 03 / RW 08 Kel Gayam', '3571013006100000', NULL, '2022-12-26', '2023-08-15 05:50:18', '2023-08-15 05:50:18'),
(355, '25P18', 25, '18', 'ANDRI AKHIR SUSENO', 'RT 01 / RW 07 Kel Gayam', '3571012404140010', NULL, '2022-12-26', '2023-08-15 05:50:18', '2023-08-15 05:50:18'),
(356, '25P19', 25, '19', 'SJAKUR', 'RT 02 / RW 08 Kel Gayam', '3571011305066340', NULL, '2022-12-26', '2023-08-15 05:50:18', '2023-08-15 05:50:18'),
(357, '25P2', 25, '2', 'SUBANDI', 'RT 01 / RW 05 Kel Gayam', '3571011405060360', NULL, '2022-12-27', '2023-08-15 05:50:18', '2023-08-15 05:50:18'),
(358, '25P20', 25, '20', 'PONIDI', 'RT 01 / RW 08 Kel Gayam', '3571012105070300', NULL, '2022-12-26', '2023-08-15 05:50:18', '2023-08-15 05:50:18'),
(359, '25P21', 25, '21', 'BUDIONO', 'RT 03 / RW 08 Kel Gayam', '3571011305066320', NULL, '2022-12-26', '2023-08-15 05:50:18', '2023-08-15 05:50:18'),
(360, '25P22', 25, '22', 'UNTUNG', 'RT 02 / RW 01 Kel Gayam', '3571010104080020', NULL, '2022-12-23', '2023-08-15 05:50:18', '2023-08-15 05:50:18'),
(361, '25P23', 25, '23', 'JUWITO ADI SURYO', 'RT 02 / RW 01 Kel Gayam', '3571011402120000', NULL, NULL, '2023-08-15 05:50:18', '2023-08-15 05:50:18'),
(362, '25P3', 25, '3', 'MOHAMAD ZAENURI', 'RT 04 / RW 03 Kel Gayam', '3571011305069170', NULL, NULL, '2023-08-15 05:50:18', '2023-08-15 05:50:18'),
(363, '25P4', 25, '4', 'SURAJI', 'RT 01 / RW 05 Kel Gayam', '3571011305068090', NULL, '2022-12-19', '2023-08-15 05:50:18', '2023-08-15 05:50:18'),
(364, '25P5', 25, '5', 'SUKO WIYONO', 'RT 02 / RW 02 Kel Gayam', '3571012204130000', NULL, '2022-12-23', '2023-08-15 05:50:18', '2023-08-15 05:50:18'),
(365, '25P6', 25, '6', 'SUPRAPTO', 'RT 02 / RW 05 Kel Gayam', '3571011305068070', NULL, '2022-12-27', '2023-08-15 05:50:18', '2023-08-15 05:50:18'),
(366, '25P7', 25, '7', 'AGUNG CAHYONO', 'RT 01 / RW 05 Kel Gayam', '3571010504120010', NULL, '2022-12-19', '2023-08-15 05:50:18', '2023-08-15 05:50:18'),
(367, '25P8', 25, '8', 'DJASMANI', 'RT 02 / RW 05 Kel Gayam', '3571012505110000', NULL, '2022-12-19', '2023-08-15 05:50:18', '2023-08-15 05:50:18'),
(368, '25P9', 25, '9', 'KADERI', 'RT 01 / RW 05 Kel Gayam', '3571011305068080', NULL, '2022-12-26', '2023-08-15 05:50:18', '2023-08-15 05:50:18'),
(369, '26P1', 25, '1', 'MOCH ANSHORI', 'RT 36 / RW 12 Kel Mojoroto', '3571011405080000', NULL, '2022-12-21', '2023-08-15 05:50:18', '2023-08-15 05:50:18'),
(370, '26P10', 26, '10', 'WIDODO', 'RT 03 / RW 01 Kel Mojoroto', '3571011305064380', NULL, '2022-12-14', '2023-08-15 05:50:18', '2023-08-15 05:50:18'),
(371, '26P11', 26, '11', 'PITONO, SH', 'RT 15 / RW 05 Kel Mojoroto', '3571011407200010', NULL, '2022-12-14', '2023-08-15 05:50:18', '2023-08-15 05:50:18'),
(372, '26P12', 26, '12', 'SIMON HERMAWAN', 'RT 13 / RW 04 Kel Mojoroto', '3571013105070200', NULL, '2022-12-14', '2023-08-15 05:50:18', '2023-08-15 05:50:18'),
(373, '26P13', 26, '13', 'KUNHANDOKO, SP', 'RT 12 / RW 04 Kel Mojoroto', '3571012309080010', NULL, '2022-12-14', '2023-08-15 05:50:18', '2023-08-15 05:50:18'),
(374, '26P14', 26, '14', 'SENTOT ISWANTO', 'RT 07 / RW 03 Kel Mojoroto', '3571012705080000', NULL, '2022-12-26', '2023-08-15 05:50:18', '2023-08-15 05:50:18'),
(375, '26P15', 26, '15', 'SETYO ADI', 'RT 12 / RW 04 Kel Mojoroto', '3571013012160010', NULL, '2022-12-26', '2023-08-15 05:50:18', '2023-08-15 05:50:18'),
(376, '26P16', 26, '16', 'SRI SUNARSIH', 'RT 51 / RW 03 Kel Mojoroto', '3571011305062360', NULL, '2022-12-26', '2023-08-15 05:50:18', '2023-08-15 05:50:18'),
(377, '26P17', 26, '17', 'MOKHAMAD ROKHIM', 'RT 01 / RW 01 Kel Mojoroto', '3571010611090000', NULL, '2022-12-26', '2023-08-15 05:50:18', '2023-08-15 05:50:18'),
(378, '26P18', 26, '18', 'ANDHI SASONGKO', 'RT 06 / RW 02 Kel Mojoroto', '3571011305063300', NULL, NULL, '2023-08-15 05:50:18', '2023-08-15 05:50:18'),
(379, '26P19', 26, '19', 'MUCH. ALI MASHAR A.', 'RT 23 / RW 07 Kel Mojoroto', '3571011205063730', NULL, NULL, '2023-08-15 05:50:18', '2023-08-15 05:50:18'),
(380, '26P2', 26, '2', 'GHOZALI', 'RT 36 / RW 12 Kel Mojoroto', '3571011305062290', NULL, '2022-12-19', '2023-08-15 05:50:18', '2023-08-15 05:50:18'),
(381, '26P3', 26, '3', 'KADIYONO', 'RT 34 / RW 05 Kel Mojoroto', '3571011205064650', NULL, '2022-12-22', '2023-08-15 05:50:18', '2023-08-15 05:50:18'),
(382, '26P4', 26, '4', 'MAKSOM', 'RT 29/ RW 10 Kel Mojoroto', '3571010106070090', NULL, '2022-12-27', '2023-08-15 05:50:18', '2023-08-15 05:50:18'),
(383, '26P5', 26, '5', 'SUFYAN', 'RT 10 / RW 12 Kel Mojoroto', '3571012706080040', NULL, '2022-12-26', '2023-08-15 05:50:18', '2023-08-15 05:50:18'),
(384, '26P6', 26, '6', 'ABDUL MALIK', 'RT 36 / RW 12 Kel Mojoroto', '3571010408080010', NULL, '2022-12-26', '2023-08-15 05:50:18', '2023-08-15 05:50:18'),
(385, '26P7', 26, '7', 'SAMSUL HUDA', 'RT 10 / RW 12 Kel Mojoroto', '3571011305062270', NULL, '2022-12-28', '2023-08-15 05:50:18', '2023-08-15 05:50:18'),
(386, '26P8', 26, '8', 'ARIF SAFRUDIN', 'RT 34 / RW 05 Kel Mojoroto', '3571012206090010', NULL, '2022-12-22', '2023-08-15 05:50:18', '2023-08-15 05:50:18'),
(387, '26P9', 26, '9', 'KRISTINA LUPI PAMILIH', 'RT 34 / RW 05 Kel Mojoroto', '3571011606100000', NULL, '2022-12-30', '2023-08-15 05:50:18', '2023-08-15 05:50:18'),
(388, '27P1', 27, '1', 'ROESTAM', 'RT 34 / RW 10 Kel Sukorame', '3571010205080010', NULL, NULL, '2023-08-15 05:50:18', '2023-08-15 05:50:18'),
(389, '27P10', 27, '10', 'MOCH. SAERODJI', 'RT 18 / RW 05 Kel Sukorame', '3571011305066100', NULL, NULL, '2023-08-15 05:50:18', '2023-08-15 05:50:18'),
(390, '27P11', 27, '11', 'HARI PRASOJO', 'RT 24 / RW 07 Kel Sukorame', '3571011305067310', NULL, NULL, '2023-08-15 05:50:18', '2023-08-15 05:50:18'),
(391, '27P12', 27, '12', 'MOH RUKAN', 'RT 26 / RW 08 Kel Sukorame', '3571011405060660', NULL, '2022-12-19', '2023-08-15 05:50:18', '2023-08-15 05:50:18'),
(392, '27P13', 27, '13', 'SUYONO', 'RT 31 / RW 09 Kel Sukorame', '3571011405060010', NULL, NULL, '2023-08-15 05:50:18', '2023-08-15 05:50:18'),
(393, '27P14', 27, '14', 'DERMAGA SURATMIN, S.Sos', 'RT 16 / RW 04 Kel Sukorame', '3571012001080000', NULL, '2022-12-19', '2023-08-15 05:50:18', '2023-08-15 05:50:18'),
(394, '27P2', 27, '2', 'HASANUDIN', 'RT 17 / RW 05 Kel Sukorame', '3571011305065550', NULL, '2022-12-19', '2023-08-15 05:50:18', '2023-08-15 05:50:18'),
(395, '27P3', 27, '3', 'SUPARDI', 'RT 19 / RW 06 Kel Sukorame', '3571012201160000', NULL, '2022-12-19', '2023-08-15 05:50:18', '2023-08-15 05:50:18'),
(396, '27P4', 27, '4', 'DARYONO', 'RT 21 / RW 06 Kel Sukorame', '3571011111080040', NULL, '2022-12-19', '2023-08-15 05:50:18', '2023-08-15 05:50:18'),
(397, '27P5', 27, '5', 'JOKO PURNOMO', 'RT 21 / RW 06 Kel Sukorame', '3571013010140000', NULL, '2022-12-19', '2023-08-15 05:50:18', '2023-08-15 05:50:18'),
(398, '27P6', 27, '6', 'KANIRAN', 'RT 20 / RW 06 Kel Sukorame', '3571011305067210', NULL, '2022-12-19', '2023-08-15 05:50:18', '2023-08-15 05:50:18'),
(399, '27P7', 27, '7', 'TUKIRAN', 'RT 24 / RW 07 Kel Sukorame', '3571012504080080', NULL, NULL, '2023-08-15 05:50:18', '2023-08-15 05:50:18'),
(400, '27P8', 27, '8', 'SUJOKO', 'RT 19 / RW 06 Kel Sukorame', '3571011305066130', NULL, NULL, '2023-08-15 05:50:18', '2023-08-15 05:50:18'),
(401, '27P9', 27, '9', 'PUTUT DJUMIRAN, S.Pd.', 'RT 22 / RW 07 Kel Sukorame', '3571011305067280', NULL, '2022-12-19', '2023-08-15 05:50:18', '2023-08-15 05:50:18'),
(402, '28P1', 28, '1', 'TEGUH SRIONO', 'RT 04 / RW 04 Kel Bujel', '3571012507080010', NULL, '2022-12-19', '2023-08-15 05:50:18', '2023-08-15 05:50:18'),
(403, '28P10', 28, '10', 'SUDJIAD', 'RT 03 / RW 06 Kel Bujel', '3571011305067340', NULL, '2022-12-19', '2023-08-15 05:50:18', '2023-08-15 05:50:18'),
(404, '28P11', 28, '11', 'DWI ENDARYANTO', 'RT 01 / RW 06 Kel Bujel', '3571010709070000', NULL, '2022-12-13', '2023-08-15 05:50:18', '2023-08-15 05:50:18'),
(405, '28P12', 28, '12', 'EKO YUWONO', 'RT 03 / RW 06 Kel Bujel', '3571011305067950', NULL, '2022-12-14', '2023-08-15 05:50:18', '2023-08-15 05:50:18'),
(406, '28P13', 28, '13', 'SAMILAN', 'RT 01 / RW 06 Kel Bujel', '3571011305067440', NULL, '2022-12-13', '2023-08-15 05:50:18', '2023-08-15 05:50:18'),
(407, '28P14', 28, '14', 'NUR HUDA', 'RT 03 / RW 06 Kel Bujel', '3571011006140000', NULL, NULL, '2023-08-15 05:50:18', '2023-08-15 05:50:18'),
(408, '28P15', 28, '15', 'PONIDI', 'RT 03 / RW 06 Kel Bujel', '3571011305067350', NULL, '2022-12-13', '2023-08-15 05:50:18', '2023-08-15 05:50:18'),
(409, '28P16', 28, '16', 'UNTUNG TRI WAHONO', 'RT 02 / RW 06 Kel Bujel', '3571012505110010', NULL, '2022-12-14', '2023-08-15 05:50:18', '2023-08-15 05:50:18'),
(410, '28P17', 28, '17', 'EKO RENDI MARLIKA', 'RT 03 / RW 06 Kel Bujel', '3571011305067350', NULL, '2022-12-14', '2023-08-15 05:50:18', '2023-08-15 05:50:18'),
(411, '28P18', 28, '18', 'KATIMAN', 'RT 02 / RW 06 Kel Bujel', '3571011305067390', NULL, '2022-12-13', '2023-08-15 05:50:18', '2023-08-15 05:50:18'),
(412, '28P19', 28, '19', 'TIKNO WAHYONO', 'RT 03 / RW 06 Kel Bujel', '3571010706180010', NULL, NULL, '2023-08-15 05:50:18', '2023-08-15 05:50:18'),
(413, '28P2', 28, '2', 'KUSNAN', 'RT 01 / RW 05 Kel Bujel', '3571011305066790', NULL, '2022-12-22', '2023-08-15 05:50:18', '2023-08-15 05:50:18'),
(414, '28P20', 28, '20', 'SUCIPTO', 'RT 03 / RW 06 Kel Bujel', '3571011305067360', NULL, '2022-12-14', '2023-08-15 05:50:18', '2023-08-15 05:50:18'),
(415, '28P21', 28, '21', 'PUJI WIDODO', 'RT 02 / RW 03 Kel Bujel', '3571011405063260', NULL, '2022-12-13', '2023-08-15 05:50:18', '2023-08-15 05:50:18'),
(416, '28P3', 28, '3', 'SUKAMTO', 'RT 06 / RW 05 Kel Bujel', '3571011305069600', NULL, '2022-12-22', '2023-08-15 05:50:18', '2023-08-15 05:50:18'),
(417, '28P4', 28, '4', 'MUHTAHROM', 'RT 04 / RW 05 Kel Bujel', '3571011305069630', NULL, '2022-12-22', '2023-08-15 05:50:18', '2023-08-15 05:50:18'),
(418, '28P5', 28, '5', 'KARMIJAN', 'RT 02 / RW 02 Kel Bujel', '3571011405062310', NULL, '2022-12-19', '2023-08-15 05:50:18', '2023-08-15 05:50:18'),
(419, '28P6', 28, '6', 'MOH ACKLIS YUBAIDI', 'RT 01 / RW 04 Kel Bujel', '3571011004180000', NULL, NULL, '2023-08-15 05:50:18', '2023-08-15 05:50:18'),
(420, '28P7', 28, '7', 'SIHABUDDIN', 'RT 01 / RW 04 Kel Bujel', '3571011305066200', NULL, '2022-12-19', '2023-08-15 05:50:18', '2023-08-15 05:50:18'),
(421, '28P8', 28, '8', 'PARJI', 'RT 01 / RW 05 Kel Bujel', '3571011305066780', NULL, '2022-12-22', '2023-08-15 05:50:18', '2023-08-15 05:50:18'),
(422, '28P9', 28, '9', 'MUKH. ANSHORI', 'RT 04 / RW 05 Kel Bujel', '3571011305069630', NULL, '2022-12-21', '2023-08-15 05:50:18', '2023-08-15 05:50:18'),
(423, '29P1', 29, '1', 'NURHADI', 'RT 22 / RW 05 Kel Pojok', '3571011305061410', NULL, '2022-12-28', '2023-08-15 05:50:18', '2023-08-15 05:50:18'),
(424, '29P10', 29, '10', 'MUNAHAR', 'RT 17 / RW 04 Kel Pojok', '3571011205064710', NULL, '2022-12-27', '2023-08-15 05:50:18', '2023-08-15 05:50:18'),
(425, '29P11', 29, '11', 'BASORI', 'RT 20 / RW 04 Kel Pojok', '3571011205065670', NULL, NULL, '2023-08-15 05:50:18', '2023-08-15 05:50:18'),
(426, '29P12', 29, '12', 'KOLIT TOHIRI', 'RT 21 / RW 05 Kel Pojok', '3571010906070050', NULL, NULL, '2023-08-15 05:50:19', '2023-08-15 05:50:19'),
(427, '29P13', 29, '13', 'MISBAHUDIN', 'RT 21 / RW 05 Kel Pojok', '3571011202090010', NULL, '2022-12-26', '2023-08-15 05:50:19', '2023-08-15 05:50:19'),
(428, '29P14', 29, '14', 'SUHAENI', 'RT 18 / RW 04 Kel Pojok', '3571012511140000', NULL, NULL, '2023-08-15 05:50:19', '2023-08-15 05:50:19'),
(429, '29P15', 29, '15', 'IMRON KHOSIM', 'RT 19 / RW 04 Kel Pojok', '3571011205065620', NULL, '2022-12-19', '2023-08-15 05:50:19', '2023-08-15 05:50:19'),
(430, '29P16', 29, '16', 'NANANG RIANTO', 'RT 19 / RW 04 Kel Pojok', '3571012810080000', NULL, NULL, '2023-08-15 05:50:19', '2023-08-15 05:50:19'),
(431, '29P17', 29, '17', 'SRI MUNTATI\'IN', 'RT 19 / RW 04 Kel Pojok', '3571011205065630', NULL, NULL, '2023-08-15 05:50:19', '2023-08-15 05:50:19'),
(432, '29P18', 29, '18', 'SIGIT SUGIARTO', 'RT 20 / RW 04 Kel Pojok', '3571012406200000', NULL, '2022-12-27', '2023-08-15 05:50:19', '2023-08-15 05:50:19'),
(433, '29P19', 29, '19', 'SUBANI', 'RT 20 / RW 04 Kel Pojok', '3571011205065660', NULL, NULL, '2023-08-15 05:50:19', '2023-08-15 05:50:19'),
(434, '29P2', 29, '2', 'YASIN', 'RT 11 / RW 03 Kel Pojok', '3571011305063480', NULL, NULL, '2023-08-15 05:50:19', '2023-08-15 05:50:19'),
(435, '29P20', 29, '20', 'ROJABI', 'RT 19 / RW 04 Kel Pojok', '3571011205065630', NULL, NULL, '2023-08-15 05:50:19', '2023-08-15 05:50:19'),
(436, '29P21', 29, '21', 'SUHARI', 'RT 16 / RW 04 Kel Pojok', '3571011905080010', NULL, NULL, '2023-08-15 05:50:19', '2023-08-15 05:50:19'),
(437, '29P22', 29, '22', 'PONIJAN', 'RT 20 / RW 04 Kel Pojok', '3571011706080010', NULL, '2022-12-27', '2023-08-15 05:50:19', '2023-08-15 05:50:19'),
(438, '29P23', 29, '23', 'MOH SHOLEH', 'RT 19 / RW 04 Kel Pojok', '3571011205065620', NULL, NULL, '2023-08-15 05:50:19', '2023-08-15 05:50:19'),
(439, '29P24', 29, '24', 'SUMANTORO', 'RT 20 / RW 04 Kel Pojok', '3571011205065660', NULL, NULL, '2023-08-15 05:50:19', '2023-08-15 05:50:19'),
(440, '29P25', 29, '25', 'TARMUJI', 'RT 18 / RW 04 Kel Pojok', '3571012404080080', NULL, NULL, '2023-08-15 05:50:19', '2023-08-15 05:50:19'),
(441, '29P26', 29, '26', 'ABDUL HALIM', 'RT 19 / RW 04 Kel Pojok', '3571011205065630', NULL, NULL, '2023-08-15 05:50:19', '2023-08-15 05:50:19'),
(442, '29P27', 29, '27', 'SIDI', 'RT 19 / RW 04 Kel Pojok', '3571011601080010', NULL, NULL, '2023-08-15 05:50:19', '2023-08-15 05:50:19'),
(443, '29P28', 29, '28', 'BADRI', 'RT 20 / RW 04 Kel Pojok', '3571011011080000', NULL, NULL, '2023-08-15 05:50:19', '2023-08-15 05:50:19'),
(444, '29P29', 29, '29', 'IMAM MAHMUDI', 'RT 06 / RW 01 Kel Pojok', '3571011205065730', NULL, '2022-12-28', '2023-08-15 05:50:19', '2023-08-15 05:50:19'),
(445, '29P3', 29, '3', 'ROPIK', 'RT 13 / RW 03 Kel Pojok', '3571011001220010', NULL, '2022-12-19', '2023-08-15 05:50:19', '2023-08-15 05:50:19'),
(446, '29P30', 29, '30', 'SUPARDI', 'RT 09 / RW 02 Kel Pojok', '3571011205061020', NULL, '2022-12-27', '2023-08-15 05:50:19', '2023-08-15 05:50:19'),
(447, '29P31', 29, '31', 'SULASTRI', 'RT 22 / RW 05 Kel Pojok', '3571012306150000', NULL, NULL, '2023-08-15 05:50:19', '2023-08-15 05:50:19'),
(448, '29P32', 29, '32', 'NISWATURROHIMAH', 'RT 22 / RW 05 Kel Pojok', '3571010906140000', NULL, NULL, '2023-08-15 05:50:19', '2023-08-15 05:50:19'),
(449, '29P33', 29, '33', 'MAJIDAH', 'RT 22 / RW 05 Kel Pojok', '3571012307180000', NULL, '2022-12-15', '2023-08-15 05:50:19', '2023-08-15 05:50:19'),
(450, '29P34', 29, '34', 'NUNUNG YULIANA', 'RT 22 / RW 05 Kel Pojok', '3571011305061370', NULL, NULL, '2023-08-15 05:50:19', '2023-08-15 05:50:19'),
(451, '29P35', 29, '35', 'SUHUT', 'RT 12 / RW 03 Kel Pojok', '3571011305063410', NULL, '2022-12-19', '2023-08-15 05:50:19', '2023-08-15 05:50:19'),
(452, '29P36', 29, '36', 'KARIANTO', 'RT 10 / RW 02 Kel Pojok', '3571012705080030', NULL, '2022-12-23', '2023-08-15 05:50:19', '2023-08-15 05:50:19'),
(453, '29P37', 29, '37', 'SAMURI', 'RT 12 / RW 03 Kel Pojok', '3571011305063420', NULL, '2022-12-23', '2023-08-15 05:50:19', '2023-08-15 05:50:19'),
(454, '29P38', 29, '38', 'IMAM MUHYIDIN', 'RT 10 / RW 02 Kel Pojok', '3571011305064480', NULL, NULL, '2023-08-15 05:50:19', '2023-08-15 05:50:19'),
(455, '29P39', 29, '39', 'NUGROHO ARYO WICAKSONO', 'RT 23 / RW 05 Kel Pojok', '3571010212200000', NULL, NULL, '2023-08-15 05:50:19', '2023-08-15 05:50:19'),
(456, '29P4', 29, '4', 'MOCHAMAD JURI', 'RT 19 / RW 04 Kel Pojok', '3571011305064570', NULL, '2022-12-27', '2023-08-15 05:50:19', '2023-08-15 05:50:19'),
(457, '29P40', 29, '40', 'YADI', 'RT 15 / RW 03 Kel Pojok', '3571011305062410', NULL, NULL, '2023-08-15 05:50:19', '2023-08-15 05:50:19'),
(458, '29P41', 29, '41', 'MURI', 'RT 15 / RW 03', '3571010206100000', NULL, NULL, '2023-08-15 05:50:19', '2023-08-15 05:50:19'),
(459, '29P5', 29, '5', 'MOH.SHO\'IM', 'RT 17 / RW 04 Kel Pojok', '3571011205064700', NULL, NULL, '2023-08-15 05:50:19', '2023-08-15 05:50:19'),
(460, '29P6', 29, '6', 'TOERMOEDI', 'RT 20/ RW 04 Kel Pojok', '3571011205065680', NULL, NULL, '2023-08-15 05:50:19', '2023-08-15 05:50:19'),
(461, '29P7', 29, '7', 'JAENAL', 'RT 04 / RW 07 Kel Pojok', '3571010506070440', NULL, NULL, '2023-08-15 05:50:19', '2023-08-15 05:50:19'),
(462, '29P8', 29, '8', 'MUBADRI', 'RT 19 / RW 04 Kel Pojok', '3571011205065630', NULL, NULL, '2023-08-15 05:50:19', '2023-08-15 05:50:19'),
(463, '29P9', 29, '9', 'SAIFUDIN', 'RT 17 / RW 04 Kel Pojok', '3571012001090000', NULL, NULL, '2023-08-15 05:50:19', '2023-08-15 05:50:19'),
(464, '30P1', 30, '1', 'HASAN ZAMZAMI', 'RT 02 / RW 01 Kel Lirboyo', '3571010203080000', NULL, '2022-12-29', '2023-08-15 05:50:19', '2023-08-15 05:50:19'),
(465, '30P2', 30, '2', 'M. SOLEH', 'RT 02 / RW 01 Kel Lirboyo', '3571012611090010', NULL, '2022-12-29', '2023-08-15 05:50:19', '2023-08-15 05:50:19'),
(466, '30P3', 30, '3', 'DEKKY SUSANTO', 'RT 03 / RW 02 Kel Lirboyo', '3571010304120010', NULL, '2022-12-29', '2023-08-15 05:50:19', '2023-08-15 05:50:19'),
(467, '30P4', 30, '4', 'ARWA FATHIMATUZZAHRO', 'RT 02 / RW 01 Kel Lirboyo', '3571011905150010', NULL, '2022-12-29', '2023-08-15 05:50:19', '2023-08-15 05:50:19'),
(468, '30P5', 30, '5', 'ABDULLOH KAFABIHI MARRUS', 'RT 02 / RW 01 Kel Lirboyo', '3571010203080000', NULL, '2022-12-29', '2023-08-15 05:50:19', '2023-08-15 05:50:19'),
(469, '30P6', 30, '6', 'SAMIRIN', 'RT 03 / RW 04 Kel Lirboyo', '3571011205069820', NULL, '2022-12-29', '2023-08-15 05:50:19', '2023-08-15 05:50:19'),
(470, '30P7', 30, '7', 'AHMAD', 'RT 02 / RW 01 Kel Lirboyo', '3571011210180000', NULL, '2022-12-29', '2023-08-15 05:50:19', '2023-08-15 05:50:19'),
(471, '30P8', 30, '8', 'ERNA FITRI TJAHJANI DANAWISASTRA', 'RT 03 / RW 03 Kel Lirboyo', '3571011305063940', NULL, NULL, '2023-08-15 05:50:19', '2023-08-15 05:50:19'),
(472, '31P1', 31, '1', 'PUDJO SIGIT SULARSO', 'RT 24 / RW 04 Kel Bandar Lor', '3571011205069070', NULL, '2022-12-22', '2023-08-15 05:50:19', '2023-08-15 05:50:19'),
(473, '31P10', 31, '10', 'AYUB SETIONO', 'RT 17 / RW 03 Kel Bandar Lor', '3571011205069030', NULL, '2022-12-22', '2023-08-15 05:50:19', '2023-08-15 05:50:19'),
(474, '31P11', 31, '11', 'PURWASISTO', 'RT 17 / RW 03 Kel Bandar Lor', '3571010812170000', NULL, '2022-12-20', '2023-08-15 05:50:19', '2023-08-15 05:50:19'),
(475, '31P12', 31, '12', 'HARIYONO', 'RT 37 / RW 08 Kel Bandar Lor', '3571011402130030', NULL, '2022-12-30', '2023-08-15 05:50:19', '2023-08-15 05:50:19'),
(476, '31P13', 31, '13', 'IMAM SAFINGI', 'RT 15 / RW 02 Kel Bandar Lor', '3571010206210000', NULL, NULL, '2023-08-15 05:50:19', '2023-08-15 05:50:19'),
(477, '31P14', 31, '14', 'PUSPITASARI', 'RT 01 / RW 01 Kel Bandar Lor', '3571011610190000', NULL, '2022-12-30', '2023-08-15 05:50:19', '2023-08-15 05:50:19'),
(478, '31P15', 31, '15', 'ANIK SUMARTI', 'RT 27 / RW 05 Kel Bandar Lor', '3571010907080000', NULL, NULL, '2023-08-15 05:50:19', '2023-08-15 05:50:19'),
(479, '31P16', 31, '16', 'ANTON KRISTANTO', 'RT 41 / RW 07 Kel Bandar Lor', '3571011404160000', NULL, '2022-12-30', '2023-08-15 05:50:19', '2023-08-15 05:50:19'),
(480, '31P2', 31, '2', 'SITI KALIMAH', 'RT 15 / RW 02 Kel Bandar Lor', '3571010905180000', NULL, '2022-12-22', '2023-08-15 05:50:19', '2023-08-15 05:50:19'),
(481, '31P3', 31, '3', 'YOYOK SUPRIYONO', 'RT 25 / RW 05 Kel Bandar Lor', '3571010906070060', NULL, '2022-12-22', '2023-08-15 05:50:19', '2023-08-15 05:50:19'),
(482, '31P4', 31, '4', 'SUWARNO', 'RT 33 / RW 07 Kel Bandar Lor', '3571011205068190', NULL, NULL, '2023-08-15 05:50:19', '2023-08-15 05:50:19'),
(483, '31P5', 31, '5', 'AGUS SALIM', 'RT 19 / RW 03 Kel Bandar Lor', '3571011205065340', NULL, '2022-12-22', '2023-08-15 05:50:19', '2023-08-15 05:50:19'),
(484, '31P6', 31, '6', 'TABAH PURNO EDI', 'RT 33 / RW 07 Kel Bandar Lor', '3571011010080000', NULL, '2022-12-22', '2023-08-15 05:50:19', '2023-08-15 05:50:19'),
(485, '31P7', 31, '7', 'SAEPUDIN', 'RT 11 / RW 02 Kel Bandar Lor', '3571011305064140', NULL, '2022-12-22', '2023-08-15 05:50:19', '2023-08-15 05:50:19'),
(486, '31P8', 31, '8', 'NUR LAILI', 'RT 42 / RW 06 Kel Bandar Lor', '3571011305064090', NULL, '2022-12-22', '2023-08-15 05:50:19', '2023-08-15 05:50:19'),
(487, '31P9', 31, '9', 'SUPARWONO', 'RT 11 / RW 02 Kel Bandar Lor', '3571011305064140', NULL, '2022-12-22', '2023-08-15 05:50:19', '2023-08-15 05:50:19'),
(488, '32P1', 32, '1', 'NASIYAH', 'RT 05 / RW 07 Kel Bandar Kidul', '3571013012140000', NULL, '2022-12-15', '2023-08-15 05:50:19', '2023-08-15 05:50:19'),
(489, '32P10', 32, '10', 'SLAMET SUBIANTORO', 'RT 05 / RW 01 Kel Bandar Kidul', '357010303180005', NULL, '2022-12-29', '2023-08-15 05:50:19', '2023-08-15 05:50:19'),
(490, '32P11', 32, '11', 'BARUNA ADORAHAYU', 'RT 05 / RW 05 Kel Bandar Kidul', '3571012603120010', NULL, '2022-12-29', '2023-08-15 05:50:19', '2023-08-15 05:50:19'),
(491, '32P12', 32, '12', 'EKO PRAJOKO', 'RT 05 / RW 01 Kel Bandar Kidul', '3571012411080000', NULL, '2022-12-29', '2023-08-15 05:50:19', '2023-08-15 05:50:19'),
(492, '32P13', 32, '13', 'HARUN MUSTOFA', 'RT 05 / RW 06 Kel Bandar Kidul', '3571011211070030', NULL, '2022-12-29', '2023-08-15 05:50:19', '2023-08-15 05:50:19'),
(493, '32P2', 32, '2', 'WALINAH', 'RT 23 / RW 04 Kel Bandar Kidul', '3571010801150020', NULL, '2022-12-15', '2023-08-15 05:50:19', '2023-08-15 05:50:19'),
(494, '32P3', 32, '3', 'LUMADI', 'RT 05 / RW 07 Kel Bandar Kidul', '3571011205061310', NULL, '2022-12-15', '2023-08-15 05:50:19', '2023-08-15 05:50:19'),
(495, '32P4', 32, '4', 'CATUR HARIYONO', 'RT 23 / RW 04 Kel Bandar Kidul', '3571010111100000', NULL, '2022-12-30', '2023-08-15 05:50:19', '2023-08-15 05:50:19'),
(496, '32P5', 32, '5', 'PUJIANI', 'RT 23 / RW 04 Kel Bandar Kidul', '3571012811110000', NULL, NULL, '2023-08-15 05:50:19', '2023-08-15 05:50:19'),
(497, '32P6', 32, '6', 'ACH. PURWANTO', 'RT 01 / RW 01 Kel Bandar Kidul', '3571011205065170', NULL, '2022-12-20', '2023-08-15 05:50:19', '2023-08-15 05:50:19'),
(498, '32P7', 32, '7', 'YOUNGKY FADILA AKBAR', 'RT 12 / RW 03 Kel Bandar Kidul', '3571011205063170', NULL, '2022-12-29', '2023-08-15 05:50:19', '2023-08-15 05:50:19'),
(499, '32P8', 32, '8', 'YASIR', 'RT 05 / RW 05 Kel Bandar Kidul', '3571011205065990', NULL, '2022-12-29', '2023-08-15 05:50:19', '2023-08-15 05:50:19'),
(500, '32P9', 32, '9', 'MOH ZAINAL ARIFIN', 'RT 03 / RW 02 Kel Bandar Kidul', '3571010506070350', NULL, '2022-12-29', '2023-08-15 05:50:19', '2023-08-15 05:50:19'),
(501, '33P1', 33, '1', 'BUDIONO', 'RT 04 / RW 01 Kel Banjarmlati', '3571011205067710', NULL, '2022-12-27', '2023-08-15 05:50:19', '2023-08-15 05:50:19'),
(502, '33P2', 33, '2', 'MOH SHOLIKHAN', 'RT 01 / RW 09 Kel Banjarmlati', '3571013110070030', NULL, '2022-12-27', '2023-08-15 05:50:19', '2023-08-15 05:50:19'),
(503, '33P3', 33, '3', 'KHAMIM TOHARI', 'RT 02 / RW 09 Kel Banjarmlati', '3571011305060650', NULL, '2022-12-21', '2023-08-15 05:50:19', '2023-08-15 05:50:19'),
(504, '33P4', 33, '4', 'MOH. MUDJIONO', 'RT 02 / RW 09 Kel Banjarmlati', '3571010605090010', NULL, '2022-12-21', '2023-08-15 05:50:19', '2023-08-15 05:50:19'),
(505, '33P5', 33, '5', 'SULTON MUDZAKIR', 'RT 02 / RW 09 Kel Banjarmlati', '3571011702100000', NULL, '2022-12-21', '2023-08-15 05:50:19', '2023-08-15 05:50:19'),
(506, '33P6', 33, '6', 'SAMSUL HADI', 'RT 25 / RW 08 Kel Banjarmlati', '3571011107080010', NULL, '2022-12-30', '2023-08-15 05:50:19', '2023-08-15 05:50:19'),
(507, '34P1', 34, '1', 'SAIUL YASIN', 'RT 04 / RW 02 Kel Tamanan', '3571010511080010', NULL, '2023-01-03', '2023-08-15 05:50:19', '2023-08-15 05:50:19'),
(508, '34P10', 34, '10', 'SUMARDI', 'RT 02 / RW 02 Kel Tamanan', '3571011205063970', NULL, '2022-12-22', '2023-08-15 05:50:19', '2023-08-15 05:50:19'),
(509, '34P11', 34, '11', 'AHMAT RIDUWAN', 'RT 05 / RW 02 Kel Tamanan', '3571011205063040', NULL, '2022-12-26', '2023-08-15 05:50:19', '2023-08-15 05:50:19'),
(510, '34P12', 34, '12', 'POIJAN', 'RT 03 / RW 03 Kel Tamanan ', '3571011305064750', NULL, '2022-12-30', '2023-08-15 05:50:19', '2023-08-15 05:50:19'),
(511, '34P13', 34, '13', 'SUNARTIYAH', 'RT 02 / RW 02 Kel Tamanan', '3571011205063980', NULL, NULL, '2023-08-15 05:50:19', '2023-08-15 05:50:19'),
(512, '34P14', 34, '14', 'BASUKI', 'RT 04 / RW 02 Kel Tamanan', '3571012706080030', NULL, NULL, '2023-08-15 05:50:19', '2023-08-15 05:50:19'),
(513, '34P2', 34, '2', 'IMAM NAWAWI', 'RT 03 / RW 03 Kel Tamanan', '3571011305064770', NULL, NULL, '2023-08-15 05:50:19', '2023-08-15 05:50:19'),
(514, '34P3', 34, '3', 'JUWADI', 'RT 07 / RW 02 Kel Tamanan', '3571011205062160', NULL, '2022-12-26', '2023-08-15 05:50:19', '2023-08-15 05:50:19'),
(515, '34P4', 34, '4', 'GATOT WIYONO', 'RT 10 / RW 02 Kel Tamanan', '3571011205062190', NULL, '2023-01-22', '2023-08-15 05:50:19', '2023-08-15 05:50:19'),
(516, '34P5', 34, '5', 'SUPARNO', 'RT 06 / RW 02 Kel Tamanan', '3571011205062190', NULL, '2022-12-30', '2023-08-15 05:50:19', '2023-08-15 05:50:19'),
(517, '34P6', 34, '6', 'AHMAD CHOLIL SARONI', 'RT 05 / RW 02 Kel Tamanan', '3571011205063060', NULL, '2022-12-23', '2023-08-15 05:50:19', '2023-08-15 05:50:19'),
(518, '34P7', 34, '7', 'YUDIONO', 'RT 02 / RW 02 Kel Tamanan', '3571011205062100', NULL, '2023-01-03', '2023-08-15 05:50:19', '2023-08-15 05:50:19'),
(519, '34P8', 34, '8', 'LAMHADI', 'RT 05 / RW 02 Kel Tamanan', '3571011205063050', NULL, NULL, '2023-08-15 05:50:19', '2023-08-15 05:50:19'),
(520, '34P9', 34, '9', 'NASIRUL AMIDANA', 'RT 02 / RW 02 Kel Tamanan', '3571011205063970', NULL, '2022-12-26', '2023-08-15 05:50:19', '2023-08-15 05:50:19'),
(521, '3P1', 3, '1', 'NUR CAVIT DIMYATI', 'Jl. Mayor Bismo No 67 RT 07 RW 01', '3571022408090000', NULL, '2022-09-28', '2023-08-15 05:50:19', '2023-08-15 05:50:19'),
(522, '3P11', 3, '11', 'NUR ROHMAD', 'Jl. Mayor Bismo No 351 RT 01 RW 01', '3571021605061190', NULL, '2022-09-28', '2023-08-15 05:50:19', '2023-08-15 05:50:19'),
(523, '3P16', 3, '16', 'SUGIANTO', 'Jl. Mayor Bismo RT 01 RW 01', '3571022405070140', NULL, '2022-10-11', '2023-08-15 05:50:19', '2023-08-15 05:50:19'),
(524, '3P17', 3, '17', 'MOCHAMATH SOLAIMAN', 'Jl. Mayor Bismo No 143 RT 02 RW 01', '3571020604150010', NULL, '2022-10-04', '2023-08-15 05:50:19', '2023-08-15 05:50:19'),
(525, '3P19', 3, '19', 'SUPRIYONO', 'Jl. Mayor Bismo No 145 RT 02 RW 01', '3571021011100010', NULL, '2022-10-10', '2023-08-15 05:50:19', '2023-08-15 05:50:19'),
(526, '3P2', 3, '2', 'SUHADI', 'Jl. Mayor Bismo No 151 RT 03 RW 01', '3571022405070030', NULL, '2022-10-06', '2023-08-15 05:50:19', '2023-08-15 05:50:19'),
(527, '3P20', 3, '20', 'Hj. SURYATI', 'Jl. Mayor Bismo No 377 RT 01 RW 01', '3571020904210000', NULL, '2022-09-27', '2023-08-15 05:50:19', '2023-08-15 05:50:19'),
(528, '3P21', 3, '21', 'SUKARNININGSIH', 'Jl. Mayor Bismo No 281 RT 02 RW 01', '3571021102210010', NULL, '2022-10-11', '2023-08-15 05:50:19', '2023-08-15 05:50:19'),
(529, '3P22', 3, '22', 'SITI CHOTIJAH', 'Jl. Mayor Bismo No 141B RT 03 RW 01', '3571023110170000', NULL, '2022-10-11', '2023-08-15 05:50:19', '2023-08-15 05:50:19'),
(530, '3P4', 3, '4', 'SUBAGIYONO', 'Jl. Mayor Bismo GG Makam RT 02 RW 01', '3571022405070630', NULL, '2022-10-13', '2023-08-15 05:50:19', '2023-08-15 05:50:19'),
(531, '3P5', 3, '5', 'AHMAD FARID MAULANA', 'Jl. Mayor Bismo No 363 RT 01 RW 01', '3571021405069620', NULL, '2022-10-10', '2023-08-15 05:50:20', '2023-08-15 05:50:20'),
(532, '3P6', 3, '6', 'SANTOSO', 'Jl. Mayor Bismo GG Makam 05  RT 03 RW 01', '3571022706080000', NULL, '2022-10-10', '2023-08-15 05:50:20', '2023-08-15 05:50:20'),
(533, '3P7', 3, '7', 'MUSINEM', 'Jl. Mayor Bismo No 361 B RT 01 RW 01', '3571021405069620', NULL, '2022-10-17', '2023-08-15 05:50:20', '2023-08-15 05:50:20'),
(534, '3P8', 3, '8', 'MARSUP', 'Jl. Mayor Bismo No 139 B RT 03 RW 01', '3571021605060740', NULL, '2022-10-10', '2023-08-15 05:50:20', '2023-08-15 05:50:20'),
(535, '3P9', 3, '9', 'SETIYO WANDONO', 'Semampir I GG Tembus 10 RT 12 RW 02', '3571022911080010', NULL, NULL, '2023-08-15 05:50:20', '2023-08-15 05:50:20'),
(536, '35P1', 35, '1', 'ANSHORI', 'RT 13/ RW 03 Kel Campurejo', '3571011205060080', NULL, '2022-12-27', '2023-08-15 05:50:20', '2023-08-15 05:50:20'),
(537, '35P10', 35, '10', 'SUWARTO', 'RT 10 / RW 02 Kel Campurejo', '3571011205065810', NULL, '2022-12-21', '2023-08-15 05:50:20', '2023-08-15 05:50:20'),
(538, '35P11', 35, '11', 'SALAMUN', 'RT 10 / RW 02 Kel Campurejo', '3571011205065830', NULL, '2022-12-21', '2023-08-15 05:50:20', '2023-08-15 05:50:20'),
(539, '35P12', 35, '12', 'SUDJARNO', 'RT 07 / RW 02 Kel Campurejo', '3571011205064850', NULL, '2022-12-21', '2023-08-15 05:50:20', '2023-08-15 05:50:20'),
(540, '35P13', 35, '13', 'SAMIRAN', 'RT 14 / RW 03 Kel Campurejo', '3571011205060090', NULL, '2022-12-21', '2023-08-15 05:50:20', '2023-08-15 05:50:20'),
(541, '35P14', 35, '14', 'TUKIMAN', 'RT 10 / RW 02 Kel Campurejo', '3571011205065800', NULL, NULL, '2023-08-15 05:50:20', '2023-08-15 05:50:20'),
(542, '35P15', 35, '15', 'JOKO KUNCORO', 'RT 12 / RW 03 Kel Campurejo', '3571010811080000', NULL, NULL, '2023-08-15 05:50:20', '2023-08-15 05:50:20'),
(543, '35P16', 35, '16', 'AWALUDDIN ISMAN', 'RT 13 / RW 03 Kel Campurejo', '3571012105080000', NULL, NULL, '2023-08-15 05:50:20', '2023-08-15 05:50:20'),
(544, '35P2', 35, '2', 'LEGIMIN', 'RT 12 / RW 03 Kel Campurejo', '3571011205060050', NULL, '2022-12-21', '2023-08-15 05:50:20', '2023-08-15 05:50:20'),
(545, '35P3', 35, '3', 'SUWARSONO, S Sos', 'RT 18 / RW 04 Kel Campurejo', '3571011205067580', NULL, '2022-12-27', '2023-08-15 05:50:20', '2023-08-15 05:50:20'),
(546, '35P4', 35, '4', 'WAGE', 'RT 19 / RW 04 Kel Campurejo', '3571011205067600', NULL, NULL, '2023-08-15 05:50:20', '2023-08-15 05:50:20'),
(547, '35P5', 35, '5', 'DJARNO', 'RT 14 / RW 03 Kel Campurejo', '3571011205061050', NULL, '2022-12-26', '2023-08-15 05:50:20', '2023-08-15 05:50:20'),
(548, '35P6', 35, '6', 'ZAINAL ARIFIN', 'RT 11 / RW 02 Kel Campurejo', '3571011205068560', NULL, '2022-12-26', '2023-08-15 05:50:20', '2023-08-15 05:50:20'),
(549, '35P7', 35, '7', 'NUR WAHID', 'RT 11 / RW 02 Kel Campurejo', '3571011205080010', NULL, '2022-12-26', '2023-08-15 05:50:20', '2023-08-15 05:50:20'),
(550, '35P8', 35, '8', 'ROHMATULLOH', 'RT 19 / RW 04 Kel Campurejo', '3571012804160010', NULL, '2022-12-26', '2023-08-15 05:50:20', '2023-08-15 05:50:20'),
(551, '35P9', 35, '9', 'MUASISUL CHOIROT', 'RT 19 / RW 04 Kel Campurejo', '3571011910100010', NULL, '2022-12-26', '2023-08-15 05:50:20', '2023-08-15 05:50:20'),
(552, '36P1', 36, '1', 'ACH. ZAINUDIN', 'Jl. Sersan Suharmaji RT 04 RW 04', '3571021405067990', NULL, '2022-09-28', '2023-08-15 05:50:20', '2023-08-15 05:50:20'),
(553, '36P10', 36, '10', 'AHMAD YULIANTO', 'Jl. S. Suharmaji No 25 RT 04 RW 01', '3571021005070040', NULL, '2022-10-04', '2023-08-15 05:50:20', '2023-08-15 05:50:20'),
(554, '36P11', 36, '11', 'ELLY TRIAS NOVI ROHMANIATI', 'Manisrenggo RT 01 RW 04', '3571022602210000', NULL, '2022-10-05', '2023-08-15 05:50:20', '2023-08-15 05:50:20'),
(555, '36P12', 36, '12', 'ABDUL ROCHIM', 'Jl. S. Suharmaji No 223 RT 01 RW 04', '3571021005070050', NULL, '2022-10-04', '2023-08-15 05:50:20', '2023-08-15 05:50:20'),
(556, '36P13', 36, '13', 'RIANAH', 'Jl. S. Suharmaji GG SMA 4 RT 03 RW 05', '3571025111700000', NULL, '2022-10-05', '2023-08-15 05:50:20', '2023-08-15 05:50:20'),
(557, '36P14', 36, '14', 'ZAENAL ABIDIN', 'Manisrenggo RT 03 RW 06', '3571021405066770', NULL, '2022-10-04', '2023-08-15 05:50:20', '2023-08-15 05:50:20'),
(558, '36P15', 36, '15', 'SURYO ARIANTO', 'Manisrenggo RT 03 RW 07', '3571021804120000', NULL, '2022-10-03', '2023-08-15 05:50:20', '2023-08-15 05:50:20'),
(559, '36P16', 36, '16', 'ENDRIYAWATI', 'Jl. S. Suharmaji 7 No 6 RT 03 RW 04', '3571020403210010', NULL, NULL, '2023-08-15 05:50:20', '2023-08-15 05:50:20'),
(560, '36P17', 36, '17', 'MOH. SARNI', 'Jl. S. Suharmaji 9 No 143 RT 03 RW 06', '3571022007730000', NULL, NULL, '2023-08-15 05:50:20', '2023-08-15 05:50:20'),
(561, '36P18', 36, '18', 'ECHWAN ', 'Jl. Sersan Suharmaji RT 01 RW 03', '3571021305062150', NULL, '2022-09-28', '2023-08-15 05:50:20', '2023-08-15 05:50:20'),
(562, '36P19', 36, '19', 'MOHAMMAD BIDDIN', 'Jl. Sersan Suharmaji RT 01 RW 05', '3571021305062090', NULL, '2022-10-03', '2023-08-15 05:50:20', '2023-08-15 05:50:20'),
(563, '36P2', 36, '2', 'MUHAMMAD WINARTO', 'Jl. S. Suharmaji No 223 RT 01 RW 04', '3571021005070050', NULL, '2022-09-28', '2023-08-15 05:50:20', '2023-08-15 05:50:20'),
(564, '36P20', 36, '20', 'BOKTI SANTOSO', 'Jl. Sersan Suharmaji RT 01 RW 06', '3571022502080000', NULL, '2022-09-22', '2023-08-15 05:50:20', '2023-08-15 05:50:20'),
(565, '36P21', 36, '21', 'SUHARMINI', 'Jl. S. Suharmaji No 227 RT 01 RW 04', '3571021412100010', NULL, NULL, '2023-08-15 05:50:20', '2023-08-15 05:50:20'),
(566, '36P22', 36, '22', 'IMAM SUJONO', 'Jl. Sersan Suharmaji RT 02 RW 03', '3571021405069210', NULL, '2022-10-05', '2023-08-15 05:50:20', '2023-08-15 05:50:20'),
(567, '36P23', 36, '23', 'GIANTO', 'Jl. S. Suharmaji No 65 RT 05 RW 01', '3571020409070010', NULL, '2022-10-03', '2023-08-15 05:50:20', '2023-08-15 05:50:20'),
(568, '36P24', 36, '24', 'SUHARTONO', 'Dusun Sidomulyo RT 07 RW 01 Desa Sidomulyo Kecamatan Wates Kab Kediri', '3506060604730000', NULL, '2022-11-08', '2023-08-15 05:50:20', '2023-08-15 05:50:20'),
(569, '36P3', 36, '3', 'ACHMAD NUH', 'Jl. S. Suharmaji No 176B RT 05 RW 02', '3571021305062110', NULL, '2022-09-28', '2023-08-15 05:50:20', '2023-08-15 05:50:20'),
(570, '36P4', 36, '4', 'HARIYONO', 'Jl. Sersan Suharmaji RT 01 RW 03', '3571021305062130', NULL, NULL, '2023-08-15 05:50:20', '2023-08-15 05:50:20'),
(571, '36P5', 36, '5', 'MUKSIM', 'Jl. Sersan Suharmaji RT 02 RW 06', '3571021405066790', NULL, '2022-10-03', '2023-08-15 05:50:20', '2023-08-15 05:50:20'),
(572, '36P6', 36, '6', 'MASTIAH', 'Manisrenggo RT 04 RW 02', '3571022411080000', NULL, NULL, '2023-08-15 05:50:20', '2023-08-15 05:50:20'),
(573, '36P7', 36, '7', 'MOCHAMAD NUH', 'Jl. S. Suharmaji GG 8 RT 02 RW 06', '3571021405066810', NULL, '2022-09-28', '2023-08-15 05:50:20', '2023-08-15 05:50:20'),
(574, '36P8', 36, '8', 'MOHAMMAD LORA FAWAID', 'Jl. Sersan Suharmaji RT 05 RW 08', '3571022302150000', NULL, '2022-09-28', '2023-08-15 05:50:20', '2023-08-15 05:50:20'),
(575, '36P9', 36, '9', 'MASRUROH', 'Jl. Sersan Suharmaji RT 05 RW 06', '3571020910170000', NULL, '2022-09-28', '2023-08-15 05:50:20', '2023-08-15 05:50:20'),
(576, '4P1', 4, '1', 'AMIR', 'Jl. Ngadisimo Utara I RT 02 RW 05', '3571021405060800', NULL, NULL, '2023-08-15 05:50:20', '2023-08-15 05:50:20'),
(577, '4P10', 4, '10', 'A. BUDI PRASETYO', 'Jl. Masjid Al Huda RT 05 RW 02', '3571023008180010', NULL, NULL, '2023-08-15 05:50:20', '2023-08-15 05:50:20'),
(578, '4P11', 4, '11', 'H MOCH BILAL FACHRUDIN', 'Jl. Imam Bonjol 46 RT 05 RW 04', '3571020905090010', NULL, '2022-10-10', '2023-08-15 05:50:20', '2023-08-15 05:50:20'),
(579, '4P12', 4, '12', 'SITI MUSTAFIDAH', 'Jl. Ngadisimo Utara I No.50 RT 02 RW 05', '3571020911090000', NULL, NULL, '2023-08-15 05:50:20', '2023-08-15 05:50:20'),
(580, '4P13', 4, '13', 'WIDODO PRASETIYONO', 'Jl. Ngadisimo Gang I No. 25 RT 02 RW 08', '3571022305070040', NULL, '2022-10-19', '2023-08-15 05:50:20', '2023-08-15 05:50:20'),
(581, '4P14', 4, '14', 'GUNAWAN', 'Jl. Ngadisimo I/10 B No. 72 RT 01 RW 08', '3571022305070250', NULL, NULL, '2023-08-15 05:50:20', '2023-08-15 05:50:20'),
(582, '4P15', 4, '15', 'H IMAM DJUPRIADI', 'Jl. Adi Sucipto 204 B RT 01 RW 09', '3571022305070330', NULL, NULL, '2023-08-15 05:50:20', '2023-08-15 05:50:20'),
(583, '4P3', 4, '3', 'A. BASORI ', 'Jl. Imam Bonjol 57 / 37 RT 01 RW 04', '3571021705070410', NULL, '2022-10-04', '2023-08-15 05:50:20', '2023-08-15 05:50:20'),
(584, '4P4', 4, '4', 'FATIMATUZ ZAHRO', 'Jl. Imam Bonjol 57 / 37 RT 01 RW 04', '3571022402120000', NULL, '2022-10-04', '2023-08-15 05:50:20', '2023-08-15 05:50:20'),
(585, '4P5', 4, '5', 'SANTOSO', 'Jl. Imam Bonjol 43 RT 01 RW 04', '3571021805070000', NULL, '2022-10-06', '2023-08-15 05:50:20', '2023-08-15 05:50:20'),
(586, '4P6', 4, '6', 'HARYONO', 'Ngadisimo I GG Buntu / 40 RT 05 RW 09', '3571022305070200', NULL, '2022-10-12', '2023-08-15 05:50:20', '2023-08-15 05:50:20'),
(587, '4P7', 4, '7', 'VANDA LAKSMANA', 'Jl. Ngadisimo I / 22B RT 03 RW 08', '3571021805070060', NULL, '2022-09-29', '2023-08-15 05:50:20', '2023-08-15 05:50:20'),
(588, '4P8', 4, '8', 'SITI ZUNAIDAH', 'Jl. Masjid Al-Huda No 110 RT 03 RW 02', '3571021305061960', NULL, '2022-10-06', '2023-08-15 05:50:20', '2023-08-15 05:50:20'),
(589, '4P9', 4, '9', 'FIESTIARTA KOENITA REZKI', 'Jl. Masjid Al-Huda No 120 RT 04 RW 02', '3571023004100000', NULL, NULL, '2023-08-15 05:50:20', '2023-08-15 05:50:20'),
(590, '46P1', 46, '1', 'BONADI', 'Jl. Sunan Ampel I RT 01  RW 01', '3571021405065710', NULL, '2022-09-22', '2023-08-15 05:50:20', '2023-08-15 05:50:20'),
(591, '46P11', 46, '11', 'SONY ROCHMAWAN', 'Jl. SMU 6 RT 01 RW 05', '3571020707120000', NULL, '2022-09-30', '2023-08-15 05:50:20', '2023-08-15 05:50:20'),
(592, '46P12', 46, '12', 'WITANTO', 'Jl. Sunan Ampel 1 No 61 RT 02 RW 01', '3571021811080000', NULL, '2022-09-27', '2023-08-15 05:50:20', '2023-08-15 05:50:20'),
(593, '46P13', 46, '13', 'MOH. ZAENURI', 'Jl. SMU 6 No 144 RT 03 RW 05', '3571021305065440', NULL, '2022-10-06', '2023-08-15 05:50:20', '2023-08-15 05:50:20'),
(594, '46P14', 46, '14', 'SUWADI', 'Jl. Sumber Jiput RT 02 RW 03', '3571021405062230', NULL, '2022-10-06', '2023-08-15 05:50:20', '2023-08-15 05:50:20'),
(595, '46P15', 46, '15', 'IMAM ASHARI', 'Jl. SMU 6 RT 01 RW 05', '3571020405070210', NULL, '2022-10-06', '2023-08-15 05:50:20', '2023-08-15 05:50:20'),
(596, '46P16', 46, '16', 'MAS\'UD MUSTHOFA', 'Jl. Sunan Drajat No 7 RT 02 RW 04', '3571021405061190', NULL, '2022-09-30', '2023-08-15 05:50:20', '2023-08-15 05:50:20'),
(597, '46P19', 46, '19', 'SUKARMEN ', 'Jl. SMU 6 No 83 RT 02 RW 05', '3571023010080000', NULL, '2022-10-03', '2023-08-15 05:50:20', '2023-08-15 05:50:20'),
(598, '46P2', 46, '2', 'BAJURI', 'Jl. Sunan Ampel I RT 01  RW 02', '3571022703130000', NULL, NULL, '2023-08-15 05:50:20', '2023-08-15 05:50:20'),
(599, '46P20', 46, '20', 'MU\'ALIM', 'Jl. BTN Rejomulyo No 66 RT 04 RW 04', '3571021405061120', NULL, '2022-09-26', '2023-08-15 05:50:20', '2023-08-15 05:50:20'),
(600, '46P21', 46, '21', 'KURMEN', 'Jl. SMU 6 No 5 RT 01 RW 05', '3571021305066590', NULL, NULL, '2023-08-15 05:50:20', '2023-08-15 05:50:20'),
(601, '46P22', 46, '22', 'SAPTO', 'Jl. Sunan Ampel 1 / 81 RT 02RW 01', '3571021405065700', NULL, '2022-10-03', '2023-08-15 05:50:20', '2023-08-15 05:50:20'),
(602, '46P23', 46, '23', 'JOKO SUSANTO', 'Jl. SMU 6  RT 02 RW 05', '3571021305065520', NULL, '2022-10-03', '2023-08-15 05:50:20', '2023-08-15 05:50:20'),
(603, '46P26', 46, '26', 'SISWANTO', 'Jl. SMU 6 No 77 RT 02 RW 05', '3571021604120000', NULL, '2022-09-30', '2023-08-15 05:50:20', '2023-08-15 05:50:20'),
(604, '46P28', 46, '28', 'UMAR FARUKI', 'Jl. BTN Rejomulyo No 11 RT 04 RW 04', '3571021305066650', NULL, '2022-09-26', '2023-08-15 05:50:20', '2023-08-15 05:50:20'),
(605, '46P29', 46, '29', 'SUNARYO', 'Jl. SMU 6 No 83 RT 02 RW 05', '3571020206090000', NULL, '2022-10-03', '2023-08-15 05:50:20', '2023-08-15 05:50:20'),
(606, '46P3', 46, '3', 'RIYANTO', 'Jl. Sunan Ampel III RT03 RW 03', '3571021405064490', NULL, '2022-09-22', '2023-08-15 05:50:20', '2023-08-15 05:50:20'),
(607, '46P30', 46, '30', 'ABDUR ROCHIM', 'Jl. SMU 6 No 71 RT 02 RW 05', '3571021406210000', NULL, '2022-09-29', '2023-08-15 05:50:20', '2023-08-15 05:50:20'),
(608, '46P33', 46, '33', 'MOCHAMAD MUKSON', 'Jl. SMU 6 No 41 RT 01 RW 05', '3571021305067700', NULL, '2022-09-27', '2023-08-15 05:50:20', '2023-08-15 05:50:20'),
(609, '46P34', 46, '34', 'LASMIDI', 'Jl. Sumber Jiput No 21 RT 01 RW 01', '3571020405070190', NULL, NULL, '2023-08-15 05:50:20', '2023-08-15 05:50:20'),
(610, '46P35', 46, '35', 'JAHRONI', 'Jl. SMU 6 RT 01 RW 05', '3571021305066610', NULL, '2022-09-23', '2023-08-15 05:50:20', '2023-08-15 05:50:20'),
(611, '46P36', 46, '36', 'SUHERMAN', 'Jl. SMU 6 RT 02 RW 05', '3571022909170000', NULL, '2022-10-03', '2023-08-15 05:50:20', '2023-08-15 05:50:20'),
(612, '46P37', 46, '37', 'M. SOLICHIN', 'Jl. SMU 6  RT 02 RW 05', '3571020405070070', NULL, '2022-10-03', '2023-08-15 05:50:20', '2023-08-15 05:50:20'),
(613, '46P38', 46, '38', 'SUKARDJI', 'Jl. SMU 6 No 71 RT 02 RW 06', '3571021305065520', NULL, '2022-10-03', '2023-08-15 05:50:20', '2023-08-15 05:50:20'),
(614, '46P4', 46, '4', 'MOH. ZAINI RIDWAN', 'Jl. SMU 6 No 1 RT 01 RW 05', '3571022204100000', NULL, '2022-09-26', '2023-08-15 05:50:20', '2023-08-15 05:50:20'),
(615, '46P5', 46, '5', 'DJAMIRIN', 'JL. Sunan Ampel II RT 03 RW 02', '3571021401080000', NULL, '2022-09-22', '2023-08-15 05:50:20', '2023-08-15 05:50:20'),
(616, '46P6', 46, '6', 'KATEMAN ', 'JL. Sunan Ampel II / 48 RT 03 RW 02', '3571021111090000', NULL, '2022-10-03', '2023-08-15 05:50:20', '2023-08-15 05:50:20'),
(617, '46P7', 46, '7', 'SUROSO', 'Jl. SMU 6 No 88 RT 03 RW 05', '3571022604100000', NULL, '2022-10-06', '2023-08-15 05:50:20', '2023-08-15 05:50:20'),
(618, '46P8', 46, '8', 'JUNIANTO', 'Jl. SMU 6 No 88 RT 03 RW 06', '3571021505120010', NULL, '2022-10-06', '2023-08-15 05:50:20', '2023-08-15 05:50:20'),
(619, '46P9', 46, '9', 'SUPRIYANTO', 'Jl. Ronggo Mulyo RT 02 RW 01', '3571020405070080', NULL, '2022-09-26', '2023-08-15 05:50:20', '2023-08-15 05:50:20'),
(620, '47P1', 47, '1', 'Drs.H.Kowimudin', 'RT.14 RW.02', '3571031405061070', NULL, '2022-09-19', '2023-08-15 05:50:20', '2023-08-15 05:50:20'),
(621, '47P10', 47, '10', 'Sunaryo', 'RT.03 RW.01', '3571031505064200', NULL, '2022-09-27', '2023-08-15 05:50:20', '2023-08-15 05:50:20'),
(622, '47P11', 47, '11', 'Rohmat Hidayat', 'RT.20 RW.03', '3571031605067090', NULL, '2022-09-19', '2023-08-15 05:50:20', '2023-08-15 05:50:20'),
(623, '47P12', 47, '12', 'Mujiono', 'RT.20 RW.03', '3571031605064800', NULL, '2022-09-19', '2023-08-15 05:50:20', '2023-08-15 05:50:20'),
(624, '47P13', 47, '13', 'Wiwit Sasongko', 'RT.27 RW.05', '3571032104070180', NULL, '2022-09-26', '2023-08-15 05:50:20', '2023-08-15 05:50:20'),
(625, '47P14', 47, '14', 'Tri Sukopriyono', 'RT.26 RW.05', '3571031204080010', NULL, '2022-09-26', '2023-08-15 05:50:20', '2023-08-15 05:50:20'),
(626, '47P15', 47, '15', 'Andri Hutomo Putro', 'RT.02 RW.01', '3571030705130010', NULL, '2022-09-26', '2023-08-15 05:50:21', '2023-08-15 05:50:21'),
(627, '47P16', 47, '16', 'Billy Rosadhi', 'RT.37 RW.07', '3571032104070250', NULL, '2022-09-19', '2023-08-15 05:50:21', '2023-08-15 05:50:21'),
(628, '47P17', 47, '17', 'Doni Prasoko', 'RT.26 RW.05', '3571032901140000', NULL, '2022-09-26', '2023-08-15 05:50:21', '2023-08-15 05:50:21'),
(629, '47P18', 47, '18', 'Rudi Yustianto', 'RT.16 RW.03', '3571032104070260', NULL, '2022-09-26', '2023-08-15 05:50:21', '2023-08-15 05:50:21'),
(630, '47P2', 47, '2', 'Grahito Istanto', 'RT.14 RW.02', '3571031104120000', NULL, NULL, '2023-08-15 05:50:21', '2023-08-15 05:50:21'),
(631, '47P3', 47, '3', 'Danang Murtiono', 'RT.10 RW.02', '3571031505060490', NULL, '2022-09-19', '2023-08-15 05:50:21', '2023-08-15 05:50:21'),
(632, '47P4', 47, '4', 'Bambang Hermanto', 'RT.05 RW. 01', '3571032404070030', NULL, '2022-09-21', '2023-08-15 05:50:21', '2023-08-15 05:50:21'),
(633, '47P5', 47, '5', 'Kus Harianto', 'RT.27 RW.05', '3571032104070180', NULL, '2022-09-21', '2023-08-15 05:50:21', '2023-08-15 05:50:21'),
(634, '47P6', 47, '6', 'Muhammad Ibrahim', 'RT.21 RW04', '3571030207090000', NULL, '2022-09-21', '2023-08-15 05:50:21', '2023-08-15 05:50:21'),
(635, '47P7', 47, '7', 'Didik Puspito', 'RT.18 RW.03', '3571031605063800', NULL, '2022-09-27', '2023-08-15 05:50:21', '2023-08-15 05:50:21'),
(636, '47P8', 47, '8', 'Nanda Ferdiontika.P', 'RT.18 RW.03', '3571031107180000', NULL, '2022-09-27', '2023-08-15 05:50:21', '2023-08-15 05:50:21'),
(637, '47P9', 47, '9', 'Hariyono', 'RT. 04 RW.01', '3571032411140010', NULL, '2022-09-27', '2023-08-15 05:50:21', '2023-08-15 05:50:21'),
(638, '5P1', 5, '1', 'KAMDI', 'Jl. Corekan Raya RT 05 RW 05 ', '3571021306070220', NULL, '2022-09-29', '2023-08-15 05:50:21', '2023-08-15 05:50:21'),
(639, '5P2', 5, '2', 'DJUMANI ALI RIDUWAN', 'Jl. Kaliombo Raya No 99 RT 08 RW 03', '3571021806070470', NULL, '2022-09-29', '2023-08-15 05:50:21', '2023-08-15 05:50:21'),
(640, '5P3', 5, '3', 'NUR SAID', 'Jl. Kaliombo Raya No 7 RT 04 RW 05', '3571021906120000', NULL, '2022-09-29', '2023-08-15 05:50:21', '2023-08-15 05:50:21'),
(641, '5P4', 5, '4', 'SETIO UTOMO', 'Jl. Urip Sumoharjo GG 4 RT 03 RW 01', '3571021305065790', NULL, '2022-09-29', '2023-08-15 05:50:21', '2023-08-15 05:50:21'),
(642, '5P5', 5, '5', 'EDI KUSDARTO', 'Jl. Tembus Kaliombo No 10 RT 04 RW 03', '3571021405061490', NULL, NULL, '2023-08-15 05:50:21', '2023-08-15 05:50:21'),
(643, '5P6', 5, '6', 'MUASIM', 'Jl. Corekan Raya No 112 RT 04 RW 05 ', '3571021405069500', NULL, '2022-09-29', '2023-08-15 05:50:21', '2023-08-15 05:50:21'),
(644, '5P7', 5, '7', 'MOCH. ICHWANUDIN', 'Jl. Mangga No 86 RT 01 RW 03', '3571022810080020', NULL, '2022-09-29', '2023-08-15 05:50:21', '2023-08-15 05:50:21'),
(645, '5P8', 5, '8', 'YUSUF RIFA\'I', 'Jl. Tembus Kaliombo No 12 RT 06 RW 06', '3571021003080000', NULL, '2022-09-29', '2023-08-15 05:50:21', '2023-08-15 05:50:21'),
(646, '5P9', 5, '9', 'SUDJARMIN', 'Jl. Tembus Kaliombo No 18 RT 05 RW 03', '3571021405060320', NULL, '2022-09-29', '2023-08-15 05:50:21', '2023-08-15 05:50:21'),
(647, '6P1', 6, '1', 'IMAM RUSDI', 'Jl. P. Kemerdekaan No 189B RT 01 RW 03', '3571020802080010', NULL, '2022-09-23', '2023-08-15 05:50:21', '2023-08-15 05:50:21'),
(648, '6P10', 6, '10', 'ZAENAL ARIFIN (RIBIL)', 'Jl. P. Kemerdekaan No 193 RT 01 RW 03', '3571021406070360', NULL, '2022-09-27', '2023-08-15 05:50:21', '2023-08-15 05:50:21'),
(649, '6P11', 6, '11', 'SURAHMAT', 'Jl. Urip Sumoharjo RT 05 RW 06', '3571021305061040', NULL, '2022-09-26', '2023-08-15 05:50:21', '2023-08-15 05:50:21'),
(650, '6P12', 6, '12', 'SUNARI', 'Jl. Super Semar No 10 RT 04 RW 02', '3571021506070090', NULL, NULL, '2023-08-15 05:50:21', '2023-08-15 05:50:21'),
(651, '6P16', 6, '16', 'ELVI BUDI WIYONO', 'Jl. P. Kemerdekaan No 181 RT 01 RW 03', '3571021406070080', NULL, NULL, '2023-08-15 05:50:21', '2023-08-15 05:50:21'),
(652, '6P17', 6, '17', 'MUHAMAD MUKLIS', 'Jl. P. Kemerdekaan RT 04 RW 04', '3571022901130010', NULL, NULL, '2023-08-15 05:50:21', '2023-08-15 05:50:21'),
(653, '6P18', 6, '18', 'DJAMAROEN', 'Jl. Urip Sumoharjo RT 04 RW 06', '3571022911080020', NULL, '2022-09-28', '2023-08-15 05:50:21', '2023-08-15 05:50:21'),
(654, '6P19', 6, '19', 'SUPANGAT', 'Jl. P. Kemerdekaan RT 04 RW 03', '3571022410080000', NULL, '2022-10-03', '2023-08-15 05:50:21', '2023-08-15 05:50:21'),
(655, '6P2', 6, '2', 'SUWITO', 'Jl. P. Kemerdekaan No 220 RT 04 RW 04', '3571021406070330', NULL, '2022-09-27', '2023-08-15 05:50:21', '2023-08-15 05:50:21'),
(656, '6P20', 6, '20', 'SUKARDI', 'Jl. P. Kemerdekaan No 41 RT 05 RW 04', '3571021906070080', NULL, NULL, '2023-08-15 05:50:21', '2023-08-15 05:50:21'),
(657, '6P22', 6, '22', 'SUPONO', 'Jl. Betet Bawang No 44 RT 02 RW 09', '3571021906070520', NULL, '2022-09-30', '2023-08-15 05:50:21', '2023-08-15 05:50:21'),
(658, '6P23', 6, '23', 'BUDI SANTOSO', 'Jl. Betet Bawang No 80 RT 01 RW 09', '3571021610080000', NULL, '2022-10-03', '2023-08-15 05:50:21', '2023-08-15 05:50:21'),
(659, '6P25', 6, '25', 'MOKH DOFIR', 'Jl. Guyangan No 176 RT 04 RW 04', '3571021806070380', NULL, NULL, '2023-08-15 05:50:21', '2023-08-15 05:50:21'),
(660, '6P26', 6, '26', 'SUDARKO', 'Jl. Ronggo Jali RT 02 RW 04', '3571021505200000', NULL, NULL, '2023-08-15 05:50:21', '2023-08-15 05:50:21'),
(661, '6P27', 6, '27', 'MARNI', 'Jl. Sumber IIA No 7 RT 05 RW 03', '3571021406070290', NULL, '2022-10-03', '2023-08-15 05:50:21', '2023-08-15 05:50:21'),
(662, '6P28', 6, '28', 'SOFYAN EFENDY', 'Jl. Betet Bawang No 78 RT 01 RW 09', '3571020302200000', NULL, NULL, '2023-08-15 05:50:21', '2023-08-15 05:50:21'),
(663, '6P29', 6, '29', 'SUKONO', 'Jl. Betet Bawang No 78 RT 01 RW 09', '3571021405062440', NULL, NULL, '2023-08-15 05:50:21', '2023-08-15 05:50:21'),
(664, '6P3', 6, '3', 'ZAENAL ARIFIN', 'Jl. Sumber I/01B RT 06 RW 02', '3571021906070310', NULL, '2022-09-29', '2023-08-15 05:50:21', '2023-08-15 05:50:21'),
(665, '6P30', 6, '30', 'MOHAMMAD IMRON', 'Jl. Sempol No 07 RT 01 RW 03', '3571021108080010', NULL, NULL, '2023-08-15 05:50:21', '2023-08-15 05:50:21'),
(666, '6P31', 6, '31', 'M ARI SUBCHAN', 'Jl. P. Kemerdekaan No 37 RT 05 RW 04', '3571020801100000', NULL, '2022-10-03', '2023-08-15 05:50:21', '2023-08-15 05:50:21'),
(667, '6P32', 6, '32', 'MAHMOEDAH', 'Jl. Balai Desa RT 03 RW 04', '3571022701170000', NULL, NULL, '2023-08-15 05:50:21', '2023-08-15 05:50:21');
INSERT INTO `daftars` (`id`, `id_daftar`, `id_kelurahan`, `no_urut`, `nama`, `alamat`, `no_kk`, `no_wp`, `tgl_perjanjian`, `created_at`, `updated_at`) VALUES
(668, '6P33', 6, '33', 'SUPARJI', 'Jl. Ronggo Jali RT 01 RW 04', '3571021906070100', NULL, NULL, '2023-08-15 05:50:21', '2023-08-15 05:50:21'),
(669, '6P34', 6, '34', 'ACHMAD FAKIH', 'Jl. Urip Sumoharjo No 217 RT 03 RW 05', '3571021506070500', NULL, '2022-09-29', '2023-08-15 05:50:21', '2023-08-15 05:50:21'),
(670, '6P35', 6, '35', 'MATNUR', 'Jl. Guyangan No 180RT 04 RW 04', '3571021806070380', NULL, '2022-09-29', '2023-08-15 05:50:21', '2023-08-15 05:50:21'),
(671, '6P37', 6, '37', 'AGUS MURYANTO', 'Jl. P. Kemerdekaan No 129 RT 02 RW 04', '3571021609080010', NULL, '2022-09-29', '2023-08-15 05:50:21', '2023-08-15 05:50:21'),
(672, '6P38', 6, '38', 'TOHARI', 'Jl. P. Kemerdekaan No 56 RT 05 RW 04', '3571021806070500', NULL, '2022-10-04', '2023-08-15 05:50:21', '2023-08-15 05:50:21'),
(673, '6P39', 6, '39', 'ABDUL MALIK ', 'Jl. P. Kemerdekaan No 60 RT 05 RW 04', '3571021806070510', NULL, '2022-09-28', '2023-08-15 05:50:21', '2023-08-15 05:50:21'),
(674, '6P40', 6, '40', 'SAMSUDIN', 'Jl. Urip Sumoharjo No 10 RT 04 RW 06', '3571021405069260', NULL, '2022-09-26', '2023-08-15 05:50:21', '2023-08-15 05:50:21'),
(675, '6P41', 6, '41', 'SRIYANI', 'Jl. P. Kemerdekaan No 07 RT 02 RW 05', '3571021607120000', NULL, '2022-09-28', '2023-08-15 05:50:21', '2023-08-15 05:50:21'),
(676, '6P42', 6, '42', 'UMAR AMIR', 'Jl. Kapten Tendean No 93 RT 03 RW 09', '3571021506070260', NULL, NULL, '2023-08-15 05:50:21', '2023-08-15 05:50:21'),
(677, '6P43', 6, '43', 'SUPRIYANTO', 'Jl. Betet Bawang No 32 RT 02 RW 09', '3571021906070510', NULL, '2022-10-03', '2023-08-15 05:50:21', '2023-08-15 05:50:21'),
(678, '6P44', 6, '44', 'WAWAN', 'Jl. Ronggo Jali No 39 RT 01 RW 04', '3571021803130000', NULL, '2022-09-29', '2023-08-15 05:50:21', '2023-08-15 05:50:21'),
(679, '6P45', 6, '45', 'SUROTO', 'Jl. Ronggo Jali No 100 RT 01 RW 04', '3571021906070080', NULL, NULL, '2023-08-15 05:50:21', '2023-08-15 05:50:21'),
(680, '6P46', 6, '46', 'SAMSUL HADI', 'Jl. Urip Sumoharjo I No 33 RT 02 RW 06', '3571021305061090', NULL, NULL, '2023-08-15 05:50:21', '2023-08-15 05:50:21'),
(681, '6P5', 6, '5', 'NAPSIYAH', 'Ngronggo RT 04 RW 04', '3571021806070360', NULL, NULL, '2023-08-15 05:50:21', '2023-08-15 05:50:21'),
(682, '6P52', 6, '52', 'DIDIK WINARKO', 'Jl. Urip Sumoharjo III No 39 RT 03 RW 06', '3571021405068120', NULL, NULL, '2023-08-15 05:50:21', '2023-08-15 05:50:21'),
(683, '6P6', 6, '6', 'MOH. SOLEH', 'Jl. P. Kemerdekaan No 126 RT 04 RW 04', '3571021204160010', NULL, '2022-09-29', '2023-08-15 05:50:21', '2023-08-15 05:50:21'),
(684, '6P7', 6, '7', 'SUYONO', 'Jl. P. Kemerdekaan RT 04 RW 05', '3571021806070340', NULL, '2022-09-27', '2023-08-15 05:50:21', '2023-08-15 05:50:21'),
(685, '6P8', 6, '8', 'MOH. RONI', 'Jl. P. Kemerdekaan No 125 RT 02 RW 04', '3571022110080000', NULL, '2022-09-26', '2023-08-15 05:50:21', '2023-08-15 05:50:21'),
(686, '6P9', 6, '9', 'MAKMUN', 'Jl. P. Kemerdekaan GG Guyangan No 182', '3571021806070380', NULL, NULL, '2023-08-15 05:50:21', '2023-08-15 05:50:21'),
(687, '7P100', 7, '100', 'AGUS SUPRIYANTO', 'JLN.SLAMET RIADI NO; 4 B', '3571021806070050', NULL, NULL, '2023-08-15 05:50:21', '2023-08-15 05:50:21'),
(688, '7P101', 7, '101', 'SUBEKTI', 'JLN HALIM PERDANA KUSUMO NO ; 48', '3571020302120000', NULL, '2022-11-10', '2023-08-15 05:50:21', '2023-08-15 05:50:21'),
(689, '7P103', 7, '103', 'AHMAD HASAN M', 'JLN. BANJARAN GANG I NO ; 99 B', '3571022912100010', NULL, NULL, '2023-08-15 05:50:21', '2023-08-15 05:50:21'),
(690, '7P104', 7, '104', 'GUNAWAN', 'JLN. BANJARAN GANG I NO ; 115', '3571021706090020', NULL, '2022-11-10', '2023-08-15 05:50:21', '2023-08-15 05:50:21'),
(691, '7P105', 7, '105', 'AGUSTARI', 'JLN . PK BANGSA   NO; 60 C', '3571021406070160', NULL, '2022-12-30', '2023-08-15 05:50:21', '2023-08-15 05:50:21'),
(692, '7P106', 7, '106', 'RISDIANTORO', 'JLN.SLAMET RIADI NO; 79 B', '3571022707110000', NULL, '2022-10-26', '2023-08-15 05:50:21', '2023-08-15 05:50:21'),
(693, '7P108', 7, '108', 'HENIK PERTIWI', 'JLN.SLAMET RIADI NO; 206', '3571021206070010', NULL, NULL, '2023-08-15 05:50:21', '2023-08-15 05:50:21'),
(694, '7P109', 7, '109', 'BUDI MULYONO', 'JL SLAMET RIYADI 4', '3471041109680000', NULL, NULL, '2023-08-15 05:50:21', '2023-08-15 05:50:21'),
(695, '7P110', 7, '110', 'ELYA HARDYANTO', 'JL. SLAMET RIYADI 81', '3571020412710000', NULL, '2022-10-26', '2023-08-15 05:50:21', '2023-08-15 05:50:21'),
(696, '7P111', 7, '111', 'SRI ENDYAH PUJI ASTUTI', 'JL BANJARAN II/66', '3571025107740000', NULL, NULL, '2023-08-15 05:50:21', '2023-08-15 05:50:21'),
(697, '7P112', 7, '112', 'R. SAPTONO HADI', 'JL SLAMET RIYADI 189', '3571022703640000', NULL, '2022-10-26', '2023-08-15 05:50:21', '2023-08-15 05:50:21'),
(698, '7P113', 7, '113', 'RAKA DIMAS', 'JL H.P. KUSUMA 46', '3571022204910000', NULL, NULL, '2023-08-15 05:50:21', '2023-08-15 05:50:21'),
(699, '7P114', 7, '114', 'SUHARTONO', 'Dusun Sidomulyo RT 07 RW 01 Desa Sidomulyo Kecamatan Wates Kab Kediri', '3506060604730000', NULL, '2022-10-27', '2023-08-15 05:50:21', '2023-08-15 05:50:21'),
(700, '7P33', 7, '33', 'SLAMET TRIJONO', 'Jl. Bendon I / 51 RT 01 RW 10', '3571021406070400', NULL, '2022-10-13', '2023-08-15 05:50:21', '2023-08-15 05:50:21'),
(701, '7P34', 7, '34', 'EKO AGUS KOKO', 'Jl. PK Bangsa Bendon I 38 RT 01 RW 10', '3571021406070400', NULL, '2022-10-10', '2023-08-15 05:50:21', '2023-08-15 05:50:21'),
(702, '7P49', 7, '49', 'SUROTRI ADMAJI', 'Jl. Slamet Riyadi No 77B RT 02 RW 08', '3571020512070000', NULL, '2022-10-05', '2023-08-15 05:50:21', '2023-08-15 05:50:21'),
(703, '7P54', 7, '54', 'YULIANTO. R', 'WISMA DR SUTOMO NO: 6 C', '3571020304130000', NULL, NULL, '2023-08-15 05:50:21', '2023-08-15 05:50:21'),
(704, '7P55', 7, '55', 'SUPRIYO', 'JLN. ADI SUCIPTO 27 B', '3571021606580000', NULL, '2022-12-30', '2023-08-15 05:50:21', '2023-08-15 05:50:21'),
(705, '7P56', 7, '56', 'YUSUF AFFANDI', 'JLN. ADI SUCIPTO 54', '3571021305066170', NULL, NULL, '2023-08-15 05:50:21', '2023-08-15 05:50:21'),
(706, '7P57', 7, '57', 'GATOT SUHARTO ', 'JLN. ADI SUCIPTO 54', '3571021011170000', NULL, NULL, '2023-08-15 05:50:21', '2023-08-15 05:50:21'),
(707, '7P58', 7, '58', 'ACHMAD SHOFWAN JAYA', 'JLN. ADI SUCIPTO 112', '3571021305066230', NULL, '2022-10-19', '2023-08-15 05:50:21', '2023-08-15 05:50:21'),
(708, '7P59', 7, '59', 'ALI BUDI RIONO', 'JLN . PK BANGSA  V  NO ; 21', '3571021806090010', NULL, '2022-10-19', '2023-08-15 05:50:21', '2023-08-15 05:50:21'),
(709, '7P60', 7, '60', 'WIDODO', 'JLN. Dr SUTOMO NO: 32 / 52', '3571021909110000', NULL, NULL, '2023-08-15 05:50:21', '2023-08-15 05:50:21'),
(710, '7P61', 7, '61', 'SETYO BUDI WIDODO', 'JLN. ADI SUCIPTO NO; 21', '3571022910180000', NULL, '2022-11-10', '2023-08-15 05:50:21', '2023-08-15 05:50:21'),
(711, '7P62', 7, '62', 'DWI SASONGKO', 'JLN. BANJARAN I NO;261 ', '3571021206070070', NULL, NULL, '2023-08-15 05:50:21', '2023-08-15 05:50:21'),
(712, '7P63', 7, '63', 'PRIYANTO ', 'JLN.SLAMET RIADI NO; 61  B', '3571021103090000', NULL, NULL, '2023-08-15 05:50:21', '2023-08-15 05:50:21'),
(713, '7P64', 7, '64', 'LILIK SUMARSONO', 'JLN. BANJARAN  GANG I NO : 261 ', '3571021906070420', NULL, NULL, '2023-08-15 05:50:21', '2023-08-15 05:50:21'),
(714, '7P65', 7, '65', 'MUSRINGAH ', 'JLN. LENJEN SUPRAPTO GANG I NO ; 3O', '3571022006070000', NULL, NULL, '2023-08-15 05:50:21', '2023-08-15 05:50:21'),
(715, '7P66', 7, '66', 'SETYO LEGOWO SH ', 'JLN. BANJARAN GANG CARIK 2C / 04', '3571022006070420', NULL, '2022-12-30', '2023-08-15 05:50:21', '2023-08-15 05:50:21'),
(716, '7P67', 7, '67', 'SUHARIONO', 'JLN. BANJARAN GANG CARIK 85 B', '3571022006070030', NULL, NULL, '2023-08-15 05:50:22', '2023-08-15 05:50:22'),
(717, '7P68', 7, '68', 'NUR YASIN ', 'JLN. BANJARAN GANG I NO; 249', '3571020305160010', NULL, NULL, '2023-08-15 05:50:22', '2023-08-15 05:50:22'),
(718, '7P69', 7, '69', 'HENGKY TIYAS IRAWAN', 'JLN.SLAMET RIADI NO; 61  ', '3571021005110000', NULL, NULL, '2023-08-15 05:50:22', '2023-08-15 05:50:22'),
(719, '7P70', 7, '70', 'PURNADI', 'JLN. BANJARAN GANG I  / 91 B ', '3571022006070420', NULL, NULL, '2023-08-15 05:50:22', '2023-08-15 05:50:22'),
(720, '7P71', 7, '71', 'SUMAIYANTO', 'JLN. BANJARAN GANG I  / 91 B ', '3571021104080070', NULL, NULL, '2023-08-15 05:50:22', '2023-08-15 05:50:22'),
(721, '7P72', 7, '72', 'SUNARSIH ', 'JLN. BANJARAN GANG I  / 23', '3571020412150000', NULL, '2022-10-19', '2023-08-15 05:50:22', '2023-08-15 05:50:22'),
(722, '7P73', 7, '73', 'SISWOYO', 'JLN. BANJARAN GANG CARIK 87 B', '3571021206070310', NULL, NULL, '2023-08-15 05:50:22', '2023-08-15 05:50:22'),
(723, '7P74', 7, '74', 'HARIYANTO', 'JLN. LETJEN SUPRAPTO GG I NO ; 96', '3571022006070660', NULL, NULL, '2023-08-15 05:50:22', '2023-08-15 05:50:22'),
(724, '7P75', 7, '75', 'HARIANDIK ', 'JLN. ADI SUCIPTO NO; 60', '3571021305061710', NULL, NULL, '2023-08-15 05:50:22', '2023-08-15 05:50:22'),
(725, '7P76', 7, '76', 'SULARTO', 'JLN. BANJARAN GANG II / 77 ', '3571021305067210', NULL, NULL, '2023-08-15 05:50:22', '2023-08-15 05:50:22'),
(726, '7P77', 7, '77', 'KUSWEDI', 'JLN. LETJEN SUPRAPTO  I NO ; 56 - 108', '3571021305064000', NULL, NULL, '2023-08-15 05:50:22', '2023-08-15 05:50:22'),
(727, '7P78', 7, '78', 'ABDUL GANI .M', 'JLN. Dr SUTOMO NO: 38', '3571021211130000', NULL, NULL, '2023-08-15 05:50:22', '2023-08-15 05:50:22'),
(728, '7P79', 7, '79', 'SUHERMAN', 'JLN. BANJARAN GANG II  NO ; 81 B', '3571021806070230', NULL, NULL, '2023-08-15 05:50:22', '2023-08-15 05:50:22'),
(729, '7P80', 7, '80', 'SOEHERRY', 'JLN . PK BANGSA   / BENDON I NO; 42', '3571020206080010', NULL, NULL, '2023-08-15 05:50:22', '2023-08-15 05:50:22'),
(730, '7P81', 7, '81', 'AJAR SETYO P', 'JLN . PK BANGSA   / BENDON I NO; 51', '3571021206070040', NULL, NULL, '2023-08-15 05:50:22', '2023-08-15 05:50:22'),
(731, '7P82', 7, '82', 'SUTION', 'JLN. BANJARAN GANG II  NO ; 96', '3571022006070560', NULL, '2022-11-10', '2023-08-15 05:50:22', '2023-08-15 05:50:22'),
(732, '7P83', 7, '83', 'INDRIYANTORO', 'JLN. ADI SUCIPTO NO; 46', '3571020209090000', NULL, NULL, '2023-08-15 05:50:22', '2023-08-15 05:50:22'),
(733, '7P84', 7, '84', 'MOHAMMAD MUJITO', 'JLN. BANJARAN GANG CARIK 87 B', '3571021405064030', NULL, NULL, '2023-08-15 05:50:22', '2023-08-15 05:50:22'),
(734, '7P85', 7, '85', 'HARIYONO', 'JLN . PK BANGSA   NO; 34 B ', '3571021305066200', NULL, NULL, '2023-08-15 05:50:22', '2023-08-15 05:50:22'),
(735, '7P88', 7, '88', 'HADI PURWANTO', 'JLN. BANJARAN GANG II  NO ; 91 B', '3571021001140010', NULL, NULL, '2023-08-15 05:50:22', '2023-08-15 05:50:22'),
(736, '7P89', 7, '89', 'EKO SETYO BUDIYANTORO', 'JLN . PK BANGSA   NO; 24 D', '3571021407170000', NULL, NULL, '2023-08-15 05:50:22', '2023-08-15 05:50:22'),
(737, '7P90', 7, '90', 'EDI WIBOWO', 'JLN. BANJARAN GANG I  NO ; 69 B', '3571021701130000', NULL, NULL, '2023-08-15 05:50:22', '2023-08-15 05:50:22'),
(738, '7P91', 7, '91', 'KARIYONO', 'JLN. BANJARAN GANG CARIK 85 B', '3571021006070670', NULL, NULL, '2023-08-15 05:50:22', '2023-08-15 05:50:22'),
(739, '7P92', 7, '92', 'SUBHAN', 'JLN. ADI SUCIPTO NO;  103', '3571021305061710', NULL, '2022-10-18', '2023-08-15 05:50:22', '2023-08-15 05:50:22'),
(740, '7P93', 7, '93', 'SUJONI', 'JLN. BANJARAN GANG CARIK  NO ; 40', '3571022006070610', NULL, NULL, '2023-08-15 05:50:22', '2023-08-15 05:50:22'),
(741, '7P94', 7, '94', 'ACHMAD YANUAR', 'JLN.SLAMET RIADI NO; 65  B', '3571021405066320', NULL, NULL, '2023-08-15 05:50:22', '2023-08-15 05:50:22'),
(742, '7P95', 7, '95', 'GUNA WIYATA', 'JLN. BANJARAN GANG II  NO ; 24', '3571020907150000', NULL, NULL, '2023-08-15 05:50:22', '2023-08-15 05:50:22'),
(743, '7P96', 7, '96', 'HERY SOETOPO ', 'JLN. LETJEN SUPRAPTO  I NO ; 30 B', '3571021806070300', NULL, '2022-10-19', '2023-08-15 05:50:22', '2023-08-15 05:50:22'),
(744, '7P97', 7, '97', 'ARUNA MAHARANI', 'JLN. BANJARAN GANG I NO ; 72', '3571021906070660', NULL, '2022-10-12', '2023-08-15 05:50:22', '2023-08-15 05:50:22'),
(745, '7P98', 7, '98', 'HERYA SANOSA PR', 'JLN. BANJARAN GANG II NO ; 32', '3571020309070020', NULL, NULL, '2023-08-15 05:50:22', '2023-08-15 05:50:22'),
(746, '7P99', 7, '99', 'AGUSTINUS SUKO DJOKO W', 'JLN. BANJARAN GANG I NO ; 286', '3571021206070290', NULL, '2022-10-26', '2023-08-15 05:50:22', '2023-08-15 05:50:22');

-- --------------------------------------------------------

--
-- Struktur dari tabel `failed_jobs`
--

CREATE TABLE IF NOT EXISTS `failed_jobs` (
  `id` bigint(20) UNSIGNED NOT NULL,
  `uuid` varchar(255) COLLATE utf8mb4_unicode_ci NOT NULL,
  `connection` text COLLATE utf8mb4_unicode_ci NOT NULL,
  `queue` text COLLATE utf8mb4_unicode_ci NOT NULL,
  `payload` longtext COLLATE utf8mb4_unicode_ci NOT NULL,
  `exception` longtext COLLATE utf8mb4_unicode_ci NOT NULL,
  `failed_at` timestamp NOT NULL DEFAULT current_timestamp()
) ENGINE=InnoDB DEFAULT CHARSET=utf8mb4 COLLATE=utf8mb4_unicode_ci;

-- --------------------------------------------------------

--
-- Struktur dari tabel `jabatans`
--

CREATE TABLE IF NOT EXISTS `jabatans` (
  `id` bigint(20) UNSIGNED NOT NULL,
  `jabatan` varchar(255) COLLATE utf8mb4_unicode_ci DEFAULT NULL,
  `created_at` timestamp NULL DEFAULT NULL,
  `updated_at` timestamp NULL DEFAULT NULL
) ENGINE=InnoDB DEFAULT CHARSET=utf8mb4 COLLATE=utf8mb4_unicode_ci;

--
-- Dumping data untuk tabel `jabatans`
--

INSERT INTO `jabatans` (`id`, `jabatan`, `created_at`, `updated_at`) VALUES
(1, 'Pembina Tk 1', NULL, NULL);

-- --------------------------------------------------------

--
-- Struktur dari tabel `menu_groups`
--

CREATE TABLE IF NOT EXISTS `menu_groups` (
  `id` bigint(20) UNSIGNED NOT NULL,
  `name` varchar(255) COLLATE utf8mb4_unicode_ci NOT NULL,
  `permission_name` varchar(255) COLLATE utf8mb4_unicode_ci NOT NULL,
  `icon` varchar(255) COLLATE utf8mb4_unicode_ci NOT NULL,
  `created_at` timestamp NULL DEFAULT NULL,
  `updated_at` timestamp NULL DEFAULT NULL
) ENGINE=InnoDB DEFAULT CHARSET=utf8mb4 COLLATE=utf8mb4_unicode_ci;

--
-- Dumping data untuk tabel `menu_groups`
--

INSERT INTO `menu_groups` (`id`, `name`, `permission_name`, `icon`, `created_at`, `updated_at`) VALUES
(1, 'Dashboard', 'dashboard', 'fas fa-tachometer-alt', NULL, NULL),
(2, 'Users Management', 'user.management', 'fas fa-users', NULL, NULL),
(3, 'Role Management', 'role.permission.management', 'fas fa-user-tag', NULL, NULL),
(4, 'Menu Management', 'menu.management', 'fas fa-bars', NULL, NULL),
(5, 'Pejabat', 'user.management', 'fas fa-users', NULL, NULL),
(6, 'Master Data', 'master.data', 'fas fa-bars', NULL, NULL),
(7, 'Lelang', 'lelang', 'fas fa-bars', NULL, NULL);

-- --------------------------------------------------------

--
-- Struktur dari tabel `menu_items`
--

CREATE TABLE IF NOT EXISTS `menu_items` (
  `id` bigint(20) UNSIGNED NOT NULL,
  `name` varchar(255) COLLATE utf8mb4_unicode_ci NOT NULL,
  `route` varchar(255) COLLATE utf8mb4_unicode_ci NOT NULL,
  `permission_name` varchar(255) COLLATE utf8mb4_unicode_ci NOT NULL,
  `menu_group_id` bigint(20) UNSIGNED NOT NULL,
  `created_at` timestamp NULL DEFAULT NULL,
  `updated_at` timestamp NULL DEFAULT NULL
) ENGINE=InnoDB DEFAULT CHARSET=utf8mb4 COLLATE=utf8mb4_unicode_ci;

--
-- Dumping data untuk tabel `menu_items`
--

INSERT INTO `menu_items` (`id`, `name`, `route`, `permission_name`, `menu_group_id`, `created_at`, `updated_at`) VALUES
(1, 'Dashboard', 'dashboard', 'dashboard', 1, NULL, NULL),
(2, 'User List', 'user-management/user', 'user.index', 2, NULL, NULL),
(3, 'Role List', 'role-and-permission/role', 'role.index', 3, NULL, NULL),
(4, 'Permission List', 'role-and-permission/permission', 'permission.index', 3, NULL, NULL),
(5, 'Permission To Role', 'role-and-permission/assign', 'assign.index', 3, NULL, NULL),
(6, 'User To Role', 'role-and-permission/assign-user', 'assign.user.index', 3, NULL, NULL),
(7, 'Menu Group', 'menu-management/menu-group', 'menu-group.index', 4, NULL, NULL),
(8, 'Menu Item', 'menu-management/menu-item', 'menu-item.index', 4, NULL, NULL),
(9, 'Jabatan List', 'user-management/jabatan', 'jabatan.index', 5, NULL, NULL),
(10, 'Pejabat List', 'user-management/pejabat', 'pejabat.index', 5, NULL, NULL),
(11, 'OPD List', 'user-management/opd', 'opd.index', 5, NULL, NULL),
(12, 'Tahun', 'master-data/tahun', 'tahun.index', 6, NULL, NULL),
(13, 'Kecamatan', 'master-data/kecamatan', 'kecamatan.index', 6, NULL, NULL),
(14, 'Kelurahan', 'master-data/kelurahan', 'kelurahan.index', 6, NULL, NULL),
(15, 'Daerah Lelang', 'master-data/daerah', 'daerah.index', 6, NULL, NULL),
(16, 'Pendaftar Lelang', 'lelang/daftar', 'daftar.index', 7, NULL, NULL),
(17, 'Harga Dasar', 'lelang/tkd', 'tkd.index', 7, NULL, NULL),
(18, 'Penawaran', 'lelang/penawaran', 'penawaran.index', 7, NULL, NULL);

-- --------------------------------------------------------

--
-- Struktur dari tabel `migrations`
--

CREATE TABLE IF NOT EXISTS `migrations` (
  `id` int(10) UNSIGNED NOT NULL,
  `migration` varchar(255) COLLATE utf8mb4_unicode_ci NOT NULL,
  `batch` int(11) NOT NULL
) ENGINE=InnoDB DEFAULT CHARSET=utf8mb4 COLLATE=utf8mb4_unicode_ci;

--
-- Dumping data untuk tabel `migrations`
--

-- Data migrations dikosongkan.


-- --------------------------------------------------------

--
-- Struktur dari tabel `model_has_permissions`
--

CREATE TABLE IF NOT EXISTS `model_has_permissions` (
  `permission_id` bigint(20) UNSIGNED NOT NULL,
  `model_type` varchar(255) COLLATE utf8mb4_unicode_ci NOT NULL,
  `model_id` bigint(20) UNSIGNED NOT NULL
) ENGINE=InnoDB DEFAULT CHARSET=utf8mb4 COLLATE=utf8mb4_unicode_ci;

-- --------------------------------------------------------

--
-- Struktur dari tabel `model_has_roles`
--

CREATE TABLE IF NOT EXISTS `model_has_roles` (
  `role_id` bigint(20) UNSIGNED NOT NULL,
  `model_type` varchar(255) COLLATE utf8mb4_unicode_ci NOT NULL,
  `model_id` bigint(20) UNSIGNED NOT NULL
) ENGINE=InnoDB DEFAULT CHARSET=utf8mb4 COLLATE=utf8mb4_unicode_ci;
-- --------------------------------------------------------

--
-- Struktur dari tabel `opds`
--

CREATE TABLE IF NOT EXISTS `opds` (
  `id` bigint(20) UNSIGNED NOT NULL,
  `no_opd` varchar(255) COLLATE utf8mb4_unicode_ci NOT NULL,
  `id_kecamatan` bigint(20) UNSIGNED NOT NULL,
  `created_at` timestamp NULL DEFAULT NULL,
  `updated_at` timestamp NULL DEFAULT NULL
) ENGINE=InnoDB DEFAULT CHARSET=utf8mb4 COLLATE=utf8mb4_unicode_ci;

--
-- Dumping data untuk tabel `opds`
--

INSERT INTO `opds` (`id`, `no_opd`, `id_kecamatan`, `created_at`, `updated_at`) VALUES
(1, '419.500', 1, NULL, NULL),
(2, '419.600', 2, NULL, NULL);

-- --------------------------------------------------------

--
-- Struktur dari tabel `password_resets`
--

CREATE TABLE IF NOT EXISTS `password_resets` (
  `email` varchar(255) COLLATE utf8mb4_unicode_ci NOT NULL,
  `token` varchar(255) COLLATE utf8mb4_unicode_ci NOT NULL,
  `created_at` timestamp NULL DEFAULT NULL
) ENGINE=InnoDB DEFAULT CHARSET=utf8mb4 COLLATE=utf8mb4_unicode_ci;

-- --------------------------------------------------------

--
-- Struktur dari tabel `pejabats`
--

CREATE TABLE IF NOT EXISTS `pejabats` (
  `id` bigint(20) UNSIGNED NOT NULL,
  `id_jabatan` bigint(20) UNSIGNED NOT NULL,
  `id_opd` bigint(20) UNSIGNED NOT NULL,
  `nama_pejabat` varchar(255) COLLATE utf8mb4_unicode_ci DEFAULT NULL,
  `nip_pejabat` varchar(255) COLLATE utf8mb4_unicode_ci NOT NULL,
  `no_sk` varchar(255) COLLATE utf8mb4_unicode_ci NOT NULL,
  `created_at` timestamp NULL DEFAULT NULL,
  `updated_at` timestamp NULL DEFAULT NULL
) ENGINE=InnoDB DEFAULT CHARSET=utf8mb4 COLLATE=utf8mb4_unicode_ci;

--
-- Dumping data untuk tabel `pejabats`
--

INSERT INTO `pejabats` (`id`, `id_jabatan`, `id_opd`, `nama_pejabat`, `nip_pejabat`, `no_sk`, `created_at`, `updated_at`) VALUES
(1, 1, 1, 'ARIEF CHOLISUDIN Y,S.STP,MM', '19800727 199912 1 002', '119', NULL, NULL),
(2, 1, 2, 'WIDIOANTORO, S.Sos, M.Si', '19731205 199302 1 001', '119', NULL, NULL);

-- --------------------------------------------------------

--
-- Struktur dari tabel `penawarans`
--

CREATE TABLE IF NOT EXISTS `penawarans` (
  `id` bigint(20) UNSIGNED NOT NULL,
  `id_penawaran` varchar(255) COLLATE utf8mb4_unicode_ci DEFAULT NULL,
  `total_luas` int(11) DEFAULT NULL,
  `idfk_daftar` bigint(20) UNSIGNED NOT NULL,
  `id_daftar` varchar(255) COLLATE utf8mb4_unicode_ci NOT NULL,
  `idfk_tkd` bigint(20) UNSIGNED NOT NULL,
  `id_tkd` varchar(255) COLLATE utf8mb4_unicode_ci NOT NULL,
  `nilai_penawaran` varchar(255) COLLATE utf8mb4_unicode_ci NOT NULL,
  `keterangan` varchar(255) COLLATE utf8mb4_unicode_ci DEFAULT NULL,
  `created_at` timestamp NULL DEFAULT NULL,
  `updated_at` timestamp NULL DEFAULT NULL
) ENGINE=InnoDB DEFAULT CHARSET=utf8mb4 COLLATE=utf8mb4_unicode_ci;


-- --------------------------------------------------------

--
-- Struktur dari tabel `permissions`
--

CREATE TABLE IF NOT EXISTS `permissions` (
  `id` bigint(20) UNSIGNED NOT NULL,
  `name` varchar(255) COLLATE utf8mb4_unicode_ci NOT NULL,
  `guard_name` varchar(255) COLLATE utf8mb4_unicode_ci NOT NULL,
  `created_at` timestamp NULL DEFAULT NULL,
  `updated_at` timestamp NULL DEFAULT NULL
) ENGINE=InnoDB DEFAULT CHARSET=utf8mb4 COLLATE=utf8mb4_unicode_ci;

--
-- Dumping data untuk tabel `permissions`
--

INSERT INTO `permissions` (`id`, `name`, `guard_name`, `created_at`, `updated_at`) VALUES
(1, 'dashboard', 'web', '2023-08-15 05:44:04', '2023-08-15 05:44:04'),
(2, 'user.management', 'web', '2023-08-15 05:44:04', '2023-08-15 05:44:04'),
(3, 'role.permission.management', 'web', '2023-08-15 05:44:04', '2023-08-15 05:44:04'),
(4, 'menu.management', 'web', '2023-08-15 05:44:04', '2023-08-15 05:44:04'),
(5, 'master.data', 'web', '2023-08-15 05:44:05', '2023-08-15 05:44:05'),
(6, 'lelang', 'web', '2023-08-15 05:44:05', '2023-08-15 05:44:05'),
(7, 'user.index', 'web', '2023-08-15 05:44:05', '2023-08-15 05:44:05'),
(8, 'user.create', 'web', '2023-08-15 05:44:05', '2023-08-15 05:44:05'),
(9, 'user.edit', 'web', '2023-08-15 05:44:05', '2023-08-15 05:44:05'),
(10, 'user.destroy', 'web', '2023-08-15 05:44:05', '2023-08-15 05:44:05'),
(11, 'user.import', 'web', '2023-08-15 05:44:05', '2023-08-15 05:44:05'),
(12, 'user.export', 'web', '2023-08-15 05:44:05', '2023-08-15 05:44:05'),
(13, 'role.index', 'web', '2023-08-15 05:44:05', '2023-08-15 05:44:05'),
(14, 'role.create', 'web', '2023-08-15 05:44:05', '2023-08-15 05:44:05'),
(15, 'role.edit', 'web', '2023-08-15 05:44:05', '2023-08-15 05:44:05'),
(16, 'role.destroy', 'web', '2023-08-15 05:44:05', '2023-08-15 05:44:05'),
(17, 'role.import', 'web', '2023-08-15 05:44:05', '2023-08-15 05:44:05'),
(18, 'role.export', 'web', '2023-08-15 05:44:05', '2023-08-15 05:44:05'),
(19, 'permission.index', 'web', '2023-08-15 05:44:05', '2023-08-15 05:44:05'),
(20, 'permission.create', 'web', '2023-08-15 05:44:05', '2023-08-15 05:44:05'),
(21, 'permission.edit', 'web', '2023-08-15 05:44:05', '2023-08-15 05:44:05'),
(22, 'permission.destroy', 'web', '2023-08-15 05:44:05', '2023-08-15 05:44:05'),
(23, 'permission.import', 'web', '2023-08-15 05:44:05', '2023-08-15 05:44:05'),
(24, 'permission.export', 'web', '2023-08-15 05:44:05', '2023-08-15 05:44:05'),
(25, 'assign.index', 'web', '2023-08-15 05:44:05', '2023-08-15 05:44:05'),
(26, 'assign.create', 'web', '2023-08-15 05:44:05', '2023-08-15 05:44:05'),
(27, 'assign.edit', 'web', '2023-08-15 05:44:05', '2023-08-15 05:44:05'),
(28, 'assign.destroy', 'web', '2023-08-15 05:44:05', '2023-08-15 05:44:05'),
(29, 'assign.user.index', 'web', '2023-08-15 05:44:05', '2023-08-15 05:44:05'),
(30, 'assign.user.create', 'web', '2023-08-15 05:44:05', '2023-08-15 05:44:05'),
(31, 'assign.user.edit', 'web', '2023-08-15 05:44:05', '2023-08-15 05:44:05'),
(32, 'menu-group.index', 'web', '2023-08-15 05:44:05', '2023-08-15 05:44:05'),
(33, 'menu-group.create', 'web', '2023-08-15 05:44:06', '2023-08-15 05:44:06'),
(34, 'menu-group.edit', 'web', '2023-08-15 05:44:06', '2023-08-15 05:44:06'),
(35, 'menu-group.destroy', 'web', '2023-08-15 05:44:06', '2023-08-15 05:44:06'),
(36, 'menu-item.index', 'web', '2023-08-15 05:44:06', '2023-08-15 05:44:06'),
(37, 'menu-item.create', 'web', '2023-08-15 05:44:06', '2023-08-15 05:44:06'),
(38, 'menu-item.edit', 'web', '2023-08-15 05:44:06', '2023-08-15 05:44:06'),
(39, 'menu-item.destroy', 'web', '2023-08-15 05:44:06', '2023-08-15 05:44:06'),
(40, 'tahun.index', 'web', '2023-08-15 05:44:06', '2023-08-15 05:44:06'),
(41, 'tahun.create', 'web', '2023-08-15 05:44:06', '2023-08-15 05:44:06'),
(42, 'tahun.edit', 'web', '2023-08-15 05:44:06', '2023-08-15 05:44:06'),
(43, 'tahun.destroy', 'web', '2023-08-15 05:44:06', '2023-08-15 05:44:06'),
(44, 'kecamatan.index', 'web', '2023-08-15 05:44:06', '2023-08-15 05:44:06'),
(45, 'kecamatan.create', 'web', '2023-08-15 05:44:06', '2023-08-15 05:44:06'),
(46, 'kecamatan.edit', 'web', '2023-08-15 05:44:06', '2023-08-15 05:44:06'),
(47, 'kecamatan.destroy', 'web', '2023-08-15 05:44:06', '2023-08-15 05:44:06'),
(48, 'kelurahan.index', 'web', '2023-08-15 05:44:06', '2023-08-15 05:44:06'),
(49, 'kelurahan.create', 'web', '2023-08-15 05:44:06', '2023-08-15 05:44:06'),
(50, 'kelurahan.edit', 'web', '2023-08-15 05:44:06', '2023-08-15 05:44:06'),
(51, 'kelurahan.destroy', 'web', '2023-08-15 05:44:06', '2023-08-15 05:44:06'),
(52, 'daerah.index', 'web', '2023-08-15 05:44:07', '2023-08-15 05:44:07'),
(53, 'daerah.create', 'web', '2023-08-15 05:44:07', '2023-08-15 05:44:07'),
(54, 'daerah.edit', 'web', '2023-08-15 05:44:07', '2023-08-15 05:44:07'),
(55, 'daerah.destroy', 'web', '2023-08-15 05:44:07', '2023-08-15 05:44:07'),
(56, 'jabatan.index', 'web', '2023-08-15 05:44:07', '2023-08-15 05:44:07'),
(57, 'jabatan.create', 'web', '2023-08-15 05:44:07', '2023-08-15 05:44:07'),
(58, 'jabatan.edit', 'web', '2023-08-15 05:44:07', '2023-08-15 05:44:07'),
(59, 'jabatan.destroy', 'web', '2023-08-15 05:44:07', '2023-08-15 05:44:07'),
(60, 'pejabat.index', 'web', '2023-08-15 05:44:07', '2023-08-15 05:44:07'),
(61, 'pejabat.create', 'web', '2023-08-15 05:44:07', '2023-08-15 05:44:07'),
(62, 'pejabat.edit', 'web', '2023-08-15 05:44:07', '2023-08-15 05:44:07'),
(63, 'pejabat.destroy', 'web', '2023-08-15 05:44:07', '2023-08-15 05:44:07'),
(64, 'opd.index', 'web', '2023-08-15 05:44:07', '2023-08-15 05:44:07'),
(65, 'opd.create', 'web', '2023-08-15 05:44:07', '2023-08-15 05:44:07'),
(66, 'opd.edit', 'web', '2023-08-15 05:44:07', '2023-08-15 05:44:07'),
(67, 'opd.destroy', 'web', '2023-08-15 05:44:07', '2023-08-15 05:44:07'),
(68, 'daftar.index', 'web', '2023-08-15 05:44:07', '2023-08-15 05:44:07'),
(69, 'daftar.create', 'web', '2023-08-15 05:44:07', '2023-08-15 05:44:07'),
(70, 'daftar.edit', 'web', '2023-08-15 05:44:07', '2023-08-15 05:44:07'),
(71, 'daftar.destroy', 'web', '2023-08-15 05:44:07', '2023-08-15 05:44:07'),
(72, 'tkd.index', 'web', '2023-08-15 05:44:07', '2023-08-15 05:44:07'),
(73, 'tkd.create', 'web', '2023-08-15 05:44:07', '2023-08-15 05:44:07'),
(74, 'tkd.edit', 'web', '2023-08-15 05:44:08', '2023-08-15 05:44:08'),
(75, 'tkd.destroy', 'web', '2023-08-15 05:44:08', '2023-08-15 05:44:08'),
(76, 'penawaran.index', 'web', '2023-08-15 05:44:08', '2023-08-15 05:44:08'),
(77, 'penawaran.create', 'web', '2023-08-15 05:44:08', '2023-08-15 05:44:08'),
(78, 'penawaran.edit', 'web', '2023-08-15 05:44:08', '2023-08-15 05:44:08'),
(79, 'penawaran.destroy', 'web', '2023-08-15 05:44:08', '2023-08-15 05:44:08');

-- --------------------------------------------------------

--
-- Struktur dari tabel `personal_access_tokens`
--

CREATE TABLE IF NOT EXISTS `personal_access_tokens` (
  `id` bigint(20) UNSIGNED NOT NULL,
  `tokenable_type` varchar(255) COLLATE utf8mb4_unicode_ci NOT NULL,
  `tokenable_id` bigint(20) UNSIGNED NOT NULL,
  `name` varchar(255) COLLATE utf8mb4_unicode_ci NOT NULL,
  `token` varchar(64) COLLATE utf8mb4_unicode_ci NOT NULL,
  `abilities` text COLLATE utf8mb4_unicode_ci DEFAULT NULL,
  `last_used_at` timestamp NULL DEFAULT NULL,
  `created_at` timestamp NULL DEFAULT NULL,
  `updated_at` timestamp NULL DEFAULT NULL
) ENGINE=InnoDB DEFAULT CHARSET=utf8mb4 COLLATE=utf8mb4_unicode_ci;

-- --------------------------------------------------------

--
-- Struktur dari tabel `roles`
--

CREATE TABLE IF NOT EXISTS `roles` (
  `id` bigint(20) UNSIGNED NOT NULL,
  `name` varchar(255) COLLATE utf8mb4_unicode_ci NOT NULL,
  `guard_name` varchar(255) COLLATE utf8mb4_unicode_ci NOT NULL,
  `created_at` timestamp NULL DEFAULT NULL,
  `updated_at` timestamp NULL DEFAULT NULL
) ENGINE=InnoDB DEFAULT CHARSET=utf8mb4 COLLATE=utf8mb4_unicode_ci;

--
-- Dumping data untuk tabel `roles`
--

INSERT INTO `roles` (`id`, `name`, `guard_name`, `created_at`, `updated_at`) VALUES
(1, 'user', 'web', '2023-08-15 05:44:08', '2023-08-15 05:44:08'),
(2, 'super-admin', 'web', '2023-08-15 05:44:08', '2023-08-15 05:44:08');

-- --------------------------------------------------------

--
-- Dumping data untuk tabel `model_has_roles`
--

INSERT INTO `model_has_roles` (`role_id`, `model_type`, `model_id`) VALUES
(1, 'App\\Models\\User', 2),
(2, 'App\\Models\\User', 1);

-- --------------------------------------------------------

--
-- Struktur dari tabel `role_has_permissions`
--

CREATE TABLE IF NOT EXISTS `role_has_permissions` (
  `permission_id` bigint(20) UNSIGNED NOT NULL,
  `role_id` bigint(20) UNSIGNED NOT NULL
) ENGINE=InnoDB DEFAULT CHARSET=utf8mb4 COLLATE=utf8mb4_unicode_ci;

--
-- Dumping data untuk tabel `role_has_permissions`
--

INSERT INTO `role_has_permissions` (`permission_id`, `role_id`) VALUES
(1, 1),
(1, 2),
(2, 2),
(3, 2),
(4, 2),
(5, 2),
(6, 1),
(6, 2),
(7, 2),
(8, 2),
(9, 2),
(10, 2),
(11, 2),
(12, 2),
(13, 2),
(14, 2),
(15, 2),
(16, 2),
(17, 2),
(18, 2),
(19, 2),
(20, 2),
(21, 2),
(22, 2),
(23, 2),
(24, 2),
(25, 2),
(26, 2),
(27, 2),
(28, 2),
(29, 2),
(30, 2),
(31, 2),
(32, 2),
(33, 2),
(34, 2),
(35, 2),
(36, 2),
(37, 2),
(38, 2),
(39, 2),
(40, 2),
(41, 2),
(42, 2),
(43, 2),
(44, 2),
(45, 2),
(46, 2),
(47, 2),
(48, 2),
(49, 2),
(50, 2),
(51, 2),
(52, 2),
(53, 2),
(54, 2),
(55, 2),
(56, 2),
(57, 2),
(58, 2),
(59, 2),
(60, 2),
(61, 2),
(62, 2),
(63, 2),
(64, 2),
(65, 2),
(66, 2),
(67, 2),
(68, 1),
(68, 2),
(69, 1),
(69, 2),
(70, 1),
(70, 2),
(71, 1),
(71, 2),
(72, 1),
(72, 2),
(73, 1),
(73, 2),
(74, 1),
(74, 2),
(75, 1),
(75, 2),
(76, 1),
(76, 2),
(77, 1),
(77, 2),
(78, 1),
(78, 2),
(79, 1),
(79, 2);

-- --------------------------------------------------------

--
-- Struktur dari tabel `tahuns`
--

CREATE TABLE IF NOT EXISTS `tahuns` (
  `id` bigint(20) UNSIGNED NOT NULL,
  `tahun` varchar(255) COLLATE utf8mb4_unicode_ci DEFAULT NULL,
  `created_at` timestamp NULL DEFAULT NULL,
  `updated_at` timestamp NULL DEFAULT NULL
) ENGINE=InnoDB DEFAULT CHARSET=utf8mb4 COLLATE=utf8mb4_unicode_ci;

--
-- --------------------------------------------------------

--
-- Struktur dari tabel `tkds`
--

CREATE TABLE IF NOT EXISTS `tkds` (
  `id` bigint(20) UNSIGNED NOT NULL,
  `id_tkd` varchar(255) COLLATE utf8mb4_unicode_ci DEFAULT NULL,
  `id_kelurahan` bigint(20) UNSIGNED NOT NULL,
  `bidang` varchar(255) COLLATE utf8mb4_unicode_ci NOT NULL,
  `letak` varchar(255) COLLATE utf8mb4_unicode_ci NOT NULL,
  `bukti` varchar(255) COLLATE utf8mb4_unicode_ci NOT NULL,
  `harga_dasar` varchar(255) COLLATE utf8mb4_unicode_ci NOT NULL,
  `luas` varchar(255) COLLATE utf8mb4_unicode_ci NOT NULL,
  `keterangan` varchar(255) COLLATE utf8mb4_unicode_ci DEFAULT NULL,
  `nop` varchar(255) COLLATE utf8mb4_unicode_ci DEFAULT NULL,
  `created_at` timestamp NULL DEFAULT NULL,
  `updated_at` timestamp NULL DEFAULT NULL
) ENGINE=InnoDB DEFAULT CHARSET=utf8mb4 COLLATE=utf8mb4_unicode_ci;

--
-- Dumping data untuk tabel `tkds`
--

INSERT INTO `tkds` (`id`, `id_tkd`, `id_kelurahan`, `bidang`, `letak`, `bukti`, `harga_dasar`, `luas`, `keterangan`, `nop`, `created_at`, `updated_at`) VALUES
(1, '8S1', 8, '1', 'Kel Jamsaren', 'SHP 58', '1145000', '1175', '...', NULL, '2023-08-15 05:48:06', '2023-08-15 05:48:06'),
(2, '8S10', 8, '2', 'Kel Jamsaren', 'SHP 52', '1527250', '1014', '...', NULL, '2023-08-15 05:48:06', '2023-08-15 05:48:06'),
(3, '8S11', 8, '1', 'Kel Jamsaren', 'SHP 46', '1527528', '1014', '...', NULL, '2023-08-15 05:48:06', '2023-08-15 05:48:06'),
(4, '8S12', 8, '2', 'Kel Jamsaren', 'SHP 46', '1527528', '1014', '...', NULL, '2023-08-15 05:48:07', '2023-08-15 05:48:07'),
(5, '8S13', 8, '3', 'Kel Jamsaren', 'SHP 46', '1527528', '1014', '...', NULL, '2023-08-15 05:48:07', '2023-08-15 05:48:07'),
(6, '8S14', 8, '1', 'Kel Jamsaren', 'SHP 49 SHP 48', '4489250', '4699', '...', NULL, '2023-08-15 05:48:07', '2023-08-15 05:48:07'),
(7, '8S16', 8, '1', 'Kel Jamsaren', 'SHP 45', '1935675', '1390', '...', NULL, '2023-08-15 05:48:07', '2023-08-15 05:48:07'),
(8, '8S17', 8, '2', 'Kel Jamsaren', 'SHP 45', '1935675', '1390', '...', NULL, '2023-08-15 05:48:07', '2023-08-15 05:48:07'),
(9, '8S18', 8, '3', 'Kel Jamsaren', 'SHP 45', '1935675', '1390', '...', NULL, '2023-08-15 05:48:07', '2023-08-15 05:48:07'),
(10, '8S19', 8, '4', 'Kel Jamsaren', 'SHP 45', '1935675', '1390', '...', NULL, '2023-08-15 05:48:07', '2023-08-15 05:48:07'),
(11, '8S2', 8, '1', 'Kel Jamsaren', 'SHP 57', '749100', '588', '...', NULL, '2023-08-15 05:48:07', '2023-08-15 05:48:07'),
(12, '8S20', 8, '1', 'Kel Jamsaren', 'SHP 44', '1624550', '1132', '...', NULL, '2023-08-15 05:48:07', '2023-08-15 05:48:07'),
(13, '8S21', 8, '2', 'Kel Jamsaren', 'SHP 44', '1624550', '1132', '...', NULL, '2023-08-15 05:48:07', '2023-08-15 05:48:07'),
(14, '8S22', 8, '3', 'Kel Jamsaren', 'SHP 44', '1624550', '1132', '...', NULL, '2023-08-15 05:48:07', '2023-08-15 05:48:07'),
(15, '8S23', 8, '4', 'Kel Jamsaren', 'SHP 44', '1624550', '1132', '...', NULL, '2023-08-15 05:48:07', '2023-08-15 05:48:07'),
(16, '8S24', 8, '1', 'Kel Jamsaren', 'SHP 43 SHP 42', '1581900', '1057', '...', NULL, '2023-08-15 05:48:07', '2023-08-15 05:48:07'),
(17, '8S25', 8, '2', 'Kel Jamsaren', 'SHP 43 SHP 42', '1581900', '1057', '...', NULL, '2023-08-15 05:48:07', '2023-08-15 05:48:07'),
(18, '8S26', 8, '3', 'Kel Jamsaren', 'SHP 43 SHP 42', '1581900', '1057', '...', NULL, '2023-08-15 05:48:07', '2023-08-15 05:48:07'),
(19, '8S27', 8, '4', 'Kel Jamsaren', 'SHP 43 SHP 42', '1581900', '1057', '...', NULL, '2023-08-15 05:48:07', '2023-08-15 05:48:07'),
(20, '8S28', 8, '1', 'Kel Jamsaren', 'SHP 41', '1542000', '1020', '...', NULL, '2023-08-15 05:48:07', '2023-08-15 05:48:07'),
(21, '8S29', 8, '2', 'Kel Jamsaren', 'SHP 41', '1542000', '1020', '...', NULL, '2023-08-15 05:48:07', '2023-08-15 05:48:07'),
(22, '8S3', 8, '1', 'Kel Jamsaren', 'SHP 56', '1581150', '1056', '...', NULL, '2023-08-15 05:48:07', '2023-08-15 05:48:07'),
(23, '8S30', 8, '3', 'Kel Jamsaren', 'SHP 41', '1542000', '1020', '...', NULL, '2023-08-15 05:48:07', '2023-08-15 05:48:07'),
(24, '8S31', 8, '4', 'Kel Jamsaren', 'SHP 41', '1542000', '1020', '...', NULL, '2023-08-15 05:48:07', '2023-08-15 05:48:07'),
(25, '8S32', 8, '1', 'Kel Jamsaren', 'SHP 38', '1628920', '1138', '...', NULL, '2023-08-15 05:48:07', '2023-08-15 05:48:07'),
(26, '8S33', 8, '2', 'Kel Jamsaren', 'SHP 38', '1628920', '1138', '...', NULL, '2023-08-15 05:48:07', '2023-08-15 05:48:07'),
(27, '8S34', 8, '3', 'Kel Jamsaren', 'SHP 38', '1628920', '1138', '...', NULL, '2023-08-15 05:48:07', '2023-08-15 05:48:07'),
(28, '8S35', 8, '4', 'Kel Jamsaren', 'SHP 38', '1628920', '1138', '...', NULL, '2023-08-15 05:48:07', '2023-08-15 05:48:07'),
(29, '8S36', 8, '1', 'Kel Jamsaren', 'SHP 31 SHP 35', '1398350', '1412', '...', NULL, '2023-08-15 05:48:07', '2023-08-15 05:48:07'),
(30, '8S38', 8, '1', 'Kel Jamsaren', 'SHP 34', '1627600', '281', '...', NULL, '2023-08-15 05:48:07', '2023-08-15 05:48:07'),
(31, '8S39', 8, '2', 'Kel Jamsaren', 'SHP 28', '1627600', '281', '...', NULL, '2023-08-15 05:48:07', '2023-08-15 05:48:07'),
(32, '8S4', 8, '1', 'Kel Jamsaren', 'SHP 55', '1608250', '1114', '...', NULL, '2023-08-15 05:48:07', '2023-08-15 05:48:07'),
(33, '8S40', 8, '3', 'Kel Jamsaren', 'SHP 28', '1627600', '281', '...', NULL, '2023-08-15 05:48:07', '2023-08-15 05:48:07'),
(34, '8S41', 8, '1', 'Kel Jamsaren', 'SHP 32', '1577975', '1054', '...', NULL, '2023-08-15 05:48:07', '2023-08-15 05:48:07'),
(35, '8S42', 8, '2', 'Kel Jamsaren', 'SHP 32', '1577975', '1054', '...', NULL, '2023-08-15 05:48:07', '2023-08-15 05:48:07'),
(36, '8S43', 8, '3', 'Kel Jamsaren', 'SHP 32', '1577975', '1054', '...', NULL, '2023-08-15 05:48:07', '2023-08-15 05:48:07'),
(37, '8S44', 8, '4', 'Kel Jamsaren', 'SHP 32', '1577975', '1054', '...', NULL, '2023-08-15 05:48:07', '2023-08-15 05:48:07'),
(38, '8S45', 8, '1', 'Kel Jamsaren', 'SHP 26', '4195800', '2664', '...', NULL, '2023-08-15 05:48:07', '2023-08-15 05:48:07'),
(39, '8S46', 8, '2', 'Kel Jamsaren', 'SHP 25', '4195800', '2664', '...', NULL, '2023-08-15 05:48:07', '2023-08-15 05:48:07'),
(40, '8S47', 8, '1', 'Kel Jamsaren', 'SHP 24', '1644700', '1146', '...', NULL, '2023-08-15 05:48:07', '2023-08-15 05:48:07'),
(41, '8S48', 8, '2', 'Kel Jamsaren', 'SHP 24', '1644700', '1146', '...', NULL, '2023-08-15 05:48:07', '2023-08-15 05:48:07'),
(42, '8S49', 8, '3', 'Kel Jamsaren', 'SHP 24', '1644520', '1146', '...', NULL, '2023-08-15 05:48:07', '2023-08-15 05:48:07'),
(43, '8S5', 8, '2', 'Kel Jamsaren', 'SHP 54', '1607600', '1113', '...', NULL, '2023-08-15 05:48:07', '2023-08-15 05:48:07'),
(44, '8S50', 8, '4', 'Kel Jamsaren', 'SHP 24', '1644520', '1146', '...', NULL, '2023-08-15 05:48:07', '2023-08-15 05:48:07'),
(45, '8S51', 8, '1', 'Kel Jamsaren', 'SHP 28', '1726250', '1119', '...', NULL, '2023-08-15 05:48:07', '2023-08-15 05:48:07'),
(46, '8S52', 8, '2', 'Kel Jamsaren', 'SHP 28', '1726450', '1119', '...', NULL, '2023-08-15 05:48:07', '2023-08-15 05:48:07'),
(47, '8S53', 8, '3', 'Kel Jamsaren', 'SHP 28', '1726450', '1119', '...', NULL, '2023-08-15 05:48:07', '2023-08-15 05:48:07'),
(48, '8S54', 8, '4', 'Kel Jamsaren', 'SHP 28', '1726450', '1119', '...', NULL, '2023-08-15 05:48:07', '2023-08-15 05:48:07'),
(49, '8S55', 8, '1', 'Kel Jamsaren', 'Seb. SHP 27', '9214600', '6748', 'luas keseluruhan 9628 M² sebagian seluas 2.880 M² untuk SMP 5, kios dan PDAM', NULL, '2023-08-15 05:48:07', '2023-08-15 05:48:07'),
(50, '8S56', 8, '1', 'Kel Jamsaren', 'SHP 21', '8850000', '7000', '...', NULL, '2023-08-15 05:48:07', '2023-08-15 05:48:07'),
(51, '8S57', 8, '2', 'Kel Jamsaren', 'SHP 21', '4139250', '2619', '...', NULL, '2023-08-15 05:48:07', '2023-08-15 05:48:07'),
(52, '8S58', 8, '1', 'Kel Jamsaren', 'SHP 14', '1826350', '1202', '...', NULL, '2023-08-15 05:48:07', '2023-08-15 05:48:07'),
(53, '8S59', 8, '2', 'Kel Jamsaren', 'SHP 14', '1826115', '1202', '...', NULL, '2023-08-15 05:48:07', '2023-08-15 05:48:07'),
(54, '8S6', 8, '1', 'Kel Jamsaren', 'SHP53', '2606350', '1902', '...', NULL, '2023-08-15 05:48:07', '2023-08-15 05:48:07'),
(55, '8S60', 8, '3', 'Kel Jamsaren', 'SHP 14', '1826115', '1202', '...', NULL, '2023-08-15 05:48:07', '2023-08-15 05:48:07'),
(56, '8S61', 8, '4', 'Kel Jamsaren', 'SHP 14', '1826115', '1202', '...', NULL, '2023-08-15 05:48:07', '2023-08-15 05:48:07'),
(57, '8S62', 8, '5', 'Kel Jamsaren', 'SHP 14', '1826115', '1202', '...', NULL, '2023-08-15 05:48:07', '2023-08-15 05:48:07'),
(58, '8S63', 8, '1', 'Kel Jamsaren', 'Seb SHP 13', '1976150', '1316', 'luas keseluruhan 7.464 M² Sebagian  seluas 1,866 M² gaji Suyono)', NULL, '2023-08-15 05:48:07', '2023-08-15 05:48:07'),
(59, '8S64', 8, '2', 'Kel Jamsaren', 'Seb SHP 13', '1976150', '1316', 'luas keseluruhan 7.464 M² Sebagian  seluas 1,866 M² gaji Suyono)', NULL, '2023-08-15 05:48:07', '2023-08-15 05:48:07'),
(60, '8S65', 8, '3', 'Kel Jamsaren', 'Seb SHP 13', '1976150', '1316', 'luas keseluruhan 7.464 M² Sebagian  seluas 1,866 M² gaji Suyono)', NULL, '2023-08-15 05:48:07', '2023-08-15 05:48:07'),
(61, '8S66', 8, '1', 'Kel Jamsaren', 'SHP 12', '3448700', '2091', '...', NULL, '2023-08-15 05:48:07', '2023-08-15 05:48:07'),
(62, '8S67', 8, '1', 'Kel Jamsaren', 'SHP 11', '5738900', '4352', '...', NULL, '2023-08-15 05:48:07', '2023-08-15 05:48:07'),
(63, '8S68', 8, '2', 'Kel Jamsaren', 'SHP 11', '5738900', '4352', '...', NULL, '2023-08-15 05:48:07', '2023-08-15 05:48:07'),
(64, '8S69', 8, '3', 'Kel Jamsaren', 'SHP 11', '5739600', '4353', '...', NULL, '2023-08-15 05:48:07', '2023-08-15 05:48:07'),
(65, '8S7', 8, '2', 'Kel Jamsaren', 'SHP53', '2606350', '1902', '...', NULL, '2023-08-15 05:48:07', '2023-08-15 05:48:07'),
(66, '8S70', 8, '1', 'Kel Jamsaren', 'SHP 10', '1939100', '1288', '...', NULL, '2023-08-15 05:48:07', '2023-08-15 05:48:07'),
(67, '8S71', 8, '2', 'Kel Jamsaren', 'SHP 10', '1939100', '1288', '...', NULL, '2023-08-15 05:48:07', '2023-08-15 05:48:07'),
(68, '8S72', 8, '3', 'Kel Jamsaren', 'SHP 10', '1939100', '1288', '...', NULL, '2023-08-15 05:48:07', '2023-08-15 05:48:07'),
(69, '8S73', 8, '4', 'Kel Jamsaren', 'SHP 10', '1939800', '1289', '...', NULL, '2023-08-15 05:48:07', '2023-08-15 05:48:07'),
(70, '8S74', 8, '5', 'Kel Jamsaren', 'SHP 10', '1939800', '1289', '...', NULL, '2023-08-15 05:48:07', '2023-08-15 05:48:07'),
(71, '8S75', 8, '6', 'Kel Jamsaren', 'SHP 10', '1939800', '1289', '...', NULL, '2023-08-15 05:48:07', '2023-08-15 05:48:07'),
(72, '8S76', 8, '7', 'Kel Jamsaren', 'SHP 10', '1939800', '1289', '...', NULL, '2023-08-15 05:48:07', '2023-08-15 05:48:07'),
(73, '8S77', 8, '8', 'Kel Jamsaren', 'SHP 10', '1939800', '1289', '...', NULL, '2023-08-15 05:48:07', '2023-08-15 05:48:07'),
(74, '8S78', 8, '9', 'Kel Jamsaren', 'SHP 10', '1939800', '1289', '...', NULL, '2023-08-15 05:48:07', '2023-08-15 05:48:07'),
(75, '8S79', 8, '1', 'Kel Jamsaren', 'SHP 39 ', '8780100', '6743', '...', NULL, '2023-08-15 05:48:07', '2023-08-15 05:48:07'),
(76, '8S8', 8, '3', 'Kel Jamsaren', 'SHP53', '2606350', '1902', '...', NULL, '2023-08-15 05:48:07', '2023-08-15 05:48:07'),
(77, '8S80', 8, '1', 'Kel Jamsaren', 'SHP  66', '8812100', '6768', '...', NULL, '2023-08-15 05:48:07', '2023-08-15 05:48:07'),
(78, '8S81', 8, '2', 'Kel Jamsaren', 'SHP 66', '8812100', '6768', '...', NULL, '2023-08-15 05:48:07', '2023-08-15 05:48:07'),
(79, '8S82', 8, '3', 'Kel Jamsaren', 'SHP 66', '8469850', '6769', '...', NULL, '2023-08-15 05:48:07', '2023-08-15 05:48:07'),
(80, '8S83', 8, '4', 'Kel Jamsaren', 'SHP 66', '8469850', '6769', '...', NULL, '2023-08-15 05:48:07', '2023-08-15 05:48:07'),
(81, '8S84', 8, '1', 'Kel Jamsaren', 'Persil S106', '825000', '1350', '...', NULL, '2023-08-15 05:48:07', '2023-08-15 05:48:07'),
(82, '8S85', 8, '1', 'Timur makam Banaran menuju Kleco', 'SHP 10', '12414600', '9811', 'Ex Dhopir ', NULL, '2023-08-15 05:48:07', '2023-08-15 05:48:07'),
(83, '8S86', 8, '1', 'Timur makam Banaran menuju Kleco', 'SHP 47', '1884650', '1276', 'Ex Dhopir ', NULL, '2023-08-15 05:48:07', '2023-08-15 05:48:07'),
(84, '8S87', 8, '1', 'Timur makam Banaran menuju Kleco', 'SHP 27', '7801750', '5910', 'Ex Dhopir ', NULL, '2023-08-15 05:48:07', '2023-08-15 05:48:07'),
(85, '8S88', 8, '1', 'Timur makam Banaran menuju Kleco', 'SHP 8', '9814100', '7439', 'Ex Dhopir ', NULL, '2023-08-15 05:48:07', '2023-08-15 05:48:07'),
(86, '8S89', 8, '1', 'Timur makam Banaran menuju Kleco', 'SHP 20', '328650', '186', 'Ex Dhopir ', NULL, '2023-08-15 05:48:07', '2023-08-15 05:48:07'),
(87, '8S9', 8, '1', 'Kel Jamsaren', 'SHP 52', '1527250', '1014', '...', NULL, '2023-08-15 05:48:07', '2023-08-15 05:48:07'),
(88, '8S90', 8, '1', 'Timur makam Banaran menuju Kleco', 'SHP 14', '789100', '594', 'Ex Dhopir ', NULL, '2023-08-15 05:48:07', '2023-08-15 05:48:07'),
(89, '8S91', 8, '1', 'Jl.arah Pakunden-Betet,timur Gambiran', 'SHP 11', '12077100', '8276', 'Ex Dhopir ', NULL, '2023-08-15 05:48:07', '2023-08-15 05:48:07'),
(90, '9S1', 9, '1', ' Tempurejo', 'SHP 7', '3767000', '2560', 'Lor omah Kwangkalan', NULL, '2023-08-15 05:48:07', '2023-08-15 05:48:07'),
(91, '9S10', 9, '1', ' Blabak', 'SHP 6', '1289500', '1485', '...', NULL, '2023-08-15 05:48:07', '2023-08-15 05:48:07'),
(92, '9S11', 9, '1', ' Blabak', 'SHP 7', '5004500', '3935', 'Lor Omah Pagut', NULL, '2023-08-15 05:48:07', '2023-08-15 05:48:07'),
(93, '9S12', 9, '1', ' Blabak', 'SHP 8', '1460000', '1050', 'barat Lapangan Blabak', NULL, '2023-08-15 05:48:07', '2023-08-15 05:48:07'),
(94, '9S13', 9, '1', ' Pakunden', 'SHP 7', '1270500', '810', 'lor PLN,bawah dam', NULL, '2023-08-15 05:48:07', '2023-08-15 05:48:07'),
(95, '9S14', 9, '1', ' Pakunden', 'SHP 8', '1570000', '1100', 'lor Bence Regency', NULL, '2023-08-15 05:48:07', '2023-08-15 05:48:07'),
(96, '9S15', 9, '1', ' Tosaren', 'SHP 14', '3560000', '2800', 'ex nasyuhhi,lingk.Cakarsi', NULL, '2023-08-15 05:48:07', '2023-08-15 05:48:07'),
(97, '9S16', 9, '1', 'Singonegaran', 'SHP 34', '8501100', '6788', 'kidul omah', NULL, '2023-08-15 05:48:07', '2023-08-15 05:48:07'),
(98, '9S17', 9, '1', 'Singonegaran', 'SHP 14', '839600', '628', 'kidul omah', NULL, '2023-08-15 05:48:07', '2023-08-15 05:48:07'),
(99, '9S18', 9, '1', 'Singonegaran', 'SHP 11', '2491500', '1810', 'Kulon Ratan arah Kak So', NULL, '2023-08-15 05:48:07', '2023-08-15 05:48:07'),
(100, '9S19', 9, '1', 'Singonegaran', 'Seb. SHP 37', '7465250', '5879', 'Etan lapangan (Luas keseluruhan 10.879 M² sebagian seluas 5.000 M² utk gaji P. Sugito)', NULL, '2023-08-15 05:48:07', '2023-08-15 05:48:07'),
(101, '9S2', 9, '1', '. Bawang', 'SHP 17', '649600', '428', 'TPS Centong ngetan', NULL, '2023-08-15 05:48:07', '2023-08-15 05:48:07'),
(102, '9S20', 9, '1', 'Singonegaran', 'SHP 18', '1461800', '1089', 'Kidul omah', NULL, '2023-08-15 05:48:07', '2023-08-15 05:48:07'),
(103, '9S21', 9, '1', 'Singonegaran', 'SHP 21', '2728500', '1605', 'Watu abang', NULL, '2023-08-15 05:48:07', '2023-08-15 05:48:07'),
(104, '9S22', 9, '1', 'Singonegaran', 'SHP 24', '9252350', '7397', 'Kidul omah Mburi Pos Kamling', NULL, '2023-08-15 05:48:07', '2023-08-15 05:48:07'),
(105, '9S23', 9, '1', 'Singonegaran', 'SHP 12', '2534500', '1835', 'Kidul Omah', NULL, '2023-08-15 05:48:07', '2023-08-15 05:48:07'),
(106, '9S24', 9, '1', 'Singonegaran', 'SHP 28', '2169000', '1545', 'Kidul Omah', NULL, '2023-08-15 05:48:07', '2023-08-15 05:48:07'),
(107, '9S25', 9, '1', 'Singonegaran', 'Seb SHP 35', '4603500', '3970', 'Kulon Omah', NULL, '2023-08-15 05:48:07', '2023-08-15 05:48:07'),
(108, '9S26', 9, '2', 'Singonegaran', 'Seb SHP 35', '6450000', '5000', 'Ex Suwondo,kulon omah', NULL, '2023-08-15 05:48:07', '2023-08-15 05:48:07'),
(109, '9S27', 9, '1', ' Blabak', 'SHP 15 SHP12', '1262000', '9465', 'Sebagian tidak produktif berupa tanah rawa', NULL, '2023-08-15 05:48:07', '2023-08-15 05:48:07'),
(110, '9S28', 9, '1', 'Singonegaran', 'SHP 13', '3566600', '2738', 'Kidul omah (Ex Nasyuhhi)', NULL, '2023-08-15 05:48:07', '2023-08-15 05:48:07'),
(111, '9S29', 9, '1', 'Singonegaran', 'Seb. SHP 41', '10256350', '11602', 'Keseluruhan seluas 21.916 M², sebagian seluas 9.764 M² untuk kantor terpadu (waru-waru) ', NULL, '2023-08-15 05:48:07', '2023-08-15 05:48:07'),
(112, '9S3', 9, '1', ' Bawang', 'SHP 19', '358000', '2590', 'Lor Psr Centong ngetan', NULL, '2023-08-15 05:48:07', '2023-08-15 05:48:07'),
(113, '9S30', 9, '1', 'Pakunden', 'SHP 6', '3269000', '2070', 'ex nasyuhhi', NULL, '2023-08-15 05:48:07', '2023-08-15 05:48:07'),
(114, '9S31', 9, '1', 'Singonegaran', 'SHP 17', '13252600', '14128', 'Watu abang  (ex Nasyuhhi)', NULL, '2023-08-15 05:48:07', '2023-08-15 05:48:07'),
(115, '9S32', 9, '1', 'Singonegaran', 'SHP 32', '8871000', '7025', 'Waru-waru', NULL, '2023-08-15 05:48:07', '2023-08-15 05:48:07'),
(116, '9S33', 9, '1', 'Singonegaran', 'SHP 26', '3711150', '2881', 'Waru-waru ', NULL, '2023-08-15 05:48:07', '2023-08-15 05:48:07'),
(117, '9S34', 9, '2', 'Singonegaran', 'SHP 26', '6387500', '5000', 'ex Suwondo', NULL, '2023-08-15 05:48:07', '2023-08-15 05:48:07'),
(118, '9S35', 9, '1', 'Singonegaran', 'SHP 25', '8311800', '10289', 'Ex Suwondo,waru-waru', NULL, '2023-08-15 05:48:07', '2023-08-15 05:48:07'),
(119, '9S36', 9, '1', 'Singonegaran', 'Seb. SHP 35', '5097900', '3997', 'Keseluruhan seluas 6.337 M², sebagian seluas 2.340 M² Untuk Pengganti makam (waru-waru)', NULL, '2023-08-15 05:48:07', '2023-08-15 05:48:07'),
(120, '9S37', 9, '1', 'Singonegaran', 'Seb SHP 16', '14831000', '11480', 'Keseluruhan seluas 15.230 M², sebagian seluas 3.750 M² untuk gedung serbaguna', NULL, '2023-08-15 05:48:08', '2023-08-15 05:48:08'),
(121, '9S38', 9, '1', 'Blabak', 'SHP 13', '1276500', '895', 'Kurang produktif(lap.blabak)', NULL, '2023-08-15 05:48:08', '2023-08-15 05:48:08'),
(122, '9S39', 9, '1', 'Singonegaran', 'SHP 4', '3591000', '380', 'ex. Suwondo,watu abang', NULL, '2023-08-15 05:48:08', '2023-08-15 05:48:08'),
(123, '9S4', 9, '1', ' Bawang', 'SHP 18', '1611100', '1118', 'Lor Psr Centong ngetan', NULL, '2023-08-15 05:48:08', '2023-08-15 05:48:08'),
(124, '9S40', 9, '1', 'Ketami', 'SHP 5', '1468500', '1080', 'ex. Suwondo', NULL, '2023-08-15 05:48:08', '2023-08-15 05:48:08'),
(125, '9S41', 9, '1', 'Ketami', 'SHP 6', '1546000', '1025', 'ex. Suwondo', NULL, '2023-08-15 05:48:08', '2023-08-15 05:48:08'),
(126, '9S42', 9, '1', 'Betet', 'SHP 19', '1611000', '1125', '...', NULL, '2023-08-15 05:48:08', '2023-08-15 05:48:08'),
(127, '9S43', 9, '1', 'Betet', 'SHP 20', '1601000', '1125', '...', NULL, '2023-08-15 05:48:08', '2023-08-15 05:48:08'),
(128, '9S44', 9, '1', 'Bawang', 'SHP 20', '5601500', '4310', 'belakang TK Pembina', NULL, '2023-08-15 05:48:08', '2023-08-15 05:48:08'),
(129, '9S45', 9, '1', 'Bawang', 'SHP 21', '7070000', '5600', 'Psr Centong,sumber Soyo', NULL, '2023-08-15 05:48:08', '2023-08-15 05:48:08'),
(130, '9S46', 9, '1', 'Blabak', 'SHP 14', '1417500', '1250', 'Tidak produktif,lor lap.blabak', NULL, '2023-08-15 05:48:08', '2023-08-15 05:48:08'),
(131, '9S47', 9, '1', 'Kulon omah Singonegaran', 'Seb. SHP 35', '16250000', '15000', 'ex Pensiun Parsit Santoso ', NULL, '2023-08-15 05:48:08', '2023-08-15 05:48:08'),
(132, '9S48', 9, '1', 'Jamsaren/Kleco', 'SHP 3', '1107500', '1020', 'ex Pensiun Parsit Santoso ', NULL, '2023-08-15 05:48:08', '2023-08-15 05:48:08'),
(133, '9S49', 9, '1', 'Jamsaren/Kleco', 'SHP 2', '2626500', '2460', 'ex Pensiun Parsit Santoso ', NULL, '2023-08-15 05:48:08', '2023-08-15 05:48:08'),
(134, '9S5', 9, '1', ' Bawang', 'SHP 27', '1800000', '1200', 'Kidul Kel.Bawang', NULL, '2023-08-15 05:48:08', '2023-08-15 05:48:08'),
(135, '9S6', 9, '1', ' Betet', 'SHP 18', '7247000', '5710', 'Sumur 9 Betet', NULL, '2023-08-15 05:48:08', '2023-08-15 05:48:08'),
(136, '9S7', 9, '1', ' Betet', 'SHP 17', '8247500', '6550', 'barat Lap. Betet', NULL, '2023-08-15 05:48:08', '2023-08-15 05:48:08'),
(137, '9S8', 9, '1', ' Blabak', 'SHP 4', '1918000', '1390', 'barat Lap.Blabak', NULL, '2023-08-15 05:48:08', '2023-08-15 05:48:08'),
(138, '9S9', 9, '1', ' Blabak', 'SHP 5', '813500', '955', 'barat Lap.Blabak', NULL, '2023-08-15 05:48:08', '2023-08-15 05:48:08'),
(139, '10S1', 10, '1', 'Kidul Omah', 'SHP 06', '2115500', '1435', 'Jl. Raya Bawang- Betet', NULL, '2023-08-15 05:48:08', '2023-08-15 05:48:08'),
(140, '10S10', 10, '1', 'Kel. Tinalan', 'Seb. SHP 8 dan 14', '3750000', '2800', 'Sebagian Sisa lapangan', NULL, '2023-08-15 05:48:08', '2023-08-15 05:48:08'),
(141, '10S11', 10, '1', 'Blkang gedung', 'Seb. SHP 11', '12500000', '8570', '...', NULL, '2023-08-15 05:48:08', '2023-08-15 05:48:08'),
(142, '10S12', 10, '1', 'Blkang SMP 9', 'SHP 18', '9928120', '7485', '...', NULL, '2023-08-15 05:48:08', '2023-08-15 05:48:08'),
(143, '10S13', 10, '2', 'Blkang SMP 9', 'SHP 18', '9910620', '7485', '...', NULL, '2023-08-15 05:48:08', '2023-08-15 05:48:08'),
(144, '10S14', 10, '3', 'Kel. Tinalan', 'Seb. SHP 19', '2662000', '2000', 'Ex Yunus (Modin)', NULL, '2023-08-15 05:48:08', '2023-08-15 05:48:08'),
(145, '10S15', 10, '5', 'Kel. Tinalan', 'Seb. SHP 19', '3881120', '2505', 'Sisa SMP 9 ', NULL, '2023-08-15 05:48:08', '2023-08-15 05:48:08'),
(146, '10S16', 10, '1', 'Kel. Tinalan', 'Seb. SHP 19', '2885680', '2015', 'Ex Singgih', NULL, '2023-08-15 05:48:08', '2023-08-15 05:48:08'),
(147, '10S17', 10, '1', 'Kidul lapangan', 'SHP 10', '7152620', '5315', 'Ex Singgih', NULL, '2023-08-15 05:48:08', '2023-08-15 05:48:08'),
(148, '10S18', 10, '2', 'Kidul lapangan', 'SHP 10', '7152620', '5315', '...', NULL, '2023-08-15 05:48:08', '2023-08-15 05:48:08'),
(149, '10S19', 10, '1', 'Blkang makam', 'SHP 17', '5250000', '4105', 'Bekas garapan Juru Kunci', NULL, '2023-08-15 05:48:08', '2023-08-15 05:48:08'),
(150, '10S2', 10, '1', 'Kidul Omah', 'SHP 08', '1831000', '1180', 'Jl. Raya Bawang- Betet', NULL, '2023-08-15 05:48:08', '2023-08-15 05:48:08'),
(151, '10S3', 10, '1', 'Kidul Omah', 'SHP 10', '2113750', '1160', 'Jl. Raya Bawang- Betet', NULL, '2023-08-15 05:48:08', '2023-08-15 05:48:08'),
(152, '10S4', 10, '1', 'Dadapan', 'SHP 11', '6790620', '5315', 'Ex MUDIN YUNUS, JL.Palang Merah', NULL, '2023-08-15 05:48:08', '2023-08-15 05:48:08'),
(153, '10S5', 10, '2', 'Dadapan', 'SHP 11', '7152620', '5315', 'Ex MUDIN YUNUS, JL.Palang Merah', NULL, '2023-08-15 05:48:08', '2023-08-15 05:48:08'),
(154, '10S6', 10, '1', 'Dadapan', 'SHP 12', '7012000', '5500', 'Ex BAYAN BAKRON CATUR, Lor Lapangan', NULL, '2023-08-15 05:48:08', '2023-08-15 05:48:08'),
(155, '10S7', 10, '2', 'Dadapan', 'SHP 12', '6987500', '5500', 'Ex BAYAN BAKRON CATUR, Lor Lapangan', NULL, '2023-08-15 05:48:08', '2023-08-15 05:48:08'),
(156, '10S8', 10, '1', 'Barat Lapangan', 'Seb. SHP 8', '7106200', '5570', 'Luas Keseluruhan  11.140 M² ,ex parman bayan', NULL, '2023-08-15 05:48:08', '2023-08-15 05:48:08'),
(157, '10S9', 10, '1', 'Barat Lapangan', 'Seb SHP 14', '7506800', '5312', 'Ex Jogotirto', NULL, '2023-08-15 05:48:08', '2023-08-15 05:48:08'),
(158, '11S1', 11, '1', 'Jambu/pagu', 'SHP 3', '7975000', '5525', '...', NULL, '2023-08-15 05:48:08', '2023-08-15 05:48:08'),
(159, '11S10', 11, '1', 'Gringging', 'SHP 1', '27905000', '13460', '...', NULL, '2023-08-15 05:48:08', '2023-08-15 05:48:08'),
(160, '11S11', 11, '1', 'Bawang', 'SHP 28', '5642850', '3880', 'Eks Mudin JAENURI(sebagian tanah tidak produktif)', NULL, '2023-08-15 05:48:08', '2023-08-15 05:48:08'),
(161, '11S12', 11, '1', 'Gayam', 'SHP 47', '8488620', '6085', 'Eks Mudin JAENURI', NULL, '2023-08-15 05:48:08', '2023-08-15 05:48:08'),
(162, '11S13', 11, '1', 'Selatan Lapangan,', 'SHP 21', '7150000', '2875', 'Eks Mudin JAENURI,timur Sukirman', NULL, '2023-08-15 05:48:08', '2023-08-15 05:48:08'),
(163, '11S14', 11, '1', 'Perempatan Bence ke Utara', 'SHP 35', '8434481', '5425', 'Eks Sukirman', NULL, '2023-08-15 05:48:08', '2023-08-15 05:48:08'),
(164, '11S15', 11, '1', 'Timur PLN selatan jalan', 'SHP 28', '8994635', '9815', 'Eks Sukirman', NULL, '2023-08-15 05:48:08', '2023-08-15 05:48:08'),
(165, '11S16', 11, '1', 'Selatan Lapangan', 'SHP 10', '8789135', '4960', 'Eks Sukirman', NULL, '2023-08-15 05:48:08', '2023-08-15 05:48:08'),
(166, '11S17', 11, '1', 'Wonojoyo', 'SHP 03', '2879635', '1880', 'EX HARDI ', NULL, '2023-08-15 05:48:08', '2023-08-15 05:48:08'),
(167, '11S18', 11, '1', 'Wonojoyo', 'SHP 04', '9355035', '6680', 'EX HARDI ', NULL, '2023-08-15 05:48:08', '2023-08-15 05:48:08'),
(168, '11S19', 11, '1', 'Wonojoyo', 'SHP 05', '2459350', '1575', 'EX HARDI ', NULL, '2023-08-15 05:48:08', '2023-08-15 05:48:08'),
(169, '11S2', 11, '1', 'Nambaan Gampengrejo', 'SHP 7', '5006250', '3559', '...', NULL, '2023-08-15 05:48:08', '2023-08-15 05:48:08'),
(170, '11S20', 11, '1', 'Dadapan,Tinalan', 'SHP 1143', '2446960', '1570', 'EX HARDI ', NULL, '2023-08-15 05:48:08', '2023-08-15 05:48:08'),
(171, '11S21', 11, '1', 'Timur Lapangan', 'Seb.SHP 38', '14376000', '7088', 'EX HARDI (barat sendiri)', NULL, '2023-08-15 05:48:08', '2023-08-15 05:48:08'),
(172, '11S22', 11, '2', 'Timur Lapangan', 'Seb.SHP 38', '7011500', '3456', 'EX HARDI ', NULL, '2023-08-15 05:48:08', '2023-08-15 05:48:08'),
(173, '11S23', 11, '3', 'Timur Lapangan', 'Seb.SHP 38', '7206000', '3578', 'EX HARDI ', NULL, '2023-08-15 05:48:08', '2023-08-15 05:48:08'),
(174, '11S24', 11, '5', 'Timur Lapangan', 'Seb.SHP 38', '10431000', '4643', 'EX HARDI ', NULL, '2023-08-15 05:48:08', '2023-08-15 05:48:08'),
(175, '11S25', 11, '6', 'Timur Lapangan', 'Seb.SHP 38', '9347172', '5200', 'EX SUKIRMAN', NULL, '2023-08-15 05:48:08', '2023-08-15 05:48:08'),
(176, '11S26', 11, '1', 'Sebelah Dam gede,timur', 'SHP 17', '854246', '615', 'Bekas garapan Juru Kunci', NULL, '2023-08-15 05:48:08', '2023-08-15 05:48:08'),
(177, '11S3', 11, '1', 'Nambaan Gampengrejo', 'SHP 8', '2567650', '1647', '...', NULL, '2023-08-15 05:48:08', '2023-08-15 05:48:08'),
(178, '11S4', 11, '1', 'Nambaan Gampengrejo', 'SHP 9', '4649250', '2874', '...', NULL, '2023-08-15 05:48:08', '2023-08-15 05:48:08'),
(179, '11S5', 11, '1', 'Nambaan Gampengrejo', 'SHP 10', '2014900', '1212', '...', NULL, '2023-08-15 05:48:08', '2023-08-15 05:48:08'),
(180, '11S6', 11, '1', 'Nambaan Gampengrejo', 'SHP 8', '2899100', '1888', '...', NULL, '2023-08-15 05:48:08', '2023-08-15 05:48:08'),
(181, '11S7', 11, '1', 'Nambaan Gampengrejo', 'SHP 12', '2756500', '1415', '...', NULL, '2023-08-15 05:48:08', '2023-08-15 05:48:08'),
(182, '11S8', 11, '1', 'Nambaan Gampengrejo', 'SHP 11', '1993500', '1190', '...', NULL, '2023-08-15 05:48:08', '2023-08-15 05:48:08'),
(183, '11S9', 11, '1', 'Kambingan, Pagu', 'SHP 3', '7712000', '5325', '...', NULL, '2023-08-15 05:48:08', '2023-08-15 05:48:08'),
(184, '12S1', 12, '1', 'Kel. Burengan', 'SHP 16', '11001625', '10756', 'Ex bengkok bayan,kulon TPS', NULL, '2023-08-15 05:48:08', '2023-08-15 05:48:08'),
(185, '12S10', 12, '1', 'Kel. Burengan', 'SHP 24', '6120060', '4577', 'Ex Kades+Ex Jogotirto,tapal batas Balong', NULL, '2023-08-15 05:48:08', '2023-08-15 05:48:08'),
(186, '12S11', 12, '2', 'Kel. Burengan', 'SHP 24', '6120060', '4577', 'Ex Kades+Ex Jogotirto,tapal batas Balong', NULL, '2023-08-15 05:48:08', '2023-08-15 05:48:08'),
(187, '12S12', 12, '1', 'Kel. Burengan', 'SHP 26', '6990935', '4748', 'tapal batas Balong-Doko', NULL, '2023-08-15 05:48:08', '2023-08-15 05:48:08'),
(188, '12S13', 12, '1', 'Kel. Burengan', 'SHP 34', '2478465', '1634', 'Kas Murni belakang tower', NULL, '2023-08-15 05:48:08', '2023-08-15 05:48:08'),
(189, '12S14', 12, '2', 'Kel. Burengan', 'SHP 34', '2478465', '1634', 'Kas Murni belakang tower', NULL, '2023-08-15 05:48:08', '2023-08-15 05:48:08'),
(190, '12S15', 12, '3', 'Kel. Burengan', 'SHP 34', '2478465', '1634', 'Kas Murni belakang tower', NULL, '2023-08-15 05:48:08', '2023-08-15 05:48:08'),
(191, '12S16', 12, '1', 'Kel. Burengan', 'SHP 11', '5474635', '3538', 'tegal Doko Sragi', NULL, '2023-08-15 05:48:08', '2023-08-15 05:48:08'),
(192, '12S17', 12, '1', 'Kel. Burengan', 'SHP 10', '5483500', '3550', 'tegal Doko Sragi', NULL, '2023-08-15 05:48:08', '2023-08-15 05:48:08'),
(193, '12S18', 12, '1', 'Kel. Burengan', 'SHP 14', '4348980', '2641', 'tegal Doko Sragi', NULL, '2023-08-15 05:48:08', '2023-08-15 05:48:08'),
(194, '12S19', 12, '1', 'Kel. Burengan', 'SHP 14', '10869480', '10666', 'Ex Mudin, lor kali', NULL, '2023-08-15 05:48:08', '2023-08-15 05:48:08'),
(195, '12S2', 12, '1', 'Kel. Burengan', 'SHP 15', '4785780', '3201', 'Ex bengkok bayan,kulon TPS', NULL, '2023-08-15 05:48:08', '2023-08-15 05:48:08'),
(196, '12S20', 12, '1', 'Kel. Burengan', 'SHP 13', '4354860', '2487', 'Ex Mudin, lor kali', NULL, '2023-08-15 05:48:08', '2023-08-15 05:48:08'),
(197, '12S21', 12, '1', 'Doko Sragi', 'SHP 12', '6106800', '4560', 'tegal Doko Sragi', NULL, '2023-08-15 05:48:08', '2023-08-15 05:48:08'),
(198, '12S22', 12, '1', 'Kel. Burengan', 'SHP 17', '10665280', '10521', 'Ex jogoboyo,kulon TPS', NULL, '2023-08-15 05:48:08', '2023-08-15 05:48:08'),
(199, '12S23', 12, '1', 'Doko Sragi', 'SHP 12', '9285900', '6905', 'Ex Kades,tegal', NULL, '2023-08-15 05:48:08', '2023-08-15 05:48:08'),
(200, '12S24', 12, '2', 'Doko Sragi', 'SHP 12', '9285900', '6905', 'Ex Kades,tegal', NULL, '2023-08-15 05:48:08', '2023-08-15 05:48:08'),
(201, '12S25', 12, '1', 'Doko Sragi', 'SHP 11', '1912460', '1207', 'kulon Ex Kades', NULL, '2023-08-15 05:48:08', '2023-08-15 05:48:08'),
(202, '12S26', 12, '1', 'Doko Sragi', 'Persil 19 Da I', '4103500', '2550', '...', NULL, '2023-08-15 05:48:08', '2023-08-15 05:48:08'),
(203, '12S27', 12, '1', 'Doko Sragi', 'Persil 20 Da V', '1492650', '1435', '...', NULL, '2023-08-15 05:48:08', '2023-08-15 05:48:08'),
(204, '12S3', 12, '1', 'Kel. Burengan', 'SHP 20', '11186780', '11146', 'Ex Kamituwo,timur TPS', NULL, '2023-08-15 05:48:08', '2023-08-15 05:48:08'),
(205, '12S4', 12, '1', 'Kel. Burengan', 'SHP 19', '1904210', '1092', 'belakang TPS', NULL, '2023-08-15 05:48:08', '2023-08-15 05:48:08'),
(206, '12S5', 12, '1', 'Kel. Burengan', 'SHP 18', '4974715', '2849', 'Ex Jogoboyo,belakang TPS', NULL, '2023-08-15 05:48:09', '2023-08-15 05:48:09'),
(207, '12S6', 12, '1', 'Kel. Burengan', 'SHP 28', '3494735', '1828', 'Ex Kades, tapal batas Balong', NULL, '2023-08-15 05:48:09', '2023-08-15 05:48:09'),
(208, '12S7', 12, '2', 'Kel. Burengan', 'SHP 28', '3494735', '1828', 'Ex Kades, tapal batas Balong', NULL, '2023-08-15 05:48:09', '2023-08-15 05:48:09'),
(209, '12S8', 12, '3', 'Kel. Burengan', 'SHP 28', '3494735', '1828', 'Ex Kades, tapal batas Balong', NULL, '2023-08-15 05:48:09', '2023-08-15 05:48:09'),
(210, '12S9', 12, '1', 'Kel. Burengan', 'SHP 25', '6553760', '4867', 'Ex Jogotirto,tapal batas Balong', NULL, '2023-08-15 05:48:09', '2023-08-15 05:48:09'),
(211, '13S1', 13, '1', 'Kampung Baru,kidul Balong', 'SHP 16', '2410000', '1950', 'Eks Modin', NULL, '2023-08-15 05:48:09', '2023-08-15 05:48:09'),
(212, '13S11', 13, '1', 'Kampung Baru,kidul Balong', 'SHP 14', '3260000', '2800', 'eks Bayan II', NULL, '2023-08-15 05:48:09', '2023-08-15 05:48:09'),
(213, '13S12', 13, '2', 'Kampung Baru,kidul Balong', 'SHP 14', '3260000', '2800', 'eks Bayan II', NULL, '2023-08-15 05:48:09', '2023-08-15 05:48:09'),
(214, '13S13', 13, '3', 'Kampung Baru,kidul Balong', 'SHP 14', '3897000', '3260', 'eks Bayan II', NULL, '2023-08-15 05:48:09', '2023-08-15 05:48:09'),
(215, '13S14', 13, '1', 'kamp.bru,kidul balong', 'SHP 13', '7349500', '6185', 'eks Bayan I ', NULL, '2023-08-15 05:48:09', '2023-08-15 05:48:09'),
(216, '13S15', 13, '1', 'barat gudang RW 05', 'Seb. SHP 10', '3260000', '2800', 'eks Kasun II Luas keseluruhan 19.565 M² sebagian seluas 1.000 M² utk sumur bor, lap volly, tempat kereta jenazah', NULL, '2023-08-15 05:48:09', '2023-08-15 05:48:09'),
(217, '13S16', 13, '2', 'barat gudang RW 05', 'Seb. SHP 10', '3260000', '2800', 'eks Kasun II Luas keseluruhan 19.565 M² sebagian seluas 1.000 M² utk sumur bor, lap volly, tempat kereta jenazah', NULL, '2023-08-15 05:48:09', '2023-08-15 05:48:09'),
(218, '13S17', 13, '3', 'barat gudang RW 05', 'Seb. SHP 10', '3260000', '2800', 'eks Kasun II Luas keseluruhan 19.565 M² sebagian seluas 1.000 M² utk sumur bor, lap volly, tempat kereta jenazah', NULL, '2023-08-15 05:48:09', '2023-08-15 05:48:09'),
(219, '13S18', 13, '4', 'barat gudang RW 05', 'Seb. SHP 10', '3260000', '2800', 'eks Kasun II Luas keseluruhan 19.565 M² sebagian seluas 1.000 M² utk sumur bor, lap volly, tempat kereta jenazah', NULL, '2023-08-15 05:48:09', '2023-08-15 05:48:09'),
(220, '13S19', 13, '5', 'barat gudang RW 05', 'Seb. SHP 10', '3260000', '2800', 'eks Kasun II Luas keseluruhan 19.565 M² sebagian seluas 1.000 M² utk sumur bor, lap volly, tempat kereta jenazah', NULL, '2023-08-15 05:48:09', '2023-08-15 05:48:09'),
(221, '13S2', 13, '2', 'Kampung Baru,kidul Balong', 'SHP 16', '2433500', '1970', 'Eks Modin', NULL, '2023-08-15 05:48:09', '2023-08-15 05:48:09'),
(222, '13S20', 13, '6', 'barat gudang RW 05', 'Seb. SHP 10', '3260000', '2800', 'eks Kasun II Luas keseluruhan 19.565 M² sebagian seluas 1.000 M² utk sumur bor, lap volly, tempat kereta jenazah', NULL, '2023-08-15 05:48:09', '2023-08-15 05:48:09'),
(223, '13S21', 13, '7', 'barat gudang RW 05', 'Seb. SHP 10', '1618000', '1215', 'eks Kasun II Luas keseluruhan 19.565 M² sebagian seluas 1.000 M² utk sumur bor, lap volly, tempat kereta jenazah', NULL, '2023-08-15 05:48:09', '2023-08-15 05:48:09'),
(224, '13S22', 13, '1', 'barat gudang RW 05', 'SHP 11', '3260000', '2800', 'eks Jogoboyo II', NULL, '2023-08-15 05:48:09', '2023-08-15 05:48:09'),
(225, '13S23', 13, '2', 'barat gudang RW 05', 'SHP 11', '3260000', '2800', 'eks Jogoboyo II', NULL, '2023-08-15 05:48:09', '2023-08-15 05:48:09'),
(226, '13S24', 13, '3', 'barat gudang RW 05', 'SHP 11', '3260000', '2800', 'eks Jogoboyo II', NULL, '2023-08-15 05:48:09', '2023-08-15 05:48:09'),
(227, '13S25', 13, '4', 'barat gudang RW 05', 'SHP 11', '3260000', '2800', 'eks Jogoboyo II', NULL, '2023-08-15 05:48:09', '2023-08-15 05:48:09'),
(228, '13S26', 13, '5', 'barat gudang RW 05', 'SHP 11', '3841000', '2665', 'eks Jogoboyo II', NULL, '2023-08-15 05:48:09', '2023-08-15 05:48:09'),
(229, '13S27', 13, '1', 'KIDUL KALI KRESEK (BALONG)', 'SHP 12', '3260000', '2800', 'eks sekdes', NULL, '2023-08-15 05:48:09', '2023-08-15 05:48:09'),
(230, '13S28', 13, '2', 'KIDUL KALI KRESEK (BALONG)', 'SHP 12', '3260000', '2800', 'eks sekdes', NULL, '2023-08-15 05:48:09', '2023-08-15 05:48:09'),
(231, '13S29', 13, '3', 'KIDUL KALI KRESEK (BALONG)', 'SHP 12', '3260000', '2800', 'eks sekdes', NULL, '2023-08-15 05:48:09', '2023-08-15 05:48:09'),
(232, '13S3', 13, '1', 'Kulon Afi Farma', 'SHP 5', '3561000', '3455', 'Eks Sekdes', NULL, '2023-08-15 05:48:09', '2023-08-15 05:48:09'),
(233, '13S30', 13, '4', 'KIDUL KALI KRESEK (BALONG)', 'SHP 12', '3260000', '2800', 'eks sekdes', NULL, '2023-08-15 05:48:09', '2023-08-15 05:48:09'),
(234, '13S31', 13, '5', 'KIDUL KALI KRESEK (BALONG)', 'SHP 12', '3260000', '2800', 'eks sekdes', NULL, '2023-08-15 05:48:09', '2023-08-15 05:48:09'),
(235, '13S32', 13, '6', 'KIDUL KALI KRESEK (BALONG)', 'SHP 12', '3590000', '2500', 'eks sekdes', NULL, '2023-08-15 05:48:09', '2023-08-15 05:48:09'),
(236, '13S33', 13, '1', 'KIDUL KALI KRESEK (BALONG)', 'SHP 14', '5202000', '4450', 'eks Modin', NULL, '2023-08-15 05:48:09', '2023-08-15 05:48:09'),
(237, '13S34', 13, '1', 'KIDUL KALI KRESEK (BALONG) DEPAN Balai RW 06', 'Seb. SHP 15', '3260000', '2800', 'eks Bayan I  Luas keseluruhan 3.950 M² Sebagian seluas 450 M² untuk Sanitasi, seluas 700 M² untuk lapangan Volly ', NULL, '2023-08-15 05:48:09', '2023-08-15 05:48:09'),
(238, '13S35', 13, '1', 'Kulon Afi Farma', 'SHP 17', '3260000', '2800', 'eks Kades', NULL, '2023-08-15 05:48:09', '2023-08-15 05:48:09'),
(239, '13S36', 13, '2', 'Kulon Afi Farma', 'SHP 17', '3260000', '2800', 'eks Kades', NULL, '2023-08-15 05:48:09', '2023-08-15 05:48:09'),
(240, '13S37', 13, '3', 'Kulon Afi Farma', 'SHP 17', '3214500', '2760', 'eks Kades', NULL, '2023-08-15 05:48:09', '2023-08-15 05:48:09'),
(241, '13S38', 13, '1', 'Timur Gubuk Tani', 'SHP 21', '3260000', '2800', 'eks Jogotirto', NULL, '2023-08-15 05:48:09', '2023-08-15 05:48:09'),
(242, '13S39', 13, '2', 'Timur Gubuk Tani', 'SHP 21', '3260000', '2800', 'eks Jogotirto', NULL, '2023-08-15 05:48:09', '2023-08-15 05:48:09'),
(243, '13S4', 13, '1', 'Kulon Afi Farma', 'SHP 6', '3202000', '2750', 'Eks Sekdes', NULL, '2023-08-15 05:48:09', '2023-08-15 05:48:09'),
(244, '13S40', 13, '3', 'Timur Gubuk Tani', 'SHP 21', '2520000', '2050', 'eks Jogotirto', NULL, '2023-08-15 05:48:09', '2023-08-15 05:48:09'),
(245, '13S41', 13, '1', 'Belakang pabrik mi, barat sumur bor', 'SHP 27', '3260000', '2800', 'Eks kasun I ', NULL, '2023-08-15 05:48:09', '2023-08-15 05:48:09'),
(246, '13S42', 13, '2', 'Belakang pabrik mi, barat sumur bor', 'SHP 27', '3260000', '2800', 'Eks kasun I ', NULL, '2023-08-15 05:48:09', '2023-08-15 05:48:09'),
(247, '13S43', 13, '3', 'Belakang pabrik mi, barat sumur bor', 'SHP 27', '3260000', '2800', 'Eks kasun I ', NULL, '2023-08-15 05:48:09', '2023-08-15 05:48:09'),
(248, '13S44', 13, '4', 'Belakang pabrik mi, barat sumur bor', 'SHP 27', '3260000', '2800', 'Eks kasun I ', NULL, '2023-08-15 05:48:09', '2023-08-15 05:48:09'),
(249, '13S45', 13, '5', 'Belakang pabrik mi, barat sumur bor', 'SHP 27', '2692500', '2735', 'Eks kasun I ', NULL, '2023-08-15 05:48:09', '2023-08-15 05:48:09'),
(250, '13S46', 13, '1', 'utara lapangan Kel.Bangsal', 'Seb. SHP 28', '3260000', '2800', '                                                                                         Eks Kades                                                                       Luas keseluruhan 34.650 M² sebagian seluas 1,340 M² digunakan untuk jalan  ', NULL, '2023-08-15 05:48:09', '2023-08-15 05:48:09'),
(251, '13S47', 13, '2', 'utara lapangan Kel.Bangsal', 'Seb. SHP 28', '3260000', '2800', '...', NULL, '2023-08-15 05:48:09', '2023-08-15 05:48:09'),
(252, '13S48', 13, '3', 'utara lapangan Kel.Bangsal', 'Seb. SHP 28', '3260000', '2800', '...', NULL, '2023-08-15 05:48:09', '2023-08-15 05:48:09'),
(253, '13S49', 13, '4', 'utara lapangan Kel.Bangsal', 'Seb. SHP 28', '3260000', '2800', '...', NULL, '2023-08-15 05:48:09', '2023-08-15 05:48:09'),
(254, '13S5', 13, '1', 'Kulon Afi Farma', 'SHP 7', '5098000', '4260', 'Eks Sekdes', NULL, '2023-08-15 05:48:09', '2023-08-15 05:48:09'),
(255, '13S50', 13, '5', 'utara lapangan Kel.Bangsal', 'Seb. SHP 28', '3260000', '2800', '...', NULL, '2023-08-15 05:48:09', '2023-08-15 05:48:09'),
(256, '13S51', 13, '6', 'utara lapangan Kel.Bangsal', 'Seb. SHP 28', '3260000', '2800', '...', NULL, '2023-08-15 05:48:09', '2023-08-15 05:48:09'),
(257, '13S52', 13, '7', 'utara lapangan Kel.Bangsal', 'Seb. SHP 28', '3260000', '2800', '...', NULL, '2023-08-15 05:48:09', '2023-08-15 05:48:09'),
(258, '13S53', 13, '8', 'utara lapangan Kel.Bangsal', 'Seb. SHP 28', '3260000', '2800', '...', NULL, '2023-08-15 05:48:09', '2023-08-15 05:48:09'),
(259, '13S54', 13, '9', 'utara lapangan Kel.Bangsal', 'Seb. SHP 28', '3260000', '2800', '...', NULL, '2023-08-15 05:48:09', '2023-08-15 05:48:09'),
(260, '13S55', 13, '10', 'utara lapangan Kel.Bangsal', 'Seb. SHP 28', '3260000', '2800', '...', NULL, '2023-08-15 05:48:09', '2023-08-15 05:48:09'),
(261, '13S56', 13, '11', 'utara lapangan Kel.Bangsal', 'Seb. SHP 28', '3260000', '2800', '...', NULL, '2023-08-15 05:48:09', '2023-08-15 05:48:09'),
(262, '13S57', 13, '12', 'utara lapangan Kel.Bangsal', 'Seb. SHP 28', '2479500', '2010', '...', NULL, '2023-08-15 05:48:09', '2023-08-15 05:48:09'),
(263, '13S58', 13, '1', 'SELATAN SUNGAI KRESEK(BALONG)', 'SHP 26', '3260000', '2800', 'eks Kasun I', NULL, '2023-08-15 05:48:09', '2023-08-15 05:48:09'),
(264, '13S59', 13, '2', 'SELATAN SUNGAI KRESEK(BALONG)', 'SHP 26', '3260000', '2800', 'eks Kasun I', NULL, '2023-08-15 05:48:09', '2023-08-15 05:48:09'),
(265, '13S6', 13, '1', 'Purworejo,blkang pabrik mi', 'SHP  8', '3260000', '2800', '...', NULL, '2023-08-15 05:48:09', '2023-08-15 05:48:09'),
(266, '13S60', 13, '3', 'SELATAN SUNGAI KRESEK(BALONG)', 'SHP 26', '3260000', '2800', 'eks Kasun I', NULL, '2023-08-15 05:48:09', '2023-08-15 05:48:09'),
(267, '13S61', 13, '4', 'SELATAN SUNGAI KRESEK(BALONG)', 'SHP 26', '3260000', '2800', 'eks Kasun I', NULL, '2023-08-15 05:48:09', '2023-08-15 05:48:09'),
(268, '13S62', 13, '5', 'SELATAN SUNGAI KRESEK(BALONG)', 'SHP 26', '3260000', '2800', 'eks Kasun I', NULL, '2023-08-15 05:48:09', '2023-08-15 05:48:09'),
(269, '13S63', 13, '6', 'SELATAN SUNGAI KRESEK(BALONG)', 'SHP 26', '3260000', '2800', 'eks Kasun I', NULL, '2023-08-15 05:48:09', '2023-08-15 05:48:09'),
(270, '13S64', 13, '7', 'SELATAN SUNGAI KRESEK(BALONG)', 'SHP 26', '3260000', '2800', 'eks Kasun I', NULL, '2023-08-15 05:48:09', '2023-08-15 05:48:09'),
(271, '13S65', 13, '8', 'SELATAN SUNGAI KRESEK(BALONG)', 'SHP 26', '5080000', '4250', 'eks Kasun I', NULL, '2023-08-15 05:48:09', '2023-08-15 05:48:09'),
(272, '13S66', 13, '1', 'Lor kantor kelurahn', 'SHP 19', '883927', '1115', 'Bekas garapan Juru Kunci', NULL, '2023-08-15 05:48:09', '2023-08-15 05:48:09'),
(273, '13S67', 13, '1', 'Lor kantor kelurahn', 'SHP 20', '1509201', '1165', 'Bekas garapan Juru Kunci', NULL, '2023-08-15 05:48:09', '2023-08-15 05:48:09'),
(274, '13S7', 13, '2', 'Purworejo,blkang pabrik mi', 'SHP  8', '328000', '2710', '...', NULL, '2023-08-15 05:48:09', '2023-08-15 05:48:09'),
(275, '13S8', 13, '1', 'Kel Bangsal', 'SHP 9', '3912000', '2820', 'Purworejo,blkang pabrik mi', NULL, '2023-08-15 05:48:09', '2023-08-15 05:48:09'),
(276, '13S9', 13, '1', 'Kel Bangsal', 'SHP 10 SHP 11', '4443500', '3745', 'Barat Gudang RW 05', NULL, '2023-08-15 05:48:09', '2023-08-15 05:48:09'),
(277, '14S1', 14, '1', 'Jl Banaran Kleco', 'SHP 27', '2350000', '1350', 'Ex Bengkok Kades', NULL, '2023-08-15 05:48:09', '2023-08-15 05:48:09'),
(278, '14S10', 14, '10', 'Jl Banaran Kleco', 'SHP 27', '1910000', '1350', 'Ex Bengkok Kades', NULL, '2023-08-15 05:48:09', '2023-08-15 05:48:09'),
(279, '14S100', 14, '8', 'Kel. Banaran', 'SHP 07', '1484500', '1460', 'Tanah eks bengkok Sekdes Suparman SHP 07 Luas total 19.630 m² dikurangi 5 tower sutet sejumlah 650 m²', NULL, '2023-08-15 05:48:09', '2023-08-15 05:48:09'),
(280, '14S101', 14, '1', 'Kel. Banaran', 'SHP 19', '1750000', '1570', 'Bekas garapan Juru Kunci', NULL, '2023-08-15 05:48:09', '2023-08-15 05:48:09'),
(281, '14S102', 14, '1', 'Kel. Banaran', 'SHP 06', '501500', '450', 'Bekas garapan Juru Kunci', NULL, '2023-08-15 05:48:09', '2023-08-15 05:48:09'),
(282, '14S11', 14, '11', 'Jl Banaran Kleco', 'SHP 27', '1905000', '1350', 'Ex Bengkok Kades', NULL, '2023-08-15 05:48:09', '2023-08-15 05:48:09'),
(283, '14S12', 14, '12', 'Jl Banaran Kleco', 'SHP 27', '1900000', '1350', 'Ex Bengkok Kades', NULL, '2023-08-15 05:48:09', '2023-08-15 05:48:09'),
(284, '14S13', 14, '8', 'Jl Banaran Kleco', 'SHP 27', '1945000', '1350', 'Ex Bengkok Kades', NULL, '2023-08-15 05:48:09', '2023-08-15 05:48:09'),
(285, '14S14', 14, '14', 'Jl Banaran Kleco', 'SHP 27', '1945000', '1350', 'Ex Bengkok Kades', NULL, '2023-08-15 05:48:09', '2023-08-15 05:48:09'),
(286, '14S15', 14, '10', 'Jl Banaran Kleco', 'SHP 27', '1945000', '1350', 'Ex Bengkok Kades', NULL, '2023-08-15 05:48:09', '2023-08-15 05:48:09'),
(287, '14S16', 14, '11', 'Jl Banaran Kleco', 'SHP 27', '1945000', '1350', 'Ex Bengkok Kades', NULL, '2023-08-15 05:48:09', '2023-08-15 05:48:09'),
(288, '14S17', 14, '12', 'Jl Banaran Kleco', 'SHP 27', '1895000', '1350', 'Ex Bengkok Kades', NULL, '2023-08-15 05:48:09', '2023-08-15 05:48:09'),
(289, '14S18', 14, '13', 'Jl Banaran Kleco', 'SHP 27', '1895000', '1350', 'Ex Bengkok Kades', NULL, '2023-08-15 05:48:09', '2023-08-15 05:48:09'),
(290, '14S19', 14, '14', 'Jl Banaran Kleco', 'SHP 27', '1470000', '1350', 'Ex Bengkok Kades', NULL, '2023-08-15 05:48:09', '2023-08-15 05:48:09'),
(291, '14S2', 14, '2', 'Jl Banaran Kleco', 'SHP 27', '2350000', '1350', 'Ex Bengkok Kades', NULL, '2023-08-15 05:48:09', '2023-08-15 05:48:09'),
(292, '14S20', 14, '15', 'Jl Banaran Kleco', 'SHP 27', '1470000', '1350', 'Ex Bengkok Kades', NULL, '2023-08-15 05:48:09', '2023-08-15 05:48:09'),
(293, '14S21', 14, '16', 'Jl Banaran Kleco', 'SHP 27', '1470000', '1350', 'Ex Bengkok Kades', NULL, '2023-08-15 05:48:09', '2023-08-15 05:48:09'),
(294, '14S22', 14, '17', 'Jl Banaran Kleco', 'SHP 27', '1470000', '1350', 'Ex Bengkok Kades', NULL, '2023-08-15 05:48:09', '2023-08-15 05:48:09'),
(295, '14S23', 14, '18', 'Jl Banaran Kleco', 'SHP 27', '1470000', '1350', 'Ex Bengkok Kades', NULL, '2023-08-15 05:48:09', '2023-08-15 05:48:09'),
(296, '14S24', 14, '19', 'Jl Banaran Kleco', 'SHP 27', '1470000', '1350', 'Ex Bengkok Kades', NULL, '2023-08-15 05:48:09', '2023-08-15 05:48:09'),
(297, '14S25', 14, '20', 'Jl Banaran Kleco', 'SHP 27', '1470000', '1350', 'Ex Bengkok Kades', NULL, '2023-08-15 05:48:09', '2023-08-15 05:48:09'),
(298, '14S26', 14, '21', 'Jl Banaran Kleco', 'SHP 27', '1470000', '1350', 'Ex Bengkok Kades', NULL, '2023-08-15 05:48:09', '2023-08-15 05:48:09'),
(299, '14S27', 14, '27', 'Jl Banaran Kleco', 'SHP 27', '1470000', '1350', 'Ex Bengkok Kades', NULL, '2023-08-15 05:48:09', '2023-08-15 05:48:09'),
(300, '14S28', 14, '28', 'Jl Banaran Kleco', 'SHP 27', '1470000', '1350', 'Ex Bengkok Kades', NULL, '2023-08-15 05:48:09', '2023-08-15 05:48:09'),
(301, '14S29', 14, '24', 'Jl Banaran Kleco', 'SHP 27', '1470000', '1350', 'Ex Bengkok Kades', NULL, '2023-08-15 05:48:09', '2023-08-15 05:48:09'),
(302, '14S3', 14, '3', 'Jl Banaran Kleco', 'SHP 27', '1905000', '1350', 'Ex Bengkok Kades', NULL, '2023-08-15 05:48:09', '2023-08-15 05:48:09'),
(303, '14S30', 14, '25', 'Jl Banaran Kleco', 'SHP 27', '1470000', '1350', 'Ex Bengkok Kades', NULL, '2023-08-15 05:48:09', '2023-08-15 05:48:09'),
(304, '14S31', 14, '26', 'Jl Banaran Kleco', 'SHP 27', '1470000', '1350', 'Ex Bengkok Kades', NULL, '2023-08-15 05:48:09', '2023-08-15 05:48:09'),
(305, '14S32', 14, '32', 'Jl Banaran Kleco', 'SHP 27', '1470000', '1350', 'Ex Bengkok Kades', NULL, '2023-08-15 05:48:09', '2023-08-15 05:48:09'),
(306, '14S33', 14, '28', 'Jl Banaran Kleco', 'SHP 27', '1470000', '1350', 'Ex Bengkok Kades', NULL, '2023-08-15 05:48:09', '2023-08-15 05:48:09'),
(307, '14S34', 14, '34', 'Jl Banaran Kleco', 'SHP 27', '1470000', '1350', 'Ex Bengkok Kades', NULL, '2023-08-15 05:48:09', '2023-08-15 05:48:09'),
(308, '14S35', 14, '35', 'Jl Banaran Kleco', 'SHP 27', '1470000', '1350', 'Ex Bengkok Kades', NULL, '2023-08-15 05:48:09', '2023-08-15 05:48:09'),
(309, '14S36', 14, '31', 'Jl Banaran Kleco', 'SHP 27', '1155000', '1150', 'Ex Bengkok Kades', NULL, '2023-08-15 05:48:09', '2023-08-15 05:48:09'),
(310, '14S37', 14, '1', 'Jl Banaran Kleco', 'Seb. SHP 05', '1346650', '896', 'Luas keseluruhan 13.960 M² sebagian seluas   5.320 bekas pensiun Sekdes Suparman', NULL, '2023-08-15 05:48:09', '2023-08-15 05:48:09'),
(311, '14S38', 14, '2', 'Jl Banaran Kleco', 'Seb. SHP 05', '1467150', '896', 'Luas keseluruhan 13.960 M² sebagian seluas   5.320 bekas pensiun Sekdes Suparman', NULL, '2023-08-15 05:48:09', '2023-08-15 05:48:09'),
(312, '14S39', 14, '3', 'Jl Banaran Kleco', 'Seb. SHP 05', '1467150', '896', 'Luas keseluruhan 13.960 M² sebagian seluas   5.320 bekas pensiun Sekdes Suparman', NULL, '2023-08-15 05:48:09', '2023-08-15 05:48:09'),
(313, '14S4', 14, '4', 'Jl Banaran Kleco', 'SHP 27', '1905000', '1350', 'Ex Bengkok Kades', NULL, '2023-08-15 05:48:09', '2023-08-15 05:48:09'),
(314, '14S40', 14, '4', 'Jl Banaran Kleco', 'Seb. SHP 05', '1467150', '896', 'Luas keseluruhan 13.960 M² sebagian seluas   5.320 bekas pensiun Sekdes Suparman', NULL, '2023-08-15 05:48:09', '2023-08-15 05:48:09'),
(315, '14S41', 14, '5', 'Jl Banaran Kleco', 'Seb. SHP 05', '1467150', '896', 'Luas keseluruhan 13.960 M² sebagian seluas   5.320 bekas pensiun Sekdes Suparman', NULL, '2023-08-15 05:48:09', '2023-08-15 05:48:09'),
(316, '14S42', 14, '6', 'Jl Banaran Kleco', 'Seb. SHP 05', '1746500', '896', 'Luas keseluruhan 13.960 M² sebagian seluas   5.320 bekas pensiun Sekdes Suparman', NULL, '2023-08-15 05:48:09', '2023-08-15 05:48:09'),
(317, '14S43', 14, '7', 'Jl Banaran Kleco', 'Seb. SHP 05', '1346650', '896', 'Luas keseluruhan 13.960 M² sebagian seluas   5.320 bekas pensiun Sekdes Suparman', NULL, '2023-08-15 05:48:09', '2023-08-15 05:48:09'),
(318, '14S44', 14, '8', 'Jl Banaran Kleco', 'Seb. SHP 05', '1346650', '896', 'Luas keseluruhan 13.960 M² sebagian seluas   5.320 bekas pensiun Sekdes Suparman', NULL, '2023-08-15 05:48:09', '2023-08-15 05:48:09'),
(319, '14S45', 14, '9', 'Jl Banaran Kleco', 'Seb. SHP 05', '1346650', '896', 'Luas keseluruhan 13.960 M² sebagian seluas   5.320 bekas pensiun Sekdes Suparman', NULL, '2023-08-15 05:48:09', '2023-08-15 05:48:09'),
(320, '14S46', 14, '10', 'Jl Banaran Kleco', 'Seb. SHP 05', '1346650', '896', 'Luas keseluruhan 13.960 M² sebagian seluas   5.320 bekas pensiun Sekdes Suparman', NULL, '2023-08-15 05:48:09', '2023-08-15 05:48:09'),
(321, '14S47', 14, '1', 'Jl Banaran Kleco', 'SHP 08', '1470000', '1350', '...', NULL, '2023-08-15 05:48:09', '2023-08-15 05:48:09'),
(322, '14S48', 14, '2', 'Jl Banaran Kleco', 'SHP 08', '1470000', '1350', '...', NULL, '2023-08-15 05:48:09', '2023-08-15 05:48:09'),
(323, '14S49', 14, '3', 'Jl Banaran Kleco', 'SHP 08', '1470000', '1350', '...', NULL, '2023-08-15 05:48:09', '2023-08-15 05:48:09'),
(324, '14S5', 14, '5', 'Jl Banaran Kleco', 'SHP 27', '1905000', '1350', 'Ex Bengkok Kades', NULL, '2023-08-15 05:48:09', '2023-08-15 05:48:09'),
(325, '14S50', 14, '4', 'Jl Banaran Kleco', 'SHP 08', '1470000', '1350', '...', NULL, '2023-08-15 05:48:09', '2023-08-15 05:48:09'),
(326, '14S51', 14, '5', 'Jl Banaran Kleco', 'SHP 08', '1470000', '1350', '...', NULL, '2023-08-15 05:48:09', '2023-08-15 05:48:09'),
(327, '14S52', 14, '6', 'Jl Banaran Kleco', 'SHP 08', '1470000', '1350', '...', NULL, '2023-08-15 05:48:09', '2023-08-15 05:48:09'),
(328, '14S53', 14, '7', 'Jl Banaran Kleco', 'SHP 08', '1470000', '1350', '...', NULL, '2023-08-15 05:48:10', '2023-08-15 05:48:10'),
(329, '14S54', 14, '8', 'Jl Banaran Kleco', 'SHP 08', '1470000', '1350', '...', NULL, '2023-08-15 05:48:10', '2023-08-15 05:48:10'),
(330, '14S55', 14, '9', 'Jl Banaran Kleco', 'SHP 08', '4710000', '1935', '...', NULL, '2023-08-15 05:48:10', '2023-08-15 05:48:10'),
(331, '14S56', 14, '1', 'Jl Banaran Kleco', 'SHP 09', '3249000', '1350', '...', NULL, '2023-08-15 05:48:10', '2023-08-15 05:48:10'),
(332, '14S57', 14, '2', 'Jl Banaran Kleco', 'SHP 09', '3249000', '1350', '...', NULL, '2023-08-15 05:48:10', '2023-08-15 05:48:10'),
(333, '14S58', 14, '3', 'Jl Banaran Kleco', 'SHP 09', '3249000', '1350', '...', NULL, '2023-08-15 05:48:10', '2023-08-15 05:48:10'),
(334, '14S59', 14, '4', 'Jl Banaran Kleco', 'SHP 09', '3249000', '1350', '...', NULL, '2023-08-15 05:48:10', '2023-08-15 05:48:10'),
(335, '14S6', 14, '6', 'Jl Banaran Kleco', 'SHP 27', '1905000', '1350', 'Ex Bengkok Kades', NULL, '2023-08-15 05:48:10', '2023-08-15 05:48:10'),
(336, '14S60', 14, '5', 'Jl Banaran Kleco', 'SHP 09', '3249000', '1350', '...', NULL, '2023-08-15 05:48:10', '2023-08-15 05:48:10'),
(337, '14S61', 14, '6', 'Jl Banaran Kleco', 'SHP 09', '2027000', '1125', '...', NULL, '2023-08-15 05:48:10', '2023-08-15 05:48:10'),
(338, '14S62', 14, '1', 'Jl Banaran Kleco', 'SHP 10', '3249000', '1350', '...', NULL, '2023-08-15 05:48:10', '2023-08-15 05:48:10'),
(339, '14S63', 14, '2', 'Jl Banaran Kleco', 'SHP 10', '3249000', '1350', '...', NULL, '2023-08-15 05:48:10', '2023-08-15 05:48:10'),
(340, '14S64', 14, '3', 'Jl Banaran Kleco', 'SHP 10', '3249000', '1350', '...', NULL, '2023-08-15 05:48:10', '2023-08-15 05:48:10'),
(341, '14S65', 14, '4', 'Jl Banaran Kleco', 'SHP 10', '3249000', '1350', '...', NULL, '2023-08-15 05:48:10', '2023-08-15 05:48:10'),
(342, '14S66', 14, '5', 'Jl Banaran Kleco', 'SHP 10', '3249000', '1350', '...', NULL, '2023-08-15 05:48:10', '2023-08-15 05:48:10'),
(343, '14S67', 14, '6', 'Jl Banaran Kleco', 'SHP 10', '3249000', '1350', '...', NULL, '2023-08-15 05:48:10', '2023-08-15 05:48:10'),
(344, '14S68', 14, '7', 'Jl Banaran Kleco', 'SHP 10', '3249000', '1350', '...', NULL, '2023-08-15 05:48:10', '2023-08-15 05:48:10');
INSERT INTO `tkds` (`id`, `id_tkd`, `id_kelurahan`, `bidang`, `letak`, `bukti`, `harga_dasar`, `luas`, `keterangan`, `nop`, `created_at`, `updated_at`) VALUES
(345, '14S69', 14, '8', 'Jl Banaran Kleco', 'SHP 10', '3249000', '1350', '...', NULL, '2023-08-15 05:48:10', '2023-08-15 05:48:10'),
(346, '14S7', 14, '7', 'Jl Banaran Kleco', 'SHP 27', '1905000', '1350', 'Ex Bengkok Kades', NULL, '2023-08-15 05:48:10', '2023-08-15 05:48:10'),
(347, '14S70', 14, '1', 'Jl Banaran Kleco', 'Seb. SHP 11', '3250000', '1350', 'luas keseluruhan 3.875 M² sebagian seluas 700 M² digunakan untuk Puskesmas Pembantu ', NULL, '2023-08-15 05:48:10', '2023-08-15 05:48:10'),
(348, '14S71', 14, '2', 'Jl Banaran Kleco', 'Seb. SHP 11', '1902000', '1275', 'luas keseluruhan 3.875 M² sebagian seluas 700 M² digunakan untuk Puskesmas Pembantu ', NULL, '2023-08-15 05:48:10', '2023-08-15 05:48:10'),
(349, '14S72', 14, '1', 'Kel. Banaran', 'Seb. SHP 12', '1355000', '1350', 'keseluruhan 6.850 M² sebagian seluas 700 M² untuk rumah kompos  dan seluas 700 M² untuk Lantai Jemur ', NULL, '2023-08-15 05:48:10', '2023-08-15 05:48:10'),
(350, '14S73', 14, '2', 'Kel. Banaran', 'Seb. SHP 12', '1355000', '1350', 'keseluruhan 6.850 M² sebagian seluas 700 M² untuk rumah kompos  dan seluas 700 M² untuk Lantai Jemur ', NULL, '2023-08-15 05:48:10', '2023-08-15 05:48:10'),
(351, '14S74', 14, '3', 'Kel. Banaran', 'Seb. SHP 12', '3580000', '2150', 'keseluruhan 6.850 M² sebagian seluas 700 M² untuk rumah kompos  dan seluas 700 M² untuk Lantai Jemur ', NULL, '2023-08-15 05:48:10', '2023-08-15 05:48:10'),
(352, '14S75', 14, '1', 'banaran-kleco', 'SHP 14', '1174800', '1214', 'Sebelah utara bengkok Suparman', NULL, '2023-08-15 05:48:10', '2023-08-15 05:48:10'),
(353, '14S76', 14, '1', 'Jl Banaran-Kleco', 'SHP 10', '7645800', '4496', 'Timur,dekat perbatasan Banaran-Kleco', NULL, '2023-08-15 05:48:10', '2023-08-15 05:48:10'),
(354, '14S77', 14, '1', 'Tegal garing', 'SHP 12', '1905000', '1350', 'Ex KADES', NULL, '2023-08-15 05:48:10', '2023-08-15 05:48:10'),
(355, '14S78', 14, '2', 'Tegal garing', 'SHP 12', '1945000', '1350', 'Ex KADES', NULL, '2023-08-15 05:48:10', '2023-08-15 05:48:10'),
(356, '14S79', 14, '3', 'Tegal garing', 'SHP 12', '3549500', '1990', 'Ex KADES', NULL, '2023-08-15 05:48:10', '2023-08-15 05:48:10'),
(357, '14S8', 14, '8', 'Jl Banaran Kleco', 'SHP 27', '1905000', '1350', 'Ex Bengkok Kades', NULL, '2023-08-15 05:48:10', '2023-08-15 05:48:10'),
(358, '14S80', 14, '1', 'Timur Lap.Banaran', 'SHP 14', '1470000', '1350', 'sebelah selatan', NULL, '2023-08-15 05:48:10', '2023-08-15 05:48:10'),
(359, '14S81', 14, '2', 'Timur Lap.Banaran', 'SHP 14', '1505000', '1450', 'sebelah selatan', NULL, '2023-08-15 05:48:10', '2023-08-15 05:48:10'),
(360, '14S82', 14, '1', 'Timur Lap.Banaran', 'SHP 15', '1470000', '1350', 'sebelah selatan', NULL, '2023-08-15 05:48:10', '2023-08-15 05:48:10'),
(361, '14S83', 14, '2', 'Timur Lap.Banaran', 'SHP 15', '1811000', '1145', 'sebelah selatan', NULL, '2023-08-15 05:48:10', '2023-08-15 05:48:10'),
(362, '14S84', 14, '1', 'Timur Lap.Banaran', 'SHP 17', '5820000', '2745', 'sebelah utara', NULL, '2023-08-15 05:48:10', '2023-08-15 05:48:10'),
(363, '14S85', 14, '1', 'Tegal garing', 'SHP 11', '1087500', '1180', 'Tanah eks bengkok Sekdes Suparman', NULL, '2023-08-15 05:48:10', '2023-08-15 05:48:10'),
(364, '14S86', 14, '2', 'Tegal garing', 'SHP 11', '1087500', '1180', 'Tanah eks bengkok Sekdes Suparman', NULL, '2023-08-15 05:48:10', '2023-08-15 05:48:10'),
(365, '14S87', 14, '3', 'Tegal garing', 'SHP 11', '1087500', '1180', 'Tanah eks bengkok Sekdes Suparman', NULL, '2023-08-15 05:48:10', '2023-08-15 05:48:10'),
(366, '14S88', 14, '1', 'Kel. Banaran', 'SHP 07', '1484500', '1460', 'Tanah eks bengkok Sekdes Suparman SHP 07 Luas total 19.630 m² dikurangi 5 tower sutet sejumlah 650 m²', NULL, '2023-08-15 05:48:10', '2023-08-15 05:48:10'),
(367, '14S89', 14, '2', 'Kel. Banaran', 'SHP 07', '1484500', '1460', 'Tanah eks bengkok Sekdes Suparman SHP 07 Luas total 19.630 m² dikurangi 5 tower sutet sejumlah 650 m²', NULL, '2023-08-15 05:48:10', '2023-08-15 05:48:10'),
(368, '14S9', 14, '9', 'Jl Banaran Kleco', 'SHP 27', '1905000', '1350', 'Ex Bengkok Kades', NULL, '2023-08-15 05:48:10', '2023-08-15 05:48:10'),
(369, '14S90', 14, '3', 'Kel. Banaran', 'SHP 07', '1484500', '1460', 'Tanah eks bengkok Sekdes Suparman SHP 07 Luas total 19.630 m² dikurangi 5 tower sutet sejumlah 650 m²', NULL, '2023-08-15 05:48:10', '2023-08-15 05:48:10'),
(370, '14S91', 14, '4', 'Kel. Banaran', 'SHP 07', '1484500', '1460', 'Tanah eks bengkok Sekdes Suparman SHP 07 Luas total 19.630 m² dikurangi 5 tower sutet sejumlah 650 m²', NULL, '2023-08-15 05:48:10', '2023-08-15 05:48:10'),
(371, '14S92', 14, '5', 'Kel. Banaran', 'SHP 07', '1484500', '1460', 'Tanah eks bengkok Sekdes Suparman SHP 07 Luas total 19.630 m² dikurangi 5 tower sutet sejumlah 650 m²', NULL, '2023-08-15 05:48:10', '2023-08-15 05:48:10'),
(372, '14S93', 14, '6', 'Kel. Banaran', 'SHP 07', '1484500', '1460', 'Tanah eks bengkok Sekdes Suparman SHP 07 Luas total 19.630 m² dikurangi 5 tower sutet sejumlah 650 m²', NULL, '2023-08-15 05:48:10', '2023-08-15 05:48:10'),
(373, '14S94', 14, '7', 'Kel. Banaran', 'SHP 07', '1484500', '1460', 'Tanah eks bengkok Sekdes Suparman SHP 07 Luas total 19.630 m² dikurangi 5 tower sutet sejumlah 650 m²', NULL, '2023-08-15 05:48:10', '2023-08-15 05:48:10'),
(374, '14S95', 14, '8', 'Kel. Banaran', 'SHP 07', '1484500', '1460', 'Tanah eks bengkok Sekdes Suparman SHP 07 Luas total 19.630 m² dikurangi 5 tower sutet sejumlah 650 m²', NULL, '2023-08-15 05:48:10', '2023-08-15 05:48:10'),
(375, '14S96', 14, '9', 'Kel. Banaran', 'SHP 07', '1484500', '1460', 'Tanah eks bengkok Sekdes Suparman SHP 07 Luas total 19.630 m² dikurangi 5 tower sutet sejumlah 650 m²', NULL, '2023-08-15 05:48:10', '2023-08-15 05:48:10'),
(376, '14S97', 14, '10', 'Kel. Banaran', 'SHP 07', '1484500', '1460', 'Tanah eks bengkok Sekdes Suparman SHP 07 Luas total 19.630 m² dikurangi 5 tower sutet sejumlah 650 m²', NULL, '2023-08-15 05:48:10', '2023-08-15 05:48:10'),
(377, '14S98', 14, '11', 'Kel. Banaran', 'SHP 07', '1484500', '1460', 'Tanah eks bengkok Sekdes Suparman SHP 07 Luas total 19.630 m² dikurangi 5 tower sutet sejumlah 650 m²', NULL, '2023-08-15 05:48:10', '2023-08-15 05:48:10'),
(378, '14S99', 14, '12', 'Kel. Banaran', 'SHP 07', '1484500', '1460', 'Tanah eks bengkok Sekdes Suparman SHP 07 Luas total 19.630 m² dikurangi 5 tower sutet sejumlah 650 m²', NULL, '2023-08-15 05:48:10', '2023-08-15 05:48:10'),
(379, '1S1', 1, '1', 'Kel. Campurejo', 'SHP 10', '831350', '3735', '...', NULL, '2023-08-15 05:48:10', '2023-08-15 05:48:10'),
(380, '1S10', 1, '1', 'Kel. Campurejo', 'SHP 16', '810775', '4690', '...', NULL, '2023-08-15 05:48:10', '2023-08-15 05:48:10'),
(381, '1S11', 1, '1', 'Kel. Campurejo', 'SHP 56', '831350', '4790', '...', NULL, '2023-08-15 05:48:10', '2023-08-15 05:48:10'),
(382, '1S12', 1, '1', 'Kel. Campurejo', 'SHP 19', '831350', '4865', '...', NULL, '2023-08-15 05:48:10', '2023-08-15 05:48:10'),
(383, '1S13', 1, '1', 'Kel. Campurejo', 'SHP 20', '831350', '4870', '...', NULL, '2023-08-15 05:48:10', '2023-08-15 05:48:10'),
(384, '1S14', 1, '1', 'Kel. Campurejo', 'SHP 27', '831350', '4720', '...', NULL, '2023-08-15 05:48:10', '2023-08-15 05:48:10'),
(385, '1S15', 1, '1', 'Kel. Campurejo', 'SHP 28', '814875', '4490', '...', NULL, '2023-08-15 05:48:10', '2023-08-15 05:48:10'),
(386, '1S16', 1, '1', 'Kel. Campurejo', 'SHP 24', '815000', '4485', '...', NULL, '2023-08-15 05:48:10', '2023-08-15 05:48:10'),
(387, '1S17', 1, '1', 'Kel. Campurejo', 'SHP 25', '815000', '2155', '...', NULL, '2023-08-15 05:48:10', '2023-08-15 05:48:10'),
(388, '1S18', 1, '1', 'Ngablak', 'SHP 3', '8097500', '7015', '...', NULL, '2023-08-15 05:48:10', '2023-08-15 05:48:10'),
(389, '1S19', 1, '1', 'Kel. Dandangan', 'seb SHP 94', '889900', '2010', 'Luas keseluruhan 10.040 M² sebagian utk gaji perangkat', NULL, '2023-08-15 05:48:10', '2023-08-15 05:48:10'),
(390, '1S2', 1, '1', 'Kel. Campurejo', 'SHP 11', '831350', '5615', '...', NULL, '2023-08-15 05:48:10', '2023-08-15 05:48:10'),
(391, '1S20', 1, '1', 'Kel. Dandangan', 'SHP 98', '700075', '1460', '...', NULL, '2023-08-15 05:48:10', '2023-08-15 05:48:10'),
(392, '1S21', 1, '1', 'Kel. Dandangan', 'SHP 95', '1898500', '7100', '...', NULL, '2023-08-15 05:48:10', '2023-08-15 05:48:10'),
(393, '1S22', 1, '1', 'Kel. Dandangan', 'Seb SHP 92', '647800', '1378', 'Luas keseluruhan 7.510 M² sebagian utk rusunawa', NULL, '2023-08-15 05:48:10', '2023-08-15 05:48:10'),
(394, '1S23', 1, '1', 'Kel. Dandangan', 'SHP 103', '893800', '7620', '...', NULL, '2023-08-15 05:48:10', '2023-08-15 05:48:10'),
(395, '1S24', 1, '1', 'Kel. Dandangan', 'SHP 101', '1742700', '7460', '...', NULL, '2023-08-15 05:48:10', '2023-08-15 05:48:10'),
(396, '1S25', 1, '1', 'Kel. Dandangan', 'SHP 104', '621620', '2865', '...', NULL, '2023-08-15 05:48:10', '2023-08-15 05:48:10'),
(397, '1S26', 1, '1', 'Kel. Dandangan', 'Persil 20', '4315475', '7794', '...', NULL, '2023-08-15 05:48:10', '2023-08-15 05:48:10'),
(398, '1S27', 1, '1', 'Kel. Dandangan', 'persil 27', '1286375', '1248', '...', NULL, '2023-08-15 05:48:10', '2023-08-15 05:48:10'),
(399, '1S28', 1, '1', 'Kel. Dandangan', 'persil 24', '859100', '1357', '...', NULL, '2023-08-15 05:48:10', '2023-08-15 05:48:10'),
(400, '1S29', 1, '1', 'Kel. Dandangan', 'SHP 106', '621620', '3110', '...', NULL, '2023-08-15 05:48:10', '2023-08-15 05:48:10'),
(401, '1S3', 1, '1', 'Kel. Campurejo', 'SHP 14', '862550', '3825', '...', NULL, '2023-08-15 05:48:10', '2023-08-15 05:48:10'),
(402, '1S30', 1, '1', 'Kel. Dandangan', 'SHP 91', '621620', '4600', '...', NULL, '2023-08-15 05:48:10', '2023-08-15 05:48:10'),
(403, '1S31', 1, '1', 'Kel. Dandangan', 'Persil 3', '5399700', '8021', '...', NULL, '2023-08-15 05:48:10', '2023-08-15 05:48:10'),
(404, '1S32', 1, '1', 'Kel. Dandangan', 'Persil 4', '596550', '3568', '...', NULL, '2023-08-15 05:48:10', '2023-08-15 05:48:10'),
(405, '1S33', 1, '1', 'Kel. Dandangan', 'Persil 4', '596550', '5861', '...', NULL, '2023-08-15 05:48:10', '2023-08-15 05:48:10'),
(406, '1S34', 1, '1', 'Kel. Dandangan', 'Persil 4', '345420', '821', '...', NULL, '2023-08-15 05:48:10', '2023-08-15 05:48:10'),
(407, '1S35', 1, '1', 'Kel. Dandangan', 'Persil 4', '590350', '2803', '...', NULL, '2023-08-15 05:48:10', '2023-08-15 05:48:10'),
(408, '1S36', 1, '1', 'Kel. Dandangan', 'Persil 25', '1126320', '4726', '...', NULL, '2023-08-15 05:48:10', '2023-08-15 05:48:10'),
(409, '1S37', 1, '1', 'Kel. Dandangan', 'Persil 25', '601120', '1283', '...', NULL, '2023-08-15 05:48:10', '2023-08-15 05:48:10'),
(410, '1S38', 1, '1', 'Kel. Dandangan', 'SHP 96', '1501320', '5845', '...', NULL, '2023-08-15 05:48:10', '2023-08-15 05:48:10'),
(411, '1S39', 1, '1', 'Kel. Dandangan', 'SHP 99', '2170120', '7110', '...', NULL, '2023-08-15 05:48:10', '2023-08-15 05:48:10'),
(412, '1S4', 1, '1', 'Kel. Campurejo', 'SHP 54', '862550', '2525', '...', NULL, '2023-08-15 05:48:10', '2023-08-15 05:48:10'),
(413, '1S40', 1, '1', 'Kel. Dandangan', 'SHP 100', '1124550', '3725', '...', NULL, '2023-08-15 05:48:10', '2023-08-15 05:48:10'),
(414, '1S41', 1, '1', 'Kel. Dandangan', 'SHP 109', '2166020', '7010', '...', NULL, '2023-08-15 05:48:10', '2023-08-15 05:48:10'),
(415, '1S42', 1, '1', 'Ds. Ngablak', 'SHP 02', '14526950', '12110', '...', NULL, '2023-08-15 05:48:10', '2023-08-15 05:48:10'),
(416, '1S43', 1, '1', 'Ds. Ngablak', 'SHP 04', '2660420', '2850', '...', NULL, '2023-08-15 05:48:10', '2023-08-15 05:48:10'),
(417, '1S44', 1, '1', 'Kel. Dandangan', 'SHP 108', '1000600', '3170', '...', NULL, '2023-08-15 05:48:10', '2023-08-15 05:48:10'),
(418, '1S45', 1, '1', 'Kel Dandangan', 'Persil 20', '1643275', '4695', '...', NULL, '2023-08-15 05:48:10', '2023-08-15 05:48:10'),
(419, '1S46', 1, '1', 'Kel. Dandangan', 'Persil 27', '1752450', '5757', '...', NULL, '2023-08-15 05:48:10', '2023-08-15 05:48:10'),
(420, '1S5', 1, '1', 'Kel. Campurejo', 'SHP 11', '862550', '4460', '...', NULL, '2023-08-15 05:48:10', '2023-08-15 05:48:10'),
(421, '1S6', 1, '1', 'Kel. Campurejo', 'SHP 12', '831350', '4370', '...', NULL, '2023-08-15 05:48:10', '2023-08-15 05:48:10'),
(422, '1S7', 1, '1', 'Kel. Campurejo', 'SHP 13', '820120', '4258', '...', NULL, '2023-08-15 05:48:10', '2023-08-15 05:48:10'),
(423, '1S8', 1, '1', 'Kel. Campurejo', 'SHP 55', '820120', '4900', '...', NULL, '2023-08-15 05:48:10', '2023-08-15 05:48:10'),
(424, '1S9', 1, '1', 'Kel. Campurejo', 'SHP 15', '862550', '5000', '...', NULL, '2023-08-15 05:48:10', '2023-08-15 05:48:10'),
(425, '15S1', 15, '1', 'Tosaren,Cakarsi', 'SHP 81', '2078500', '1278', 'Timur lapangan,tengah-tengah', NULL, '2023-08-15 05:48:10', '2023-08-15 05:48:10'),
(426, '15S10', 15, '6', 'Tosaren,Cakarsi', 'SHP 72', '1972750', '1207', 'Timur lapangan,tengah-tengah', NULL, '2023-08-15 05:48:10', '2023-08-15 05:48:10'),
(427, '15S100', 15, '1', 'Tosaren', 'SHP 25', '1999500', '1173', 'selatan gedung serbaguna', NULL, '2023-08-15 05:48:10', '2023-08-15 05:48:10'),
(428, '15S101', 15, '2', 'Tosaren', 'SHP 26', '1999750', '1173', 'selatan gedung serbaguna', NULL, '2023-08-15 05:48:10', '2023-08-15 05:48:10'),
(429, '15S102', 15, '3', 'Tosaren', 'SHP 32,28', '1999000', '1172', 'selatan gedung serbaguna', NULL, '2023-08-15 05:48:10', '2023-08-15 05:48:10'),
(430, '15S103', 15, '1', 'Tosaren', 'SHP 28,24', '1870000', '1125', 'selatan gedung serbaguna', NULL, '2023-08-15 05:48:10', '2023-08-15 05:48:10'),
(431, '15S104', 15, '1', 'Tosaren', 'SHP 21,27', '2161200', '1010', 'selatan gedung serbaguna', NULL, '2023-08-15 05:48:10', '2023-08-15 05:48:10'),
(432, '15S105', 15, '1', 'Tinalan', 'SHP 5', '1281200', '1275', 'depan SMP 9', NULL, '2023-08-15 05:48:10', '2023-08-15 05:48:10'),
(433, '15S106', 15, '1', 'Manisrenggo', 'SHM 1120,1121', '1148500', '888', 'Timur Rel Kereta Api', NULL, '2023-08-15 05:48:10', '2023-08-15 05:48:10'),
(434, '15S107', 15, '1', 'Kleco, Jamsaren', 'SHP 60', '1350000', '1358', 'sebagian tidak produktif', NULL, '2023-08-15 05:48:10', '2023-08-15 05:48:10'),
(435, '15S108', 15, '1', 'Kleco, Jamsaren', 'SHP 61', '1615000', '1125', 'sebagian tidak produktif', NULL, '2023-08-15 05:48:10', '2023-08-15 05:48:10'),
(436, '15S109', 15, '1', 'Kleco, Jamsaren', 'SHP 62', '7600000', '9670', 'sebagian tidak produktif', NULL, '2023-08-15 05:48:10', '2023-08-15 05:48:10'),
(437, '15S11', 15, '7', 'Tosaren,Cakarsi', 'SHP 72', '2050200', '1207', 'Timur lapangan,tengah-tengah', NULL, '2023-08-15 05:48:10', '2023-08-15 05:48:10'),
(438, '15S110', 15, '1', 'Bence,Pakunden', 'SHP 10', '4137500', '2350', 'timur PLN, utara jalan', NULL, '2023-08-15 05:48:10', '2023-08-15 05:48:10'),
(439, '15S111', 15, '1', 'Bence,Pakunden', 'SHP 11', '8075000', '5690', 'timur PLN, utara jalan', NULL, '2023-08-15 05:48:10', '2023-08-15 05:48:10'),
(440, '15S112', 15, '1', 'Betet', 'SHP 56', '4790000', '2825', 'etan Sumur 9', NULL, '2023-08-15 05:48:11', '2023-08-15 05:48:11'),
(441, '15S113', 15, '1', 'Betet', 'SHM 1161', '4420750', '2611', 'utara Perumahan Betet Indah', NULL, '2023-08-15 05:48:11', '2023-08-15 05:48:11'),
(442, '15S114', 15, '1', 'Betet', 'SHP 54', '4578750', '2865', 'timur PLN', NULL, '2023-08-15 05:48:11', '2023-08-15 05:48:11'),
(443, '15S115', 15, '1', 'Tosaren', 'SHP 67', '2560000', '1590', 'Belakang ruko Tosaren', NULL, '2023-08-15 05:48:11', '2023-08-15 05:48:11'),
(444, '15S116', 15, '2', 'Tosaren', 'SHP 67', '2560000', '1590', '...', NULL, '2023-08-15 05:48:11', '2023-08-15 05:48:11'),
(445, '15S117', 15, '1', 'Tosaren', 'SHP 78', '2764750', '148', 'Belakang ruko Tosaren', NULL, '2023-08-15 05:48:11', '2023-08-15 05:48:11'),
(446, '15S118', 15, '2', 'Tosaren', 'SHP 78', '2763500', '1412', '...', NULL, '2023-08-15 05:48:11', '2023-08-15 05:48:11'),
(447, '15S119', 15, '1', 'Tosaren', 'Seb SHP 49', '4766200', '3260', 'barat PLN', NULL, '2023-08-15 05:48:11', '2023-08-15 05:48:11'),
(448, '15S12', 15, '8', 'Tosaren,Cakarsi', 'SHP 72', '2050200', '1207', 'Timur lapangan,tengah-tengah', NULL, '2023-08-15 05:48:11', '2023-08-15 05:48:11'),
(449, '15S120', 15, '1', 'Betet', 'SHP 55', '1741500', '1031', 'Perbatasan Betet-Cakarsi', NULL, '2023-08-15 05:48:11', '2023-08-15 05:48:11'),
(450, '15S121', 15, '2', 'Betet', 'SHP 55', '1741500', '1031', 'Perbatasan Betet-Cakarsi', NULL, '2023-08-15 05:48:11', '2023-08-15 05:48:11'),
(451, '15S122', 15, '3', 'Betet', 'SHP 55', '1741500', '1031', 'Perbatasan Betet-Cakarsi', NULL, '2023-08-15 05:48:11', '2023-08-15 05:48:11'),
(452, '15S123', 15, '4', 'Betet', 'SHP 55', '1742750', '1037', 'Perbatasan Betet-Cakarsi', NULL, '2023-08-15 05:48:11', '2023-08-15 05:48:11'),
(453, '15S124', 15, '1', 'Cakarsi', 'SHP 63', '2707200', '1373', 'ex. Imam Samoedji,lor lapangan', NULL, '2023-08-15 05:48:11', '2023-08-15 05:48:11'),
(454, '15S125', 15, '2', 'Cakarsi', 'SHP 63', '2706500', '1372', 'ex. Imam Samoedji,lor lapangan', NULL, '2023-08-15 05:48:11', '2023-08-15 05:48:11'),
(455, '15S126', 15, '1', 'Cakarsi', 'SHP 79', '2158500', '1288', 'ex. Imam Samoedji,lor lapangan', NULL, '2023-08-15 05:48:11', '2023-08-15 05:48:11'),
(456, '15S127', 15, '2', 'Cakarsi', 'SHP 79', '2160200', '1287', 'ex. Imam Samoedji,lor lapangan', NULL, '2023-08-15 05:48:11', '2023-08-15 05:48:11'),
(457, '15S128', 15, '1', 'Cakarsi', 'SHP 39', '2171200', '1345', 'Barat perbatasan Cakarsi-Betet', NULL, '2023-08-15 05:48:11', '2023-08-15 05:48:11'),
(458, '15S129', 15, '2', 'Cakarsi', 'SHP 39', '2171200', '1345', 'Barat perbatasan Cakarsi-Betet', NULL, '2023-08-15 05:48:11', '2023-08-15 05:48:11'),
(459, '15S13', 15, '9', 'Tosaren,Cakarsi', 'SHP 72', '2050200', '1207', 'Timur lapangan,tengah-tengah', NULL, '2023-08-15 05:48:11', '2023-08-15 05:48:11'),
(460, '15S130', 15, '1', 'Cakarsi', 'SHP 77', '2190000', '1310', 'Barat perbatasan Cakarsi-Betet', NULL, '2023-08-15 05:48:11', '2023-08-15 05:48:11'),
(461, '15S131', 15, '2', 'Cakarsi', 'SHP 77', '2190000', '1310', 'Barat perbatasan Cakarsi-Betet', NULL, '2023-08-15 05:48:11', '2023-08-15 05:48:11'),
(462, '15S132', 15, '1', 'Cakarsi', 'SHP 59', '1974750', '1153', 'Barat perbatasan Cakarsi-Betet', NULL, '2023-08-15 05:48:11', '2023-08-15 05:48:11'),
(463, '15S133', 15, '2', 'Cakarsi', 'SHP 59', '1973500', '1152', 'Barat perbatasan Cakarsi-Betet', NULL, '2023-08-15 05:48:11', '2023-08-15 05:48:11'),
(464, '15S134', 15, '1', 'Cakarsi', 'SHP 57', '2802000', '1435', 'ex. Imam Samoedji,barat perbatasan Cakarsi-Betet', NULL, '2023-08-15 05:48:11', '2023-08-15 05:48:11'),
(465, '15S135', 15, '1', 'Cakarsi', 'SHP 69', '1856000', '1113', 'ex. Imam Samoedji,barat perbatasan Cakarsi-Betet', NULL, '2023-08-15 05:48:11', '2023-08-15 05:48:11'),
(466, '15S136', 15, '2', 'Cakarsi', 'SHP 69', '1856000', '1113', 'ex. Imam Samoedji,barat perbatasan Cakarsi-Betet', NULL, '2023-08-15 05:48:11', '2023-08-15 05:48:11'),
(467, '15S137', 15, '3', 'Cakarsi', 'SHP 69', '1856000', '1113', '...', NULL, '2023-08-15 05:48:11', '2023-08-15 05:48:11'),
(468, '15S138', 15, '4', 'Cakarsi', 'SHP 69', '1856000', '1113', '...', NULL, '2023-08-15 05:48:11', '2023-08-15 05:48:11'),
(469, '15S139', 15, '5', 'Cakarsi', 'SHP 69', '1855200', '1112', '...', NULL, '2023-08-15 05:48:11', '2023-08-15 05:48:11'),
(470, '15S14', 15, '10', 'Tosaren,Cakarsi', 'SHP 72', '2050200', '1207', 'Timur lapangan,tengah-tengah', NULL, '2023-08-15 05:48:11', '2023-08-15 05:48:11'),
(471, '15S140', 15, '6', 'Cakarsi', 'SHP 69', '1855200', '1112', '...', NULL, '2023-08-15 05:48:11', '2023-08-15 05:48:11'),
(472, '15S141', 15, '7', 'Cakarsi', 'SHP 69', '1855200', '1112', '...', NULL, '2023-08-15 05:48:11', '2023-08-15 05:48:11'),
(473, '15S142', 15, '8', 'Cakarsi', 'SHP 69', '1855200', '1112', '...', NULL, '2023-08-15 05:48:11', '2023-08-15 05:48:11'),
(474, '15S143', 15, '1', 'Cakarsi', 'SHP 68', '2057200', '1213', 'barat perbatasan Cakarsi-Betet', NULL, '2023-08-15 05:48:11', '2023-08-15 05:48:11'),
(475, '15S144', 15, '2', 'Cakarsi', 'SHP 68', '2056500', '1212', 'barat perbatasan Cakarsi-Betet', NULL, '2023-08-15 05:48:11', '2023-08-15 05:48:11'),
(476, '15S15', 15, '1', 'Cakarsi', 'SHP 42', '2607500', '1650', 'ex juru kunci(kidul perum Ngronggo)', NULL, '2023-08-15 05:48:11', '2023-08-15 05:48:11'),
(477, '15S16', 15, '1', 'Cakarsi', 'SHP 43', '2112000', '1310', 'ex juru kunci(kidul perum Ngronggo)', NULL, '2023-08-15 05:48:11', '2023-08-15 05:48:11'),
(478, '15S17', 15, '1', 'Cakarsi', 'Seb SHP 47', '2037500', '1200', 'Luas keseluruhan 20.000 M2 utk lapangan, Mushola dan TK seluas 14.750 M2 (utara TK)           ', NULL, '2023-08-15 05:48:11', '2023-08-15 05:48:11'),
(479, '15S18', 15, '2', 'Cakarsi', 'Seb SHP 47', '1965000', '1200', 'Luas keseluruhan 20.000 M2 utk lapangan, Mushola dan TK seluas 14.750 M2 (utara TK)           ', NULL, '2023-08-15 05:48:11', '2023-08-15 05:48:11'),
(480, '15S19', 15, '3', 'Cakarsi', 'Seb SHP 47', '1965000', '1200', 'Luas keseluruhan 20.000 M2 utk lapangan, Mushola dan TK seluas 14.750 M2 (utara TK)           ', NULL, '2023-08-15 05:48:11', '2023-08-15 05:48:11'),
(481, '15S2', 15, '2', 'Tosaren,Cakarsi', 'SHP 81', '2006750', '1279', 'Timur lapangan,tengah-tengah', NULL, '2023-08-15 05:48:11', '2023-08-15 05:48:11'),
(482, '15S20', 15, '1', 'Tosaren', 'SHP 44', '1610000', '1480', 'Timur Balai Desa,selatan jalan', NULL, '2023-08-15 05:48:11', '2023-08-15 05:48:11'),
(483, '15S21', 15, '2', 'Tosaren', 'SHP 44', '1610000', '1480', 'Timur Balai Desa,selatan jalan', NULL, '2023-08-15 05:48:11', '2023-08-15 05:48:11'),
(484, '15S22', 15, '1', 'Kel. Tosaren', 'SHP 46', '1812000', '1090', 'Timur Balai Desa,selatan jalan', NULL, '2023-08-15 05:48:11', '2023-08-15 05:48:11'),
(485, '15S23', 15, '2', 'Kel. Tosaren', 'SHP 46', '1812000', '1090', 'Timur Balai Desa,selatan jalan', NULL, '2023-08-15 05:48:11', '2023-08-15 05:48:11'),
(486, '15S24', 15, '3', 'Kel. Tosaren', 'SHP 46', '1812000', '1090', 'Timur Balai Desa,selatan jalan', NULL, '2023-08-15 05:48:11', '2023-08-15 05:48:11'),
(487, '15S25', 15, '4', 'Kel. Tosaren', 'SHP 46', '1812000', '1090', 'Timur Balai Desa,selatan jalan', NULL, '2023-08-15 05:48:11', '2023-08-15 05:48:11'),
(488, '15S26', 15, '5', 'Kel. Tosaren', 'SHP 46', '1812000', '1090', 'Timur Balai Desa,selatan jalan', NULL, '2023-08-15 05:48:11', '2023-08-15 05:48:11'),
(489, '15S27', 15, '1', 'Tosaren', 'SHP 92', '1917200', '1163', 'Ex KADES, depan kantor Kelurahan', NULL, '2023-08-15 05:48:11', '2023-08-15 05:48:11'),
(490, '15S28', 15, '2', 'Tosaren', 'SHP 92', '1917200', '1163', 'Ex KADES, depan kantor Kelurahan', NULL, '2023-08-15 05:48:11', '2023-08-15 05:48:11'),
(491, '15S29', 15, '3', 'Tosaren', 'SHP 92', '1917200', '1163', 'Ex KADES, depan kantor Kelurahan', NULL, '2023-08-15 05:48:11', '2023-08-15 05:48:11'),
(492, '15S3', 15, '3', 'Tosaren,Cakarsi', 'SHP 81', '2006750', '1279', 'Timur lapangan,tengah-tengah', NULL, '2023-08-15 05:48:11', '2023-08-15 05:48:11'),
(493, '15S30', 15, '4', 'Tosaren', 'SHP 92', '1917200', '1163', 'Ex KADES, depan kantor Kelurahan', NULL, '2023-08-15 05:48:11', '2023-08-15 05:48:11'),
(494, '15S31', 15, '5', 'Tosaren', 'SHP 92', '1917200', '1163', 'Ex KADES, depan kantor Kelurahan', NULL, '2023-08-15 05:48:11', '2023-08-15 05:48:11'),
(495, '15S32', 15, '6', 'Tosaren', 'SHP 92', '1917200', '1163', 'Ex KADES, depan kantor Kelurahan', NULL, '2023-08-15 05:48:11', '2023-08-15 05:48:11'),
(496, '15S33', 15, '7', 'Tosaren', 'SHP 92', '1917200', '1163', 'Ex KADES, depan kantor Kelurahan', NULL, '2023-08-15 05:48:11', '2023-08-15 05:48:11'),
(497, '15S34', 15, '8', 'Tosaren', 'SHP 92', '1917200', '1163', 'Ex KADES, depan kantor Kelurahan', NULL, '2023-08-15 05:48:11', '2023-08-15 05:48:11'),
(498, '15S35', 15, '9', 'Tosaren', 'SHP 92', '1917200', '1163', 'Ex KADES, depan kantor Kelurahan', NULL, '2023-08-15 05:48:11', '2023-08-15 05:48:11'),
(499, '15S36', 15, '10', 'Tosaren', 'SHP 92', '1917200', '1163', 'Ex KADES, depan kantor Kelurahan', NULL, '2023-08-15 05:48:11', '2023-08-15 05:48:11'),
(500, '15S37', 15, '11', 'Tosaren', 'SHP 92', '1917200', '1163', 'Ex KADES, depan kantor Kelurahan', NULL, '2023-08-15 05:48:11', '2023-08-15 05:48:11'),
(501, '15S38', 15, '12', 'Tosaren', 'SHP 92', '1917200', '1163', 'Ex KADES, depan kantor Kelurahan', NULL, '2023-08-15 05:48:11', '2023-08-15 05:48:11'),
(502, '15S39', 15, '8', 'Tosaren', 'SHP 92', '1917200', '1163', 'Ex KADES, depan kantor Kelurahan', NULL, '2023-08-15 05:48:11', '2023-08-15 05:48:11'),
(503, '15S4', 15, '4', 'Tosaren,Cakarsi', 'SHP 81', '2079200', '1279', 'Timur lapangan,tengah-tengah', NULL, '2023-08-15 05:48:11', '2023-08-15 05:48:11'),
(504, '15S40', 15, '14', 'Tosaren', 'SHP 92', '1917200', '1163', 'Ex KADES, depan kantor Kelurahan', NULL, '2023-08-15 05:48:11', '2023-08-15 05:48:11'),
(505, '15S41', 15, '10', 'Tosaren', 'SHP 92', '1917200', '1163', 'Ex KADES, depan kantor Kelurahan', NULL, '2023-08-15 05:48:11', '2023-08-15 05:48:11'),
(506, '15S42', 15, '11', 'Tosaren', 'SHP 92', '1917200', '1163', 'Ex KADES, depan kantor Kelurahan', NULL, '2023-08-15 05:48:11', '2023-08-15 05:48:11'),
(507, '15S43', 15, '12', 'Tosaren', 'SHP 92', '1917200', '1163', 'Ex KADES, depan kantor Kelurahan', NULL, '2023-08-15 05:48:11', '2023-08-15 05:48:11'),
(508, '15S44', 15, '13', 'Tosaren', 'SHP 92', '1917200', '1163', 'Ex KADES, depan kantor Kelurahan', NULL, '2023-08-15 05:48:11', '2023-08-15 05:48:11'),
(509, '15S45', 15, '14', 'Tosaren', 'SHP 92', '1917200', '1163', 'Ex KADES, depan kantor Kelurahan', NULL, '2023-08-15 05:48:11', '2023-08-15 05:48:11'),
(510, '15S46', 15, '15', 'Tosaren', 'SHP 92', '1917200', '1163', 'Ex KADES, depan kantor Kelurahan', NULL, '2023-08-15 05:48:11', '2023-08-15 05:48:11'),
(511, '15S47', 15, '16', 'Tosaren', 'SHP 92', '1917200', '1163', 'Ex KADES, depan kantor Kelurahan', NULL, '2023-08-15 05:48:11', '2023-08-15 05:48:11'),
(512, '15S48', 15, '17', 'Tosaren', 'SHP 92', '1917200', '1163', 'Ex KADES, depan kantor Kelurahan', NULL, '2023-08-15 05:48:11', '2023-08-15 05:48:11'),
(513, '15S49', 15, '18', 'Tosaren', 'SHP 92', '1918000', '1164', 'Ex KADES, depan kantor Kelurahan', NULL, '2023-08-15 05:48:11', '2023-08-15 05:48:11'),
(514, '15S5', 15, '1', 'Tosaren,Cakarsi', 'SHP 72', '2044500', '1206', 'Timur lapangan,tengah-tengah', NULL, '2023-08-15 05:48:11', '2023-08-15 05:48:11'),
(515, '15S50', 15, '1', 'Tosaren', 'SHP 34', '1150000', '1100', 'Timur Balai Desa,utara jalan', NULL, '2023-08-15 05:48:11', '2023-08-15 05:48:11'),
(516, '15S51', 15, '1', 'Tosaren', 'SHP 73', '2144500', '1321', 'Timur Balai Desa,utara jalan', NULL, '2023-08-15 05:48:11', '2023-08-15 05:48:11'),
(517, '15S52', 15, '2', 'Tosaren', 'SHP 73', '2144500', '1321', 'Timur Balai Desa,utara jalan', NULL, '2023-08-15 05:48:11', '2023-08-15 05:48:11'),
(518, '15S53', 15, '3', 'Tosaren', 'SHP 73', '2144500', '1321', 'Timur Balai Desa,utara jalan', NULL, '2023-08-15 05:48:11', '2023-08-15 05:48:11'),
(519, '15S54', 15, '4', 'Tosaren', 'SHP 73', '2144500', '1321', 'Timur Balai Desa,utara jalan', NULL, '2023-08-15 05:48:11', '2023-08-15 05:48:11'),
(520, '15S55', 15, '5', 'Tosaren', 'SHP 73', '2144500', '1321', 'Timur Balai Desa,utara jalan', NULL, '2023-08-15 05:48:11', '2023-08-15 05:48:11'),
(521, '15S56', 15, '1', 'Tosaren', 'seb. SHP 35', '2860000', '1480', 'Timur Balai Desa,utara jalan', NULL, '2023-08-15 05:48:11', '2023-08-15 05:48:11'),
(522, '15S57', 15, '2', 'Tosaren', 'seb. SHP 35', '2860000', '1480', 'Timur Balai Desa,utara jalan', NULL, '2023-08-15 05:48:11', '2023-08-15 05:48:11'),
(523, '15S58', 15, '3', 'Tosaren', 'seb. SHP 35', '2862000', '1480', 'Belakang Balai Desa', NULL, '2023-08-15 05:48:11', '2023-08-15 05:48:11'),
(524, '15S59', 15, '4', 'Tosaren', 'seb. SHP 35', '2862000', '1480', 'Belakang Balai Desa', NULL, '2023-08-15 05:48:11', '2023-08-15 05:48:11'),
(525, '15S6', 15, '2', 'Tosaren,Cakarsi', 'SHP 72', '1971500', '1206', 'Timur lapangan,tengah-tengah', NULL, '2023-08-15 05:48:11', '2023-08-15 05:48:11'),
(526, '15S60', 15, '1', 'Tosaren', ' SHP 70', '2087200', '1283', 'Barat Kantor Kelurahan', NULL, '2023-08-15 05:48:11', '2023-08-15 05:48:11'),
(527, '15S61', 15, '2', 'Tosaren', ' SHP 70', '2087200', '1283', 'Barat Kantor Kelurahan', NULL, '2023-08-15 05:48:11', '2023-08-15 05:48:11'),
(528, '15S62', 15, '3', 'Tosaren', ' SHP 70', '2087200', '1283', 'Barat Kantor Kelurahan', NULL, '2023-08-15 05:48:11', '2023-08-15 05:48:11'),
(529, '15S63', 15, '4', 'Tosaren', ' SHP 70', '2087200', '1283', 'Barat Kantor Kelurahan', NULL, '2023-08-15 05:48:11', '2023-08-15 05:48:11'),
(530, '15S64', 15, '5', 'Tosaren', ' SHP 70', '2087200', '1283', 'Barat Kantor Kelurahan', NULL, '2023-08-15 05:48:11', '2023-08-15 05:48:11'),
(531, '15S65', 15, '6', 'Tosaren', ' SHP 70', '2087200', '1283', 'Barat Kantor Kelurahan', NULL, '2023-08-15 05:48:11', '2023-08-15 05:48:11'),
(532, '15S66', 15, '7', 'Tosaren', ' SHP 70', '2087200', '1283', 'Barat Kantor Kelurahan', NULL, '2023-08-15 05:48:11', '2023-08-15 05:48:11'),
(533, '15S67', 15, '8', 'Tosaren', ' SHP 70', '2087200', '1283', 'Barat Kantor Kelurahan', NULL, '2023-08-15 05:48:11', '2023-08-15 05:48:11'),
(534, '15S68', 15, '9', 'Tosaren', ' SHP 70', '2089750', '1283', 'Barat Kantor Kelurahan', NULL, '2023-08-15 05:48:11', '2023-08-15 05:48:11'),
(535, '15S69', 15, '10', 'Tosaren', ' SHP 70', '2089750', '1283', 'Barat Kantor Kelurahan', NULL, '2023-08-15 05:48:11', '2023-08-15 05:48:11'),
(536, '15S7', 15, '3', 'Tosaren,Cakarsi', 'SHP 72', '1974500', '1206', 'Timur lapangan,tengah-tengah', NULL, '2023-08-15 05:48:11', '2023-08-15 05:48:11'),
(537, '15S70', 15, '1', 'Tosaren', 'SHP 35', '1721200', '1020', 'Barat Kantor Kelurahan', NULL, '2023-08-15 05:48:11', '2023-08-15 05:48:11'),
(538, '15S71', 15, '2', 'Tosaren', 'SHP 35', '1718750', '1020', 'Barat Kantor Kelurahan', NULL, '2023-08-15 05:48:11', '2023-08-15 05:48:11'),
(539, '15S72', 15, '3', 'Tosaren', 'SHP 35', '1718750', '1020', 'Barat Kantor Kelurahan', NULL, '2023-08-15 05:48:11', '2023-08-15 05:48:11'),
(540, '15S73', 15, '1', 'Tosaren', 'SHP 53', '2420000', '1460', 'Barat Kantor Kelurahan', NULL, '2023-08-15 05:48:11', '2023-08-15 05:48:11'),
(541, '15S74', 15, '2', 'Tosaren', 'SHP 53', '2820000', '1460', 'Barat Kantor Kelurahan', NULL, '2023-08-15 05:48:11', '2023-08-15 05:48:11'),
(542, '15S75', 15, '3', 'Tosaren', 'SHP 53', '2820000', '1460', 'Barat Kantor Kelurahan', NULL, '2023-08-15 05:48:11', '2023-08-15 05:48:11'),
(543, '15S76', 15, '1', 'Tosaren', 'SHP 65', '2711200', '1375', 'Barat Kantor Kelurahan', NULL, '2023-08-15 05:48:11', '2023-08-15 05:48:11'),
(544, '15S77', 15, '2', 'Tosaren', 'SHP 65', '2711200', '1375', 'Barat Kantor Kelurahan', NULL, '2023-08-15 05:48:11', '2023-08-15 05:48:11'),
(545, '15S78', 15, '1', 'Tosaren', 'SHP 71', '1191000', '838', 'Utara TPS ', NULL, '2023-08-15 05:48:11', '2023-08-15 05:48:11'),
(546, '15S79', 15, '2', 'Tosaren', 'SHP 71', '1191000', '838', 'Utara TPS ', NULL, '2023-08-15 05:48:11', '2023-08-15 05:48:11'),
(547, '15S8', 15, '4', 'Tosaren,Cakarsi', 'SHP 72', '1971500', '1206', 'Timur lapangan,tengah-tengah', NULL, '2023-08-15 05:48:11', '2023-08-15 05:48:11'),
(548, '15S80', 15, '3', 'Tosaren', 'SHP 71', '1191000', '838', 'Utara TPS ', NULL, '2023-08-15 05:48:11', '2023-08-15 05:48:11'),
(549, '15S81', 15, '4', 'Tosaren', 'SHP 71', '1191000', '838', 'Utara TPS ', NULL, '2023-08-15 05:48:11', '2023-08-15 05:48:11'),
(550, '15S82', 15, '5', 'Tosaren', 'SHP 71', '1190200', '837', 'Utara TPS ', NULL, '2023-08-15 05:48:11', '2023-08-15 05:48:11'),
(551, '15S83', 15, '6', 'Tosaren', 'SHP 71', '1190200', '837', 'Utara TPS ', NULL, '2023-08-15 05:48:11', '2023-08-15 05:48:11'),
(552, '15S84', 15, '7', 'Tosaren', 'SHP 71', '1190200', '837', 'Utara TPS ', NULL, '2023-08-15 05:48:11', '2023-08-15 05:48:11'),
(553, '15S85', 15, '8', 'Tosaren', 'SHP 71', '1190200', '837', 'Utara TPS ', NULL, '2023-08-15 05:48:11', '2023-08-15 05:48:11'),
(554, '15S86', 15, '1', 'Tosaren ', 'SHP 48', '1935000', '1125', 'Utara TPS ', NULL, '2023-08-15 05:48:12', '2023-08-15 05:48:12'),
(555, '15S87', 15, '2', 'Tosaren ', 'SHP 48', '1935000', '1125', 'Utara TPS ', NULL, '2023-08-15 05:48:12', '2023-08-15 05:48:12'),
(556, '15S88', 15, '3', 'Tosaren ', 'SHP 48', '1935000', '1125', 'Utara TPS ', NULL, '2023-08-15 05:48:12', '2023-08-15 05:48:12'),
(557, '15S89', 15, '4', 'Tosaren ', 'SHP 48', '1935000', '1125', 'Utara TPS ', NULL, '2023-08-15 05:48:12', '2023-08-15 05:48:12'),
(558, '15S9', 15, '5', 'Tosaren,Cakarsi', 'SHP 72', '1971500', '1206', 'Timur lapangan,tengah-tengah', NULL, '2023-08-15 05:48:12', '2023-08-15 05:48:12'),
(559, '15S90', 15, '5', 'Tosaren ', 'SHP 48', '1935000', '1125', 'Utara TPS ', NULL, '2023-08-15 05:48:12', '2023-08-15 05:48:12'),
(560, '15S91', 15, '1', 'Tosaren', 'SHP 56', '1999750', '1173', 'Utara TPS ', NULL, '2023-08-15 05:48:12', '2023-08-15 05:48:12'),
(561, '15S92', 15, '2', 'Tosaren', 'SHP 56', '1999750', '1173', 'Utara TPS ', NULL, '2023-08-15 05:48:12', '2023-08-15 05:48:12'),
(562, '15S93', 15, '3', 'Tosaren', 'SHP 56', '2000500', '1174', 'Utara TPS ', NULL, '2023-08-15 05:48:12', '2023-08-15 05:48:12'),
(563, '15S94', 15, '1', 'Tosaren', 'SHP 80', '565000', '370', 'Timur Panti Lansia An-Nur', NULL, '2023-08-15 05:48:12', '2023-08-15 05:48:12'),
(564, '15S95', 15, '2', 'Tosaren', 'SHP 80', '565000', '370', 'Timur Panti Lansia An-Nur', NULL, '2023-08-15 05:48:12', '2023-08-15 05:48:12'),
(565, '15S96', 15, '1', 'Tosaren', 'seb SHP 75', '1598750', '1435', 'Luas keseluruhan 1.635 M2 sebagian seluas 200 M2 untuk TPS,utara lap.sepakbola', NULL, '2023-08-15 05:48:12', '2023-08-15 05:48:12'),
(566, '15S97', 15, '1', 'Tosaren', 'SHP 46', '2553750', '1585', 'utara lapangan sepakbola', NULL, '2023-08-15 05:48:12', '2023-08-15 05:48:12'),
(567, '15S98', 15, '1', 'Tosaren', 'SHP 82,Seb SHP 41,31', '2771000', '1413', 'barat Gedung Serbaguna,utara jln', NULL, '2023-08-15 05:48:12', '2023-08-15 05:48:12'),
(568, '15S99', 15, '2', 'Tosaren', 'SHP 82,Seb SHP 41,31', '2771000', '1735', 'Luas HP 41 keseluruhan 3.635 M² sebagian seluas 1.400 M² utk lap volly,timur lap.volli', NULL, '2023-08-15 05:48:12', '2023-08-15 05:48:12'),
(569, '16S1', 16, '1', 'Kel Ketami', 'SHP 18', '1750500', '1472', 'Bulu-bulu (kulon perikanan)', NULL, '2023-08-15 05:48:12', '2023-08-15 05:48:12'),
(570, '16S10', 16, '3', 'Kel Ketami', 'SHP 9', '1563828', '1194', 'Etan lapangan Mbah Lumpang', NULL, '2023-08-15 05:48:12', '2023-08-15 05:48:12'),
(571, '16S11', 16, '4', 'Kel Ketami', 'SHP 9', '1563828', '1194', 'Etan lapangan Mbah Lumpang', NULL, '2023-08-15 05:48:12', '2023-08-15 05:48:12'),
(572, '16S12', 16, '5', 'Kel Ketami', 'SHP 9', '1563828', '1194', 'Etan lapangan Mbah Lumpang', NULL, '2023-08-15 05:48:12', '2023-08-15 05:48:12'),
(573, '16S13', 16, '6', 'Kel Ketami', 'SHP 9', '1563828', '1194', 'Etan lapangan Mbah Lumpang', NULL, '2023-08-15 05:48:12', '2023-08-15 05:48:12'),
(574, '16S14', 16, '7', 'Kel Ketami', 'SHP 9', '1563828', '1194', 'Etan lapangan Mbah Lumpang', NULL, '2023-08-15 05:48:12', '2023-08-15 05:48:12'),
(575, '16S15', 16, '8', 'Kel Ketami', 'SHP 9', '1563828', '1194', 'Etan lapangan Mbah Lumpang', NULL, '2023-08-15 05:48:12', '2023-08-15 05:48:12'),
(576, '16S16', 16, '1', 'Kel Ketami', 'Seb. SHP 20 SHP 32', '4100000', '2100', 'SHP 25 Luas Keseluruhan 11920 M² sebagian seluas250 M² digunakan TPS (sebelah TPS,lor ndalan)', NULL, '2023-08-15 05:48:12', '2023-08-15 05:48:12'),
(577, '16S17', 16, '2', 'Kel Ketami', 'Seb. SHP 20 SHP 32', '1820000', '1350', 'SHP 25 Luas Keseluruhan 11920 M² sebagian seluas250 M² digunakan TPS (sebelah TPS,lor ndalan)', NULL, '2023-08-15 05:48:12', '2023-08-15 05:48:12'),
(578, '16S18', 16, '3', 'Kel Ketami', 'Seb. SHP 20 SHP 32', '1820000', '1350', 'SHP 25 Luas Keseluruhan 11920 M² sebagian seluas250 M² digunakan TPS (sebelah TPS,lor ndalan)', NULL, '2023-08-15 05:48:12', '2023-08-15 05:48:12'),
(579, '16S19', 16, '4', 'Kel Ketami', 'Seb. SHP 20 SHP 32', '1820000', '1350', 'SHP 25 Luas Keseluruhan 11920 M² sebagian seluas250 M² digunakan TPS (sebelah TPS,lor ndalan)', NULL, '2023-08-15 05:48:12', '2023-08-15 05:48:12'),
(580, '16S2', 16, '2', 'Kel Ketami', 'SHP 18', '1750500', '1472', 'Bulu-bulu (kulon perikanan)', NULL, '2023-08-15 05:48:12', '2023-08-15 05:48:12'),
(581, '16S20', 16, '5', 'Kel Ketami', 'Seb. SHP 20 SHP 32', '1820000', '1350', 'SHP 25 Luas Keseluruhan 11920 M² sebagian seluas250 M² digunakan TPS (sebelah TPS,lor ndalan)', NULL, '2023-08-15 05:48:12', '2023-08-15 05:48:12'),
(582, '16S21', 16, '6', 'Kel Ketami', 'Seb. SHP 20 SHP 32', '1820000', '1350', 'SHP 25 Luas Keseluruhan 11920 M² sebagian seluas250 M² digunakan TPS (sebelah TPS,lor ndalan)', NULL, '2023-08-15 05:48:12', '2023-08-15 05:48:12'),
(583, '16S22', 16, '7', 'Kel Ketami', 'Seb. SHP 20 SHP 32', '1820000', '1350', '...', NULL, '2023-08-15 05:48:12', '2023-08-15 05:48:12'),
(584, '16S23', 16, '8', 'Kel Ketami', 'Seb. SHP 20 SHP 32', '1820000', '1350', '...', NULL, '2023-08-15 05:48:12', '2023-08-15 05:48:12'),
(585, '16S24', 16, '9', 'Kel Ketami', 'Seb. SHP 20 SHP 32', '1820000', '1350', '...', NULL, '2023-08-15 05:48:12', '2023-08-15 05:48:12'),
(586, '16S25', 16, '10', 'Kel Ketami', 'Seb. SHP 20 SHP 32', '1820000', '1350', '...', NULL, '2023-08-15 05:48:12', '2023-08-15 05:48:12'),
(587, '16S26', 16, '11', 'Kel Ketami', 'Seb. SHP 20 SHP 32', '1820000', '1350', '...', NULL, '2023-08-15 05:48:12', '2023-08-15 05:48:12'),
(588, '16S27', 16, '12', 'Kel Ketami', 'Seb. SHP 20 SHP 32', '1820000', '1350', '...', NULL, '2023-08-15 05:48:12', '2023-08-15 05:48:12'),
(589, '16S28', 16, '8', 'Kel Ketami', 'Seb. SHP 20 SHP 32', '1820000', '1350', '...', NULL, '2023-08-15 05:48:12', '2023-08-15 05:48:12'),
(590, '16S29', 16, '14', 'Kel Ketami', 'Seb. SHP 20 SHP 32', '1820000', '1350', '...', NULL, '2023-08-15 05:48:12', '2023-08-15 05:48:12'),
(591, '16S3', 16, '3', 'Kel Ketami', 'SHP 18', '1749620', '1471', 'Bulu-bulu (kulon perikanan)', NULL, '2023-08-15 05:48:12', '2023-08-15 05:48:12'),
(592, '16S30', 16, '10', 'Kel Ketami', 'Seb. SHP 20 SHP 32', '1820000', '1350', '...', NULL, '2023-08-15 05:48:12', '2023-08-15 05:48:12'),
(593, '16S31', 16, '11', 'Kel Ketami', 'Seb. SHP 20 SHP 32', '1820000', '1350', '...', NULL, '2023-08-15 05:48:12', '2023-08-15 05:48:12'),
(594, '16S32', 16, '12', 'Kel Ketami', 'Seb. SHP 20 SHP 32', '1820000', '1350', '...', NULL, '2023-08-15 05:48:12', '2023-08-15 05:48:12'),
(595, '16S33', 16, '13', 'Kel Ketami', 'Seb. SHP 20 SHP 32', '1820000', '1350', '...', NULL, '2023-08-15 05:48:12', '2023-08-15 05:48:12'),
(596, '16S34', 16, '14', 'Kel Ketami', 'Seb. SHP 20 SHP 32', '1820000', '1350', '...', NULL, '2023-08-15 05:48:12', '2023-08-15 05:48:12'),
(597, '16S35', 16, '15', 'Kel Ketami', 'Seb. SHP 20 SHP 32', '1820000', '1350', '...', NULL, '2023-08-15 05:48:12', '2023-08-15 05:48:12'),
(598, '16S36', 16, '16', 'Kel Ketami', 'Seb. SHP 20 SHP 32', '1820000', '1350', '...', NULL, '2023-08-15 05:48:12', '2023-08-15 05:48:12'),
(599, '16S37', 16, '17', 'Kel Ketami', 'Seb. SHP 20 SHP 32', '1820000', '1350', '...', NULL, '2023-08-15 05:48:12', '2023-08-15 05:48:12'),
(600, '16S38', 16, '18', 'Kel Ketami', 'Seb. SHP 20 SHP 32', '1820000', '1350', '...', NULL, '2023-08-15 05:48:12', '2023-08-15 05:48:12'),
(601, '16S39', 16, '19', 'Kel Ketami', 'Seb. SHP 20 SHP 32', '1820000', '1350', '...', NULL, '2023-08-15 05:48:12', '2023-08-15 05:48:12'),
(602, '16S4', 16, '1', 'Kel Ketami', 'SHP 13', '2475000', '1500', 'Bulu-bulu (kulon perikanan)', NULL, '2023-08-15 05:48:12', '2023-08-15 05:48:12'),
(603, '16S40', 16, '20', 'Kel Ketami', 'Seb. SHP 20 SHP 32', '1911200', '1470', '...', NULL, '2023-08-15 05:48:12', '2023-08-15 05:48:12'),
(604, '16S41', 16, '1', 'Kel Ketami', 'SHP 10', '1600000', '1350', 'BUlu-bulu ( TIMUR LPG)', NULL, '2023-08-15 05:48:12', '2023-08-15 05:48:12'),
(605, '16S42', 16, '2', 'Kel Ketami', 'SHP 10', '1600000', '1350', 'BUlu-bulu ( TIMUR LPG)', NULL, '2023-08-15 05:48:12', '2023-08-15 05:48:12'),
(606, '16S43', 16, '3', 'Kel Ketami', 'SHP 10', '1600000', '1350', 'BUlu-bulu ( TIMUR LPG)', NULL, '2023-08-15 05:48:12', '2023-08-15 05:48:12'),
(607, '16S44', 16, '4', 'Kel Ketami', 'SHP 10', '1600000', '1350', 'BUlu-bulu ( TIMUR LPG)', NULL, '2023-08-15 05:48:12', '2023-08-15 05:48:12'),
(608, '16S45', 16, '5', 'Kel Ketami', 'SHP 10', '1600000', '1350', 'BUlu-bulu ( TIMUR LPG)', NULL, '2023-08-15 05:48:12', '2023-08-15 05:48:12'),
(609, '16S46', 16, '6', 'Kel Ketami', 'SHP 10', '1600000', '1350', 'BUlu-bulu ( TIMUR LPG)', NULL, '2023-08-15 05:48:12', '2023-08-15 05:48:12'),
(610, '16S47', 16, '7', 'Kel Ketami', 'SHP 10', '1600000', '1350', 'BUlu-bulu ( TIMUR LPG)', NULL, '2023-08-15 05:48:12', '2023-08-15 05:48:12'),
(611, '16S48', 16, '8', 'Kel Ketami', 'SHP 10', '2535000', '1535', 'BUlu-bulu ( TIMUR LPG)', NULL, '2023-08-15 05:48:12', '2023-08-15 05:48:12'),
(612, '16S49', 16, '1', 'Kel Ketami', 'SHP 14', '1775000', '1350', 'etan mbah lumpang (lor kali)', NULL, '2023-08-15 05:48:12', '2023-08-15 05:48:12'),
(613, '16S5', 16, '2', 'Kel Ketami', 'SHP 13', '2475000', '1500', 'Bulu-bulu (kulon perikanan)', NULL, '2023-08-15 05:48:12', '2023-08-15 05:48:12'),
(614, '16S50', 16, '2', 'Kel Ketami', 'SHP 14', '1775000', '1350', 'etan mbah lumpang (lor kali)', NULL, '2023-08-15 05:48:12', '2023-08-15 05:48:12'),
(615, '16S51', 16, '3', 'Kel Ketami', 'SHP 14', '3359375', '1620', 'etan mbah lumpang (lor kali)', NULL, '2023-08-15 05:48:12', '2023-08-15 05:48:12'),
(616, '16S52', 16, '4', 'Kel Ketami', 'SHP 14', '2139000', '1111', 'etan mbah lumpang (lor kali)', NULL, '2023-08-15 05:48:12', '2023-08-15 05:48:12'),
(617, '16S53', 16, '5', 'Kel Ketami', 'SHP 14', '2139000', '1111', 'etan mbah lumpang (lor kali)', NULL, '2023-08-15 05:48:12', '2023-08-15 05:48:12'),
(618, '16S54', 16, '6', 'Kel Ketami', 'SHP 14', '2135750', '1113', 'etan mbah lumpang (lor kali)', NULL, '2023-08-15 05:48:12', '2023-08-15 05:48:12'),
(619, '16S55', 16, '1', 'Kel Ketami', 'SHP 12', '2002750', '1046', 'etan mbah lumpang (lor kali)', NULL, '2023-08-15 05:48:12', '2023-08-15 05:48:12'),
(620, '16S56', 16, '2', 'Kel Ketami', 'SHP 12', '2002750', '1046', 'etan mbah lumpang (lor kali)', NULL, '2023-08-15 05:48:12', '2023-08-15 05:48:12'),
(621, '16S57', 16, '3', 'Kel Ketami', 'SHP 12', '2003120', '1047', 'etan mbah lumpang (lor kali)', NULL, '2023-08-15 05:48:12', '2023-08-15 05:48:12'),
(622, '16S58', 16, '4', 'Kel Ketami', 'SHP 12', '2003120', '1047', 'etan mbah lumpang (lor kali)', NULL, '2023-08-15 05:48:12', '2023-08-15 05:48:12'),
(623, '16S59', 16, '5', 'Kel Ketami', 'SHP 12', '2003120', '1047', 'etan mbah lumpang (lor kali)', NULL, '2023-08-15 05:48:12', '2023-08-15 05:48:12'),
(624, '16S6', 16, '1', 'Kel Ketami', 'SHP 17', '1604375', '1355', 'Bulu-bulu (kulon perikanan)', NULL, '2023-08-15 05:48:12', '2023-08-15 05:48:12'),
(625, '16S60', 16, '6', 'Kel Ketami', 'SHP 12', '2003120', '1047', 'etan mbah lumpang (lor kali)', NULL, '2023-08-15 05:48:12', '2023-08-15 05:48:12'),
(626, '16S61', 16, '1', 'Kel Ketami', 'SHP 19', '281875', '1437', 'Bulu-bulu, perikanan ngulon', NULL, '2023-08-15 05:48:12', '2023-08-15 05:48:12'),
(627, '16S62', 16, '2', 'Kel Ketami', 'SHP 19', '283200', '1438', 'Bulu-bulu, perikanan ngulon', NULL, '2023-08-15 05:48:12', '2023-08-15 05:48:12'),
(628, '16S63', 16, '1', 'Kel Ketami', 'SHP 8', '3853500', '1877', 'Mbah Lumpang', NULL, '2023-08-15 05:48:12', '2023-08-15 05:48:12'),
(629, '16S64', 16, '2', 'Kel Ketami', 'SHP 8', '3853500', '1876', 'Mbah Lumpang', NULL, '2023-08-15 05:48:12', '2023-08-15 05:48:12'),
(630, '16S65', 16, '3', 'Kel Ketami', 'SHP 8', '2077750', '1876', 'Bekas tanah bengkok An. Sukiman yg kembali Th 2022', NULL, '2023-08-15 05:48:12', '2023-08-15 05:48:12'),
(631, '16S66', 16, '4', 'Kel Ketami', 'SHP 8', '2077750', '1876', 'Bekas tanah bengkok An. Suwandji yg kembali Th 2022', NULL, '2023-08-15 05:48:12', '2023-08-15 05:48:12'),
(632, '16S67', 16, '1', 'Kel Ketami', 'SHP 8', '2100200', '1086', 'ETANE MBAH LUMPANG', NULL, '2023-08-15 05:48:12', '2023-08-15 05:48:12'),
(633, '16S68', 16, '2', 'Kel Ketami', 'SHP 8', '2100200', '1086', 'ETANE MBAH LUMPANG', NULL, '2023-08-15 05:48:12', '2023-08-15 05:48:12'),
(634, '16S69', 16, '3', 'Kel Ketami', 'SHP 8', '2100200', '1086', 'ETANE MBAH LUMPANG', NULL, '2023-08-15 05:48:12', '2023-08-15 05:48:12'),
(635, '16S7', 16, '2', 'Kel Ketami', 'SHP 17', '1604375', '1355', 'Bulu-bulu (kulon perikanan)', NULL, '2023-08-15 05:48:12', '2023-08-15 05:48:12'),
(636, '16S70', 16, '4', 'Kel Ketami', 'SHP 8', '2100200', '1086', 'ETANE MBAH LUMPANG', NULL, '2023-08-15 05:48:12', '2023-08-15 05:48:12'),
(637, '16S71', 16, '5', 'Kel Ketami', 'SHP 8', '2100200', '1086', 'ETANE MBAH LUMPANG', NULL, '2023-08-15 05:48:12', '2023-08-15 05:48:12'),
(638, '16S72', 16, '6', 'Kel Ketami', 'SHP 8', '2100200', '1086', 'ETANE MBAH LUMPANG', NULL, '2023-08-15 05:48:12', '2023-08-15 05:48:12'),
(639, '16S73', 16, '7', 'Kel Ketami', 'SHP 8', '2100200', '1086', 'ETANE MBAH LUMPANG', NULL, '2023-08-15 05:48:12', '2023-08-15 05:48:12'),
(640, '16S74', 16, '8', 'Kel Ketami', 'SHP 8', '2100200', '1086', 'ETANE MBAH LUMPANG', NULL, '2023-08-15 05:48:12', '2023-08-15 05:48:12'),
(641, '16S75', 16, '9', 'Kel Ketami', 'SHP 8', '2100200', '1086', 'ETANE MBAH LUMPANG', NULL, '2023-08-15 05:48:12', '2023-08-15 05:48:12'),
(642, '16S76', 16, '10', 'Kel Ketami', 'SHP 8', '2100200', '1086', 'ETANE MBAH LUMPANG', NULL, '2023-08-15 05:48:12', '2023-08-15 05:48:12'),
(643, '16S77', 16, '1', 'Kel Ketami', 'SHP 10', '153875', '828', 'ETANE MBAH LUMPANG', NULL, '2023-08-15 05:48:12', '2023-08-15 05:48:12'),
(644, '16S78', 16, '2', 'Kel Ketami', 'SHP 10', '153875', '828', 'ETANE MBAH LUMPANG', NULL, '2023-08-15 05:48:12', '2023-08-15 05:48:12'),
(645, '16S79', 16, '3', 'Kel Ketami', 'SHP 10', '1526750', '834', 'ETANE MBAH LUMPANG', NULL, '2023-08-15 05:48:12', '2023-08-15 05:48:12'),
(646, '16S8', 16, '1', 'Kel Ketami', 'SHP 9', '1563500', '1194', 'Etan lapangan Mbah Lumpang', NULL, '2023-08-15 05:48:12', '2023-08-15 05:48:12'),
(647, '16S80', 16, '4', 'Kel Ketami', 'SHP 10', '1526750', '834', 'ETANE MBAH LUMPANG', NULL, '2023-08-15 05:48:12', '2023-08-15 05:48:12'),
(648, '16S81', 16, '5', 'Kel Ketami', 'SHP 10', '1526750', '834', 'ETANE MBAH LUMPANG', NULL, '2023-08-15 05:48:12', '2023-08-15 05:48:12'),
(649, '16S82', 16, '6', 'Kel Ketami', 'SHP 10', '1526750', '834', 'ETANE MBAH LUMPANG', NULL, '2023-08-15 05:48:12', '2023-08-15 05:48:12'),
(650, '16S83', 16, '7', 'Kel Ketami', 'SHP 10', '1526750', '834', 'ETANE MBAH LUMPANG', NULL, '2023-08-15 05:48:12', '2023-08-15 05:48:12'),
(651, '16S84', 16, '8', 'Kel Ketami', 'SHP 10', '1526750', '834', 'ETANE MBAH LUMPANG', NULL, '2023-08-15 05:48:12', '2023-08-15 05:48:12'),
(652, '16S85', 16, '1', 'Jl. Jatimas ', 'SHP 21 SHP 27', '1800000', '1131', 'Tanah bengkok perangkat An. Suwandji yang kembali tahun 2022', NULL, '2023-08-15 05:48:12', '2023-08-15 05:48:12'),
(653, '16S86', 16, '2', 'Jl. Jatimas ', 'SHP 21 SHP 27', '1800000', '1131', 'Tanah bengkok perangkat An. Suwandji yang kembali tahun 2022', NULL, '2023-08-15 05:48:12', '2023-08-15 05:48:12'),
(654, '16S87', 16, '3', 'Jl. Jatimas ', 'SHP 21 SHP 27', '1800000', '1131', 'Tanah bengkok perangkat An. Suwandji yang kembali tahun 2022', NULL, '2023-08-15 05:48:12', '2023-08-15 05:48:12'),
(655, '16S88', 16, '4', 'Jl. Jatimas ', 'SHP 21 SHP 27', '6777994', '4827', 'Tanah bengkok perangkat An. Suwandji yang kembali tahun 2022', NULL, '2023-08-15 05:48:12', '2023-08-15 05:48:12'),
(656, '16S89', 16, '1', 'Barat Makam Dander', 'SHP 15', '1743200', '1135', 'Tanah bengkok perangkat An. Suwandji yang kembali tahun 2022', NULL, '2023-08-15 05:48:12', '2023-08-15 05:48:12'),
(657, '16S9', 16, '2', 'Kel Ketami', 'SHP 9', '1563828', '1194', 'Etan lapangan Mbah Lumpang', NULL, '2023-08-15 05:48:13', '2023-08-15 05:48:13'),
(658, '16S90', 16, '2', 'Barat Makam Dander', 'SHP 15', '1743200', '1135', 'Tanah bengkok perangkat An. Suwandji yang kembali tahun 2022', NULL, '2023-08-15 05:48:13', '2023-08-15 05:48:13'),
(659, '16S91', 16, '1', 'Kulon Perikanan,bulu-bulu', 'SHP 14', '1650000', '1110', 'Tanah bengkok perangkat An. Suwandji yang kembali tahun 2022', NULL, '2023-08-15 05:48:13', '2023-08-15 05:48:13'),
(660, '16S92', 16, '2', 'Kulon Perikanan,bulu-bulu', 'SHP 14', '1650000', '1110', 'Tanah bengkok perangkat An. Suwandji yang kembali tahun 2022', NULL, '2023-08-15 05:48:13', '2023-08-15 05:48:13'),
(661, '16S93', 16, '1', 'ETAN LAPANGAN', 'SHP 11', '2135521', '1153', 'Tanah bengkok perangkat An. Sukiman yang kembali tahun 2022', NULL, '2023-08-15 05:48:13', '2023-08-15 05:48:13'),
(662, '16S94', 16, '2', 'ETAN LAPANGAN', 'SHP 11', '2135521', '1153', 'Tanah bengkok perangkat An. Sukiman yang kembali tahun 2022', NULL, '2023-08-15 05:48:13', '2023-08-15 05:48:13'),
(663, '16S95', 16, '3', 'ETAN LAPANGAN', 'SHP 11', '2134813', '1153', 'Tanah bengkok perangkat An. Sukiman yang kembali tahun 2022', NULL, '2023-08-15 05:48:13', '2023-08-15 05:48:13'),
(664, '16S96', 16, '4', 'ETAN LAPANGAN', 'SHP 11', '1837476', '1025', 'Tanah bengkok perangkat An. Sukiman yang kembali tahun 2022', NULL, '2023-08-15 05:48:13', '2023-08-15 05:48:13'),
(665, '16S97', 16, '5', 'ETAN LAPANGAN', 'SHP 11', '1837476', '1025', 'Tanah bengkok perangkat An. Sukiman yang kembali tahun 2022', NULL, '2023-08-15 05:48:13', '2023-08-15 05:48:13'),
(666, '16S98', 16, '6', 'ETAN LAPANGAN', 'SHP 11', '1837476', '1025', 'Tanah bengkok perangkat An. Sukiman yang kembali tahun 2022', NULL, '2023-08-15 05:48:13', '2023-08-15 05:48:13'),
(667, '16S99', 16, '7', 'ETAN LAPANGAN', 'SHP 11', '1837476', '1025', 'Tanah bengkok perangkat An. Sukiman yang kembali tahun 2022', NULL, '2023-08-15 05:48:13', '2023-08-15 05:48:13'),
(668, '17S1', 17, '1', 'Kel Ngletih', 'SHP 45', '161088', '1193', '...', NULL, '2023-08-15 05:48:13', '2023-08-15 05:48:13'),
(669, '17S10', 17, '4', 'Kel Ngletih', 'SHP 53', '1479600', '1078', 'KULON LAPANGAN, UTARA SALURAN AIR', NULL, '2023-08-15 05:48:13', '2023-08-15 05:48:13'),
(670, '17S11', 17, '5', 'Kel Ngletih', 'SHP 53', '1479600', '1078', 'KULON LAPANGAN, UTARA SALURAN AIR', NULL, '2023-08-15 05:48:13', '2023-08-15 05:48:13'),
(671, '17S12', 17, '6', 'Kel Ngletih', 'SHP 53', '1479600', '1078', 'KULON LAPANGAN, UTARA SALURAN AIR', NULL, '2023-08-15 05:48:13', '2023-08-15 05:48:13'),
(672, '17S13', 17, '7', 'Kel Ngletih', 'SHP 53', '1479600', '1078', 'KULON LAPANGAN, UTARA SALURAN AIR', NULL, '2023-08-15 05:48:13', '2023-08-15 05:48:13'),
(673, '17S14', 17, '8', 'Kel Ngletih', 'SHP 53', '1479600', '1078', 'KULON LAPANGAN, UTARA SALURAN AIR', NULL, '2023-08-15 05:48:13', '2023-08-15 05:48:13');
INSERT INTO `tkds` (`id`, `id_tkd`, `id_kelurahan`, `bidang`, `letak`, `bukti`, `harga_dasar`, `luas`, `keterangan`, `nop`, `created_at`, `updated_at`) VALUES
(674, '17S15', 17, '9', 'Kel Ngletih', 'SHP 53', '1479600', '1078', 'KULON LAPANGAN, UTARA SALURAN AIR', NULL, '2023-08-15 05:48:13', '2023-08-15 05:48:13'),
(675, '17S16', 17, '10', 'Kel Ngletih', 'SHP 53', '1479600', '1078', 'KULON LAPANGAN, UTARA SALURAN AIR', NULL, '2023-08-15 05:48:13', '2023-08-15 05:48:13'),
(676, '17S17', 17, '11', 'Kel Ngletih', 'SHP 53', '1479600', '1078', 'KULON LAPANGAN, UTARA SALURAN AIR', NULL, '2023-08-15 05:48:13', '2023-08-15 05:48:13'),
(677, '17S18', 17, '12', 'Kel Ngletih', 'SHP 53', '1479600', '1078', 'KULON LAPANGAN, UTARA SALURAN AIR', NULL, '2023-08-15 05:48:13', '2023-08-15 05:48:13'),
(678, '17S19', 17, '8', 'Kel Ngletih', 'SHP 53', '1479600', '1078', 'KULON LAPANGAN, UTARA SALURAN AIR', NULL, '2023-08-15 05:48:13', '2023-08-15 05:48:13'),
(679, '17S2', 17, '2', 'Kel Ngletih', 'SHP 45', '1614120', '1192', '...', NULL, '2023-08-15 05:48:13', '2023-08-15 05:48:13'),
(680, '17S20', 17, '14', 'Kel Ngletih', 'SHP 53', '1479600', '1078', 'KULON LAPANGAN, UTARA SALURAN AIR', NULL, '2023-08-15 05:48:13', '2023-08-15 05:48:13'),
(681, '17S21', 17, '10', 'Kel Ngletih', 'SHP 53', '1479600', '1078', 'KULON LAPANGAN, UTARA SALURAN AIR', NULL, '2023-08-15 05:48:13', '2023-08-15 05:48:13'),
(682, '17S22', 17, '11', 'Kel Ngletih', 'SHP 53', '1479600', '1078', 'KULON LAPANGAN, UTARA SALURAN AIR', NULL, '2023-08-15 05:48:13', '2023-08-15 05:48:13'),
(683, '17S23', 17, '12', 'Kel Ngletih', 'SHP 53', '1479600', '1078', 'KULON LAPANGAN, UTARA SALURAN AIR', NULL, '2023-08-15 05:48:13', '2023-08-15 05:48:13'),
(684, '17S24', 17, '13', 'Kel Ngletih', 'SHP 53', '1481000', '1080', 'KULON LAPANGAN, UTARA SALURAN AIR', NULL, '2023-08-15 05:48:13', '2023-08-15 05:48:13'),
(685, '17S25', 17, '14', 'Kel Ngletih', 'SHP 53', '1480250', '1079', 'KULON LAPANGAN, UTARA SALURAN AIR', NULL, '2023-08-15 05:48:13', '2023-08-15 05:48:13'),
(686, '17S26', 17, '1', 'Kel Ngletih', 'SHP 46', '1612575', '1248', 'KULON LAPANGAN, KIDUL SALURAN AIR', NULL, '2023-08-15 05:48:13', '2023-08-15 05:48:13'),
(687, '17S27', 17, '2', 'Kel Ngletih', 'SHP 46', '1612575', '1248', 'KULON LAPANGAN, KIDUL SALURAN AIR', NULL, '2023-08-15 05:48:13', '2023-08-15 05:48:13'),
(688, '17S28', 17, '3', 'Kel Ngletih', 'SHP 46', '1612575', '1248', 'KULON LAPANGAN, KIDUL SALURAN AIR', NULL, '2023-08-15 05:48:13', '2023-08-15 05:48:13'),
(689, '17S29', 17, '4', 'Kel Ngletih', 'SHP 46', '1612575', '1248', 'KULON LAPANGAN, KIDUL SALURAN AIR', NULL, '2023-08-15 05:48:13', '2023-08-15 05:48:13'),
(690, '17S3', 17, '1', 'Kel Ngletih', 'SHP 19', '1541150', '1166', '...', NULL, '2023-08-15 05:48:13', '2023-08-15 05:48:13'),
(691, '17S30', 17, '5', 'Kel Ngletih', 'SHP 46', '1612575', '1248', 'KULON LAPANGAN, KIDUL SALURAN AIR', NULL, '2023-08-15 05:48:13', '2023-08-15 05:48:13'),
(692, '17S31', 17, '6', 'Kel Ngletih', 'SHP 46', '1612575', '1248', 'KULON LAPANGAN, KIDUL SALURAN AIR', NULL, '2023-08-15 05:48:13', '2023-08-15 05:48:13'),
(693, '17S32', 17, '7', 'Kel Ngletih', 'SHP 46', '1612575', '1248', 'KULON LAPANGAN, KIDUL SALURAN AIR', NULL, '2023-08-15 05:48:13', '2023-08-15 05:48:13'),
(694, '17S33', 17, '8', 'Kel Ngletih', 'SHP 46', '1612575', '1248', 'KULON LAPANGAN, KIDUL SALURAN AIR', NULL, '2023-08-15 05:48:13', '2023-08-15 05:48:13'),
(695, '17S34', 17, '9', 'Kel Ngletih', 'SHP 46', '1612575', '1248', 'KULON LAPANGAN, KIDUL SALURAN AIR', NULL, '2023-08-15 05:48:13', '2023-08-15 05:48:13'),
(696, '17S35', 17, '10', 'Kel Ngletih', 'SHP 46', '1612575', '1248', 'KULON LAPANGAN, KIDUL SALURAN AIR', NULL, '2023-08-15 05:48:13', '2023-08-15 05:48:13'),
(697, '17S36', 17, '11', 'Kel Ngletih', 'SHP 46', '1612575', '1248', 'KULON LAPANGAN, KIDUL SALURAN AIR', NULL, '2023-08-15 05:48:13', '2023-08-15 05:48:13'),
(698, '17S37', 17, '12', 'Kel Ngletih', 'SHP 46', '1612575', '1248', 'KULON LAPANGAN, KIDUL SALURAN AIR', NULL, '2023-08-15 05:48:13', '2023-08-15 05:48:13'),
(699, '17S38', 17, '8', 'Kel Ngletih', 'SHP 46', '1616100', '1246', 'KULON LAPANGAN, KIDUL SALURAN AIR', NULL, '2023-08-15 05:48:13', '2023-08-15 05:48:13'),
(700, '17S39', 17, '14', 'Kel Ngletih', 'SHP 46', '1616100', '1246', 'KULON LAPANGAN, KIDUL SALURAN AIR', NULL, '2023-08-15 05:48:13', '2023-08-15 05:48:13'),
(701, '17S4', 17, '2', 'Kel Ngletih', 'SHP 19', '1541150', '1166', '...', NULL, '2023-08-15 05:48:13', '2023-08-15 05:48:13'),
(702, '17S40', 17, '10', 'Kel Ngletih', 'SHP 46', '1616100', '1246', 'KULON LAPANGAN, KIDUL SALURAN AIR', NULL, '2023-08-15 05:48:13', '2023-08-15 05:48:13'),
(703, '17S41', 17, '1', 'Kel Ngletih', 'SHP 43', '1847120', '1635', 'EX BENGKOK BAYAN, BARAT JALAN', NULL, '2023-08-15 05:48:13', '2023-08-15 05:48:13'),
(704, '17S42', 17, '2', 'Kel Ngletih', 'SHP 43', '1847120', '1635', 'EX BENGKOK BAYAN, BARAT JALAN', NULL, '2023-08-15 05:48:13', '2023-08-15 05:48:13'),
(705, '17S43', 17, '3', 'Kel Ngletih', 'SHP 43', '1847120', '1635', 'EX BENGKOK BAYAN, BARAT JALAN', NULL, '2023-08-15 05:48:13', '2023-08-15 05:48:13'),
(706, '17S44', 17, '4', 'Kel Ngletih', 'SHP 43', '1847120', '1635', 'EX BENGKOK BAYAN, BARAT JALAN', NULL, '2023-08-15 05:48:13', '2023-08-15 05:48:13'),
(707, '17S45', 17, '5', 'Kel Ngletih', 'SHP 43', '1847120', '1635', 'EX BENGKOK BAYAN, BARAT JALAN', NULL, '2023-08-15 05:48:13', '2023-08-15 05:48:13'),
(708, '17S46', 17, '6', 'Kel Ngletih', 'SHP 43', '1847120', '1635', 'EX BENGKOK BAYAN, BARAT JALAN', NULL, '2023-08-15 05:48:13', '2023-08-15 05:48:13'),
(709, '17S47', 17, '7', 'Kel Ngletih', 'SHP 43', '1847120', '1635', 'EX BENGKOK BAYAN, BARAT JALAN', NULL, '2023-08-15 05:48:13', '2023-08-15 05:48:13'),
(710, '17S48', 17, '8', 'Kel Ngletih', 'SHP 43', '1845550', '1632', 'EX BENGKOK BAYAN, BARAT JALAN', NULL, '2023-08-15 05:48:13', '2023-08-15 05:48:13'),
(711, '17S49', 17, '1', 'Kel Ngletih', 'SHP 39', '1458050', '1132', 'EX BENGKOK BAYAN, TIMUR JALAN(JETIS)', NULL, '2023-08-15 05:48:13', '2023-08-15 05:48:13'),
(712, '17S5', 17, '1', 'Kel Ngletih', 'SHP 18', '1463500', '1055', '...', NULL, '2023-08-15 05:48:13', '2023-08-15 05:48:13'),
(713, '17S50', 17, '2', 'Kel Ngletih', 'SHP 39', '1458050', '1132', 'EX BENGKOK BAYAN, TIMUR JALAN(JETIS)', NULL, '2023-08-15 05:48:13', '2023-08-15 05:48:13'),
(714, '17S51', 17, '3', 'Kel Ngletih', 'SHP 39', '1458050', '1132', 'EX BENGKOK BAYAN, TIMUR JALAN(JETIS)', NULL, '2023-08-15 05:48:13', '2023-08-15 05:48:13'),
(715, '17S52', 17, '4', 'Kel Ngletih', 'SHP 39', '1458050', '1132', 'EX BENGKOK BAYAN, TIMUR JALAN(JETIS)', NULL, '2023-08-15 05:48:13', '2023-08-15 05:48:13'),
(716, '17S53', 17, '5', 'Kel Ngletih', 'SHP 39', '1458050', '1132', 'EX BENGKOK BAYAN, TIMUR JALAN(JETIS)', NULL, '2023-08-15 05:48:13', '2023-08-15 05:48:13'),
(717, '17S54', 17, '6', 'Kel Ngletih', 'SHP 39', '1458050', '1132', 'EX BENGKOK BAYAN, TIMUR JALAN(JETIS)', NULL, '2023-08-15 05:48:13', '2023-08-15 05:48:13'),
(718, '17S55', 17, '7', 'Kel Ngletih', 'SHP 39', '1459100', '1134', 'EX BENGKOK BAYAN, TIMUR JALAN(JETIS)', NULL, '2023-08-15 05:48:13', '2023-08-15 05:48:13'),
(719, '17S56', 17, '1', 'Kel Ngletih', 'SHP 25', '1201775', '1116', 'BABATAN, KRESEK (BARAT POM)', NULL, '2023-08-15 05:48:13', '2023-08-15 05:48:13'),
(720, '17S57', 17, '2', 'Kel Ngletih', 'SHP 25', '1201775', '1116', 'BABATAN, KRESEK (BARAT POM)', NULL, '2023-08-15 05:48:13', '2023-08-15 05:48:13'),
(721, '17S58', 17, '1', 'Kel Ngletih', 'SHP 27', '1150000', '802', 'BABATAN, KRESEK (BARAT POM)', NULL, '2023-08-15 05:48:13', '2023-08-15 05:48:13'),
(722, '17S59', 17, '1', 'Kel Ngletih', 'SHP 9', '1100000', '1284', 'KIDUL BERJO,KULON MAKAM', NULL, '2023-08-15 05:48:13', '2023-08-15 05:48:13'),
(723, '17S6', 17, '2', 'Kel Ngletih', 'SHP 18', '1462800', '1054', '...', NULL, '2023-08-15 05:48:13', '2023-08-15 05:48:13'),
(724, '17S60', 17, '2', 'Kel Ngletih', 'SHP 9', '1100000', '1284', 'KIDUL BERJO,KULON MAKAM', NULL, '2023-08-15 05:48:13', '2023-08-15 05:48:13'),
(725, '17S61', 17, '3', 'Kel Ngletih', 'SHP 9', '1100000', '1284', 'KIDUL BERJO,KULON MAKAM', NULL, '2023-08-15 05:48:13', '2023-08-15 05:48:13'),
(726, '17S62', 17, '4', 'Kel Ngletih', 'SHP 9', '1100000', '1285', 'KIDUL BERJO,KULON MAKAM', NULL, '2023-08-15 05:48:13', '2023-08-15 05:48:13'),
(727, '17S63', 17, '1', 'Kel Ngletih', 'SHP 12', '1450000', '1153', 'KIDUL BERJO,SELATAN MAKAM', NULL, '2023-08-15 05:48:13', '2023-08-15 05:48:13'),
(728, '17S64', 17, '2', 'Kel Ngletih', 'SHP 12', '1450000', '1153', 'KIDUL BERJO,SELATAN MAKAM', NULL, '2023-08-15 05:48:13', '2023-08-15 05:48:13'),
(729, '17S65', 17, '3', 'Kel Ngletih', 'SHP 12', '1450000', '1152', 'KIDUL BERJO,SELATAN MAKAM', NULL, '2023-08-15 05:48:13', '2023-08-15 05:48:13'),
(730, '17S66', 17, '1', 'Kel Ngletih', 'SHP 11', '1450000', '1283', 'KIDUL BERJO, KIDUL OMAH', NULL, '2023-08-15 05:48:13', '2023-08-15 05:48:13'),
(731, '17S67', 17, '1', 'Kel Ngletih', 'SHP 8', '1000000', '1019', 'KIDUL BERJO, KIDUL OMAH', NULL, '2023-08-15 05:48:13', '2023-08-15 05:48:13'),
(732, '17S68', 17, '2', 'Kel Ngletih', 'SHP 8', '1000000', '1019', 'KIDUL BERJO, KIDUL OMAH', NULL, '2023-08-15 05:48:13', '2023-08-15 05:48:13'),
(733, '17S69', 17, '3', 'Kel Ngletih', 'SHP 8', '1000000', '1019', 'KIDUL BERJO, KIDUL OMAH', NULL, '2023-08-15 05:48:13', '2023-08-15 05:48:13'),
(734, '17S7', 17, '1', 'Kel Ngletih', 'SHP 53', '1479600', '1078', 'KULON LAPANGAN, UTARA SALURAN AIR', NULL, '2023-08-15 05:48:13', '2023-08-15 05:48:13'),
(735, '17S70', 17, '4', 'Kel Ngletih', 'SHP 8', '1000000', '1017', 'KIDUL BERJO, KIDUL OMAH', NULL, '2023-08-15 05:48:13', '2023-08-15 05:48:13'),
(736, '17S71', 17, '1', 'Kel Ngletih', 'SHP 10', '1465920', '1147', 'SELATAN TEMPUREJO,BARAT JALAN(TEGALAN)', NULL, '2023-08-15 05:48:13', '2023-08-15 05:48:13'),
(737, '17S72', 17, '2', 'Kel Ngletih', 'SHP 10', '1465920', '1147', 'SELATAN TEMPUREJO,BARAT JALAN(TEGALAN)', NULL, '2023-08-15 05:48:13', '2023-08-15 05:48:13'),
(738, '17S73', 17, '3', 'Kel Ngletih', 'SHP 10', '1465920', '1147', 'SELATAN TEMPUREJO,BARAT JALAN(TEGALAN)', NULL, '2023-08-15 05:48:13', '2023-08-15 05:48:13'),
(739, '17S74', 17, '4', 'Kel Ngletih', 'SHP 10', '1465920', '1147', 'SELATAN TEMPUREJO,BARAT JALAN(TEGALAN)', NULL, '2023-08-15 05:48:13', '2023-08-15 05:48:13'),
(740, '17S75', 17, '1', 'Kel Ngletih', 'SHP 32', '8873500', '7760', '...', NULL, '2023-08-15 05:48:13', '2023-08-15 05:48:13'),
(741, '17S76', 17, '1', 'Kel Ngletih', 'SHP 35', '1461420', '1187', 'EX BENGKOK BAYAN JETIS', NULL, '2023-08-15 05:48:13', '2023-08-15 05:48:13'),
(742, '17S77', 17, '1', 'Kel Ngletih', 'SHP 42', '10128550', '9002', 'EX BAYAN JETIS,BARAT JALAN', NULL, '2023-08-15 05:48:13', '2023-08-15 05:48:13'),
(743, '17S78', 17, '1', 'Kel Ngletih', 'Seb. SHP 38', '8111800', '11452', 'Luas Keseluruhan 13.198 M² sebagian seluas 1.746 M² untuk hak garap Jogoboyo', NULL, '2023-08-15 05:48:13', '2023-08-15 05:48:13'),
(744, '17S79', 17, '1', 'Kel Ngletih', 'SHP 10', '4879550', '4842', 'KIDUL BERJO,ETAN ', NULL, '2023-08-15 05:48:13', '2023-08-15 05:48:13'),
(745, '17S8', 17, '2', 'Kel Ngletih', 'SHP 53', '1479600', '1078', 'KULON LAPANGAN, UTARA SALURAN AIR', NULL, '2023-08-15 05:48:13', '2023-08-15 05:48:13'),
(746, '17S80', 17, '1', 'Kel Ngletih', 'SHP 14', '1541089', '1139', 'EX BENGKOK BAYAN JETIS,TIMUR MAKAM JETIS', NULL, '2023-08-15 05:48:13', '2023-08-15 05:48:13'),
(747, '17S81', 17, '2', 'Kel Ngletih', 'SHP 14', '1541089', '1139', 'EX BENGKOK BAYAN JETIS,TIMUR MAKAM JETIS', NULL, '2023-08-15 05:48:13', '2023-08-15 05:48:13'),
(748, '17S9', 17, '3', 'Kel Ngletih', 'SHP 53', '1479600', '1078', 'KULON LAPANGAN, UTARA SALURAN AIR', NULL, '2023-08-15 05:48:13', '2023-08-15 05:48:13'),
(749, '18S1', 18, '1', 'Tempurejo', 'Seb SHP 6', '1317500', '1350', 'Luas keseluruhan 9.780 M² Sebagian seluas 3.020 M² untuk Pasar,  1,400 M² gaji pensiun perangkat an. Lamiran,seluas 2,800M2 untuk gaji Mudin Ling.Kresek Mukadi', NULL, '2023-08-15 05:48:13', '2023-08-15 05:48:13'),
(750, '18S10', 18, '2', 'Tempurejo', 'Seb SHP 12', '1127000', '860', '...', NULL, '2023-08-15 05:48:13', '2023-08-15 05:48:13'),
(751, '18S100', 18, '1', 'Tempurejo', 'SHP 20', '865594', '715', 'Bekas garapan Juru Kunci An.Kusman,Ling.Kwangkalan', NULL, '2023-08-15 05:48:13', '2023-08-15 05:48:13'),
(752, '18S101', 18, '1', 'Tempurejo', 'SHP 28', '1114804', '935', 'Bekas garapan Juru Kunci An.Kusman,Ling.Kwangkalan', NULL, '2023-08-15 05:48:13', '2023-08-15 05:48:13'),
(753, '18S102', 18, '1', 'Tempurejo', 'SHP 34', '1115000', '1460', 'Bekas garapan Juru Kunci An. Slamet,Ling.Kresek(tanah tdk produktif)', NULL, '2023-08-15 05:48:13', '2023-08-15 05:48:13'),
(754, '18S103', 18, '1', 'Tempurejo', 'SHP 35', '1245000', '1860', 'Bekas garapan Juru Kunci An. Slamet,Ling.Kresek(tanah tdk produktif)', NULL, '2023-08-15 05:48:13', '2023-08-15 05:48:13'),
(755, '18S11', 18, '1', 'Tempurejo', 'SHP 17', '1359000', '1115', '...', NULL, '2023-08-15 05:48:13', '2023-08-15 05:48:13'),
(756, '18S12', 18, '2', 'Tempurejo', 'SHP 17', '1359000', '1115', '...', NULL, '2023-08-15 05:48:13', '2023-08-15 05:48:13'),
(757, '18S13', 18, '1', 'Tempurejo', 'SHP 13', '1164800', '1414', '...', NULL, '2023-08-15 05:48:13', '2023-08-15 05:48:13'),
(758, '18S14', 18, '2', 'Tempurejo', 'SHP 13', '1164800', '1414', '...', NULL, '2023-08-15 05:48:14', '2023-08-15 05:48:14'),
(759, '18S15', 18, '3', 'Tempurejo', 'SHP 13', '1164800', '1414', '...', NULL, '2023-08-15 05:48:14', '2023-08-15 05:48:14'),
(760, '18S16', 18, '4', 'Tempurejo', 'SHP 13', '1164800', '1414', '...', NULL, '2023-08-15 05:48:14', '2023-08-15 05:48:14'),
(761, '18S17', 18, '5', 'Tempurejo', 'SHP 13', '1164800', '1414', '...', NULL, '2023-08-15 05:48:14', '2023-08-15 05:48:14'),
(762, '18S18', 18, '1', 'Tempurejo', 'SHP 14', '1095800', '1194', '...', NULL, '2023-08-15 05:48:14', '2023-08-15 05:48:14'),
(763, '18S19', 18, '2', 'Tempurejo', 'SHP 14', '1095800', '1194', '...', NULL, '2023-08-15 05:48:14', '2023-08-15 05:48:14'),
(764, '18S2', 18, '2', 'Tempurejo', 'Seb SHP 6', '1061500', '1110', 'Luas keseluruhan 9.780 M² Sebagian seluas 3.020 M² untuk Pasar,  1,400 M² gaji pensiun perangkat an. Lamiran,seluas 2,800M2 untuk gaji Mudin Ling.Kresek Mukadi', NULL, '2023-08-15 05:48:14', '2023-08-15 05:48:14'),
(765, '18S20', 18, '3', 'Tempurejo', 'SHP 14', '1095800', '1194', '...', NULL, '2023-08-15 05:48:14', '2023-08-15 05:48:14'),
(766, '18S21', 18, '4', 'Tempurejo', 'SHP 14', '1095800', '1194', '...', NULL, '2023-08-15 05:48:14', '2023-08-15 05:48:14'),
(767, '18S22', 18, '5', 'Tempurejo', 'SHP 14', '1095800', '1194', '...', NULL, '2023-08-15 05:48:14', '2023-08-15 05:48:14'),
(768, '18S23', 18, '1', 'Tempurejo', 'SHP 16', '916000', '745', '...', NULL, '2023-08-15 05:48:14', '2023-08-15 05:48:14'),
(769, '18S24', 18, '2', 'Tempurejo', 'SHP 16', '916000', '745', '...', NULL, '2023-08-15 05:48:14', '2023-08-15 05:48:14'),
(770, '18S25', 18, '3', 'Tempurejo', 'SHP 16', '916000', '745', '...', NULL, '2023-08-15 05:48:14', '2023-08-15 05:48:14'),
(771, '18S26', 18, '4', 'Tempurejo', 'SHP 16', '916000', '745', '...', NULL, '2023-08-15 05:48:14', '2023-08-15 05:48:14'),
(772, '18S27', 18, '5', 'Tempurejo', 'SHP 16', '916000', '745', '...', NULL, '2023-08-15 05:48:14', '2023-08-15 05:48:14'),
(773, '18S28', 18, '6', 'Tempurejo', 'SHP 16', '916000', '745', '...', NULL, '2023-08-15 05:48:14', '2023-08-15 05:48:14'),
(774, '18S29', 18, '7', 'Tempurejo', 'SHP 16', '916000', '745', '...', NULL, '2023-08-15 05:48:14', '2023-08-15 05:48:14'),
(775, '18S3', 18, '1', 'Tempurejo', 'SHP 7', '1567700', '1131', 'Luas keseluruhan 4.570 M² sebagian untuk pengganti P2KH 2.884 M² Lamiran', NULL, '2023-08-15 05:48:14', '2023-08-15 05:48:14'),
(776, '18S30', 18, '8', 'Tempurejo', 'SHP 16', '916000', '745', '...', NULL, '2023-08-15 05:48:14', '2023-08-15 05:48:14'),
(777, '18S31', 18, '1', 'Tempurejo', 'SHP 19', '1317500', '1350', 'Luas keseluruhan 14.400 M² sebagian seluas 3.200 M² sebagai gaji Mudin Ling.Kwangkalan An. Moh.Ikhwan', NULL, '2023-08-15 05:48:14', '2023-08-15 05:48:14'),
(778, '18S32', 18, '2', 'Tempurejo', 'SHP 19', '1317500', '1350', 'Luas keseluruhan 14.400 M² sebagian seluas 3.200 M² sebagai gaji Mudin Ling.Kwangkalan An. Moh.Ikhwan', NULL, '2023-08-15 05:48:14', '2023-08-15 05:48:14'),
(779, '18S33', 18, '3', 'Tempurejo', 'SHP 19', '1317500', '1350', 'Luas keseluruhan 14.400 M² sebagian seluas 3.200 M² sebagai gaji Mudin Ling.Kwangkalan An. Moh.Ikhwan', NULL, '2023-08-15 05:48:14', '2023-08-15 05:48:14'),
(780, '18S34', 18, '4', 'Tempurejo', 'SHP 19', '1317500', '1350', 'Luas keseluruhan 14.400 M² sebagian seluas 3.200 M² sebagai gaji Mudin Ling.Kwangkalan An. Moh.Ikhwan', NULL, '2023-08-15 05:48:14', '2023-08-15 05:48:14'),
(781, '18S35', 18, '5', 'Tempurejo', 'SHP 19', '1317500', '1350', 'Luas keseluruhan 14.400 M² sebagian seluas 3.200 M² sebagai gaji Mudin Ling.Kwangkalan An. Moh.Ikhwan', NULL, '2023-08-15 05:48:14', '2023-08-15 05:48:14'),
(782, '18S36', 18, '6', 'Tempurejo', 'SHP 19', '1317500', '1350', 'Luas keseluruhan 14.400 M² sebagian seluas 3.200 M² sebagai gaji Mudin Ling.Kwangkalan An. Moh.Ikhwan', NULL, '2023-08-15 05:48:14', '2023-08-15 05:48:14'),
(783, '18S37', 18, '7', 'Tempurejo', 'SHP 19', '1317500', '1350', 'Luas keseluruhan 14.400 M² sebagian seluas 3.200 M² sebagai gaji Mudin Ling.Kwangkalan An. Moh.Ikhwan', NULL, '2023-08-15 05:48:14', '2023-08-15 05:48:14'),
(784, '18S38', 18, '8', 'Tempurejo', 'SHP 19', '1317500', '1350', 'Luas keseluruhan 14.400 M² sebagian seluas 3.200 M² sebagai gaji Mudin Ling.Kwangkalan An. Moh.Ikhwan', NULL, '2023-08-15 05:48:14', '2023-08-15 05:48:14'),
(785, '18S39', 18, '1', 'Tempurejo', 'SHP 21', '1468500', '1105', '...', NULL, '2023-08-15 05:48:14', '2023-08-15 05:48:14'),
(786, '18S4', 18, '1', 'Tempurejo', 'SHP 8', '1388500', '1425', '...', NULL, '2023-08-15 05:48:14', '2023-08-15 05:48:14'),
(787, '18S40', 18, '2', 'Tempurejo', 'SHP 21', '1468500', '1105', '...', NULL, '2023-08-15 05:48:14', '2023-08-15 05:48:14'),
(788, '18S41', 18, '3', 'Tempurejo', 'SHP 21', '8680000', '10900', '...', NULL, '2023-08-15 05:48:14', '2023-08-15 05:48:14'),
(789, '18S42', 18, '1', 'Tempurejo', 'SHP 27', '1210000', '800', 'sebagian Untuk sanimas 200 M²', NULL, '2023-08-15 05:48:14', '2023-08-15 05:48:14'),
(790, '18S43', 18, '2', 'Tempurejo', 'SHP 27', '1000000', '750', '...', NULL, '2023-08-15 05:48:14', '2023-08-15 05:48:14'),
(791, '18S44', 18, '3', 'Tempurejo', 'SHP 27', '1000000', '750', '...', NULL, '2023-08-15 05:48:14', '2023-08-15 05:48:14'),
(792, '18S45', 18, '4', 'Tempurejo', 'SHP 27', '1000000', '750', '...', NULL, '2023-08-15 05:48:14', '2023-08-15 05:48:14'),
(793, '18S46', 18, '5', 'Tempurejo', 'SHP 27', '1000000', '750', '...', NULL, '2023-08-15 05:48:14', '2023-08-15 05:48:14'),
(794, '18S47', 18, '6', 'Tempurejo', 'SHP 27', '1000000', '750', '...', NULL, '2023-08-15 05:48:14', '2023-08-15 05:48:14'),
(795, '18S48', 18, '7', 'Tempurejo', 'SHP 27', '1000000', '750', '...', NULL, '2023-08-15 05:48:14', '2023-08-15 05:48:14'),
(796, '18S49', 18, '8', 'Tempurejo', 'SHP 27', '1000000', '750', '...', NULL, '2023-08-15 05:48:14', '2023-08-15 05:48:14'),
(797, '18S5', 18, '1', 'Tempurejo', 'SHP 14', '939900', '682', '...', NULL, '2023-08-15 05:48:14', '2023-08-15 05:48:14'),
(798, '18S50', 18, '9', 'Tempurejo', 'SHP 27', '1000000', '750', '...', NULL, '2023-08-15 05:48:14', '2023-08-15 05:48:14'),
(799, '18S46', 18, '10', 'Tempurejo', 'SHP 27', '1000000', '750', '...', NULL, '2023-08-15 05:48:14', '2023-08-15 05:48:14'),
(800, '18S52', 18, '11', 'Tempurejo', 'SHP 27', '1000000', '750', '...', NULL, '2023-08-15 05:48:14', '2023-08-15 05:48:14'),
(801, '18S53', 18, '1', 'Tempurejo', 'SHP 28', '965000', '700', 'Luas total 11.950,dikurangi 700 m2 untuk TK Dharma Wanita I', NULL, '2023-08-15 05:48:14', '2023-08-15 05:48:14'),
(802, '18S54', 18, '2', 'Tempurejo', 'SHP 28', '965000', '700', '...', NULL, '2023-08-15 05:48:14', '2023-08-15 05:48:14'),
(803, '18S55', 18, '3', 'Tempurejo', 'SHP 28', '965000', '700', '...', NULL, '2023-08-15 05:48:14', '2023-08-15 05:48:14'),
(804, '18S56', 18, '4', 'Tempurejo', 'SHP 28', '965000', '700', '...', NULL, '2023-08-15 05:48:14', '2023-08-15 05:48:14'),
(805, '18S57', 18, '5', 'Tempurejo', 'SHP 28', '965000', '700', '...', NULL, '2023-08-15 05:48:14', '2023-08-15 05:48:14'),
(806, '18S58', 18, '6', 'Tempurejo', 'SHP 28', '965000', '700', '...', NULL, '2023-08-15 05:48:14', '2023-08-15 05:48:14'),
(807, '18S59', 18, '7', 'Tempurejo', 'SHP 28', '965000', '700', '...', NULL, '2023-08-15 05:48:14', '2023-08-15 05:48:14'),
(808, '18S6', 18, '2', 'Tempurejo', 'SHP 14', '939900', '682', '...', NULL, '2023-08-15 05:48:14', '2023-08-15 05:48:14'),
(809, '18S60', 18, '8', 'Tempurejo', 'SHP 28', '965000', '700', '...', NULL, '2023-08-15 05:48:14', '2023-08-15 05:48:14'),
(810, '18S61', 18, '9', 'Tempurejo', 'SHP 28', '965000', '700', '...', NULL, '2023-08-15 05:48:14', '2023-08-15 05:48:14'),
(811, '18S62', 18, '10', 'Tempurejo', 'SHP 28', '965000', '700', '...', NULL, '2023-08-15 05:48:14', '2023-08-15 05:48:14'),
(812, '18S63', 18, '11', 'Tempurejo', 'SHP 28', '965000', '700', '...', NULL, '2023-08-15 05:48:14', '2023-08-15 05:48:14'),
(813, '18S64', 18, '12', 'Tempurejo', 'SHP 28', '965000', '700', '...', NULL, '2023-08-15 05:48:14', '2023-08-15 05:48:14'),
(814, '18S65', 18, '8', 'Tempurejo', 'SHP 28', '965000', '700', '...', NULL, '2023-08-15 05:48:14', '2023-08-15 05:48:14'),
(815, '18S66', 18, '10', 'Tempurejo', 'SHP 28', '1150000', '1200', '...', NULL, '2023-08-15 05:48:14', '2023-08-15 05:48:14'),
(816, '18S67', 18, '11', 'Tempurejo', 'SHP 28', '1161000', '900', '...', NULL, '2023-08-15 05:48:14', '2023-08-15 05:48:14'),
(817, '18S68', 18, '1', 'Tempurejo', 'SHP 26', '1317500', '1350', 'Luas Keseluruhan 6.960 M² Sebagian seluas 1,360 M² sebagai Gaji Perangkat Non PNS an. Sri Suwarti', NULL, '2023-08-15 05:48:14', '2023-08-15 05:48:14'),
(818, '18S69', 18, '2', 'Tempurejo', 'SHP 26', '1317500', '1350', '...', NULL, '2023-08-15 05:48:14', '2023-08-15 05:48:14'),
(819, '18S7', 18, '3', 'Tempurejo', 'SHP 14', '935600', '683', '...', NULL, '2023-08-15 05:48:14', '2023-08-15 05:48:14'),
(820, '18S70', 18, '3', 'Tempurejo', 'SHP 26', '1317500', '1350', '...', NULL, '2023-08-15 05:48:14', '2023-08-15 05:48:14'),
(821, '18S71', 18, '4', 'Tempurejo', 'SHP 26', '1317500', '1350', '...', NULL, '2023-08-15 05:48:14', '2023-08-15 05:48:14'),
(822, '18S72', 18, '1', 'Tempurejo', 'SHP 32', '1182500', '1435', '...', NULL, '2023-08-15 05:48:14', '2023-08-15 05:48:14'),
(823, '18S73', 18, '2', 'Tempurejo', 'SHP 32', '1182500', '1435', '...', NULL, '2023-08-15 05:48:14', '2023-08-15 05:48:14'),
(824, '18S74', 18, '1', 'Tempurejo', 'Seb. SHP 31', '1317500', '1350', 'sebagian seluas 12,910 M² sebagai Gaji Perangkat Non PNS an. Sri Suwarti', NULL, '2023-08-15 05:48:14', '2023-08-15 05:48:14'),
(825, '18S75', 18, '2', 'Tempurejo', 'Seb. SHP 31', '1317500', '1350', '...', NULL, '2023-08-15 05:48:14', '2023-08-15 05:48:14'),
(826, '18S76', 18, '3', 'Tempurejo', 'Seb. SHP 31', '1317500', '1350', '...', NULL, '2023-08-15 05:48:14', '2023-08-15 05:48:14'),
(827, '18S77', 18, '1', 'Tempurejo', 'SHP 38,39', '124800', '809', '...', NULL, '2023-08-15 05:48:14', '2023-08-15 05:48:14'),
(828, '18S78', 18, '2', 'Tempurejo', 'SHP 38,39', '124800', '809', '...', NULL, '2023-08-15 05:48:14', '2023-08-15 05:48:14'),
(829, '18S79', 18, '3', 'Tempurejo', 'SHP 38,39', '124800', '809', '...', NULL, '2023-08-15 05:48:14', '2023-08-15 05:48:14'),
(830, '18S8', 18, '4', 'Tempurejo', 'SHP 14', '935600', '683', '...', NULL, '2023-08-15 05:48:14', '2023-08-15 05:48:14'),
(831, '18S80', 18, '4', 'Tempurejo', 'SHP 38,39', '124800', '809', '...', NULL, '2023-08-15 05:48:14', '2023-08-15 05:48:14'),
(832, '18S81', 18, '5', 'Tempurejo', 'SHP 38,39', '124800', '809', '...', NULL, '2023-08-15 05:48:14', '2023-08-15 05:48:14'),
(833, '18S82', 18, '6', 'Tempurejo', 'SHP 38,39', '124800', '809', '...', NULL, '2023-08-15 05:48:14', '2023-08-15 05:48:14'),
(834, '18S83', 18, '7', 'Tempurejo', 'SHP 38,39', '124800', '809', '...', NULL, '2023-08-15 05:48:14', '2023-08-15 05:48:14'),
(835, '18S84', 18, '8', 'Tempurejo', 'SHP 38,39', '124800', '809', '...', NULL, '2023-08-15 05:48:14', '2023-08-15 05:48:14'),
(836, '18S85', 18, '9', 'Tempurejo', 'SHP 38,39', '124800', '809', '...', NULL, '2023-08-15 05:48:14', '2023-08-15 05:48:14'),
(837, '18S86', 18, '10', 'Tempurejo', 'SHP 38,39', '124800', '809', '...', NULL, '2023-08-15 05:48:14', '2023-08-15 05:48:14'),
(838, '18S87', 18, '1', 'Tempurejo', 'SHP 35,41', '1348000', '890', '...', NULL, '2023-08-15 05:48:14', '2023-08-15 05:48:14'),
(839, '18S88', 18, '2', 'Tempurejo', 'SHP 35,41', '1348000', '890', '...', NULL, '2023-08-15 05:48:14', '2023-08-15 05:48:14'),
(840, '18S89', 18, '3', 'Tempurejo', 'SHP 35,41', '1348000', '890', '...', NULL, '2023-08-15 05:48:14', '2023-08-15 05:48:14'),
(841, '18S9', 18, '1', 'Tempurejo', 'Seb SHP 12', '1127000', '860', 'Luas keseluruhan 4.320 M² Sebagian seluas 1.600 M²  utk lap mini SD Tempurejo 2', NULL, '2023-08-15 05:48:14', '2023-08-15 05:48:14'),
(842, '18S90', 18, '4', 'Tempurejo', 'SHP 35,41', '1348000', '890', '...', NULL, '2023-08-15 05:48:14', '2023-08-15 05:48:14'),
(843, '18S91', 18, '5', 'Tempurejo', 'SHP 35,41', '1348000', '890', '...', NULL, '2023-08-15 05:48:14', '2023-08-15 05:48:14'),
(844, '18S92', 18, '1', 'Tempurejo', 'Seb. SHP 10', '1466150', '1041', 'Luas keseluruhan 6.225 M² Sebagian utk TK DW II Tempurejo, 1.600 M²', NULL, '2023-08-15 05:48:14', '2023-08-15 05:48:14'),
(845, '18S93', 18, '2', 'Tempurejo', 'Seb. SHP 10', '1466900', '1042', '...', NULL, '2023-08-15 05:48:14', '2023-08-15 05:48:14'),
(846, '18S94', 18, '3', 'Tempurejo', 'Seb. SHP 10', '1466900', '1042', '...', NULL, '2023-08-15 05:48:14', '2023-08-15 05:48:14'),
(847, '18S95', 18, '1', 'Tempurejo', 'SHP 12', '1197000', '1210', '...', NULL, '2023-08-15 05:48:14', '2023-08-15 05:48:14'),
(848, '18S96', 18, '2', 'Tempurejo', 'SHP 12', '1197000', '1210', '...', NULL, '2023-08-15 05:48:14', '2023-08-15 05:48:14'),
(849, '18S97', 18, '1', 'Tempurejo', 'SHP 25', '9342100', '7413', '...', NULL, '2023-08-15 05:48:14', '2023-08-15 05:48:14'),
(850, '18S98', 18, '1', 'Tempurejo', 'SHP 8', '9941500', '7560', '...', NULL, '2023-08-15 05:48:14', '2023-08-15 05:48:14'),
(851, '18S99', 18, '1', 'Tempurejo', 'SHP 15', '7534500', '6160', '...', NULL, '2023-08-15 05:48:14', '2023-08-15 05:48:14'),
(852, '19S1', 19, '1', 'Kel. Betet', 'HP 58', '1911746', '288', 'Tegal Kidul Sumur Bor', NULL, '2023-08-15 05:48:14', '2023-08-15 05:48:14'),
(853, '19S10', 19, '10', 'Kel. Betet', 'HP 58', '1911746', '288', 'Tegal Kidul Sumur Bor', NULL, '2023-08-15 05:48:14', '2023-08-15 05:48:14'),
(854, '19S100', 19, '2', 'Kel. Betet', 'SHP 45', '219128', '1820', 'Ex. Mudji,Tegalan', NULL, '2023-08-15 05:48:14', '2023-08-15 05:48:14'),
(855, '19S101', 19, '1', 'Kel. Betet', 'SHP 28', '2050000', '2065', 'Bekas Garapan juru Kunci', NULL, '2023-08-15 05:48:14', '2023-08-15 05:48:14'),
(856, '19S11', 19, '11', 'Kel. Betet', 'HP 58', '198380', '1635', 'Tegal Kidul Sumur Bor', NULL, '2023-08-15 05:48:14', '2023-08-15 05:48:14'),
(857, '19S12', 19, '12', 'Kel. Betet', 'HP 58', '198380', '1635', 'Tegal Kidul Sumur Bor', NULL, '2023-08-15 05:48:14', '2023-08-15 05:48:14'),
(858, '19S13', 19, '8', 'Kel. Betet', 'HP 58', '198380', '1635', 'Tegal Kidul Sumur Bor', NULL, '2023-08-15 05:48:14', '2023-08-15 05:48:14'),
(859, '19S14', 19, '1', 'Kel. Betet', 'Seb. HP 61,SHP 49', '2120000', '1634', 'SHP 61 luas 1.998 M² digunakan untuk kantor kelurahan baru ', NULL, '2023-08-15 05:48:14', '2023-08-15 05:48:14'),
(860, '19S15', 19, '2', 'Kel. Betet', 'Seb. HP 61,SHP 49', '2120000', '1634', 'SHP 61 luas 1.998 M² digunakan untuk kantor kelurahan baru ', NULL, '2023-08-15 05:48:14', '2023-08-15 05:48:14'),
(861, '19S16', 19, '3', 'Kel. Betet', 'Seb. HP 61,SHP 49', '2120000', '1634', 'Sawah Ngarepan', NULL, '2023-08-15 05:48:14', '2023-08-15 05:48:14'),
(862, '19S17', 19, '4', 'Kel. Betet', 'Seb. HP 61,SHP 49', '2120000', '1634', 'Sawah Ngarepan', NULL, '2023-08-15 05:48:14', '2023-08-15 05:48:14'),
(863, '19S18', 19, '5', 'Kel. Betet', 'Seb. HP 61,SHP 49', '2120000', '1634', 'Sawah Ngarepan', NULL, '2023-08-15 05:48:14', '2023-08-15 05:48:14'),
(864, '19S19', 19, '6', 'Kel. Betet', 'Seb. HP 61,SHP 49', '2120000', '1634', 'Sawah Ngarepan', NULL, '2023-08-15 05:48:15', '2023-08-15 05:48:15'),
(865, '19S2', 19, '2', 'Kel. Betet', 'HP 58', '1911746', '288', 'Tegal Kidul Sumur Bor', NULL, '2023-08-15 05:48:15', '2023-08-15 05:48:15'),
(866, '19S20', 19, '7', 'Kel. Betet', 'Seb. HP 61,SHP 49', '2120000', '1634', 'Sawah Ngarepan', NULL, '2023-08-15 05:48:15', '2023-08-15 05:48:15'),
(867, '19S21', 19, '8', 'Kel. Betet', 'Seb. HP 61,SHP 49', '2120000', '1634', 'Sawah Ngarepan', NULL, '2023-08-15 05:48:15', '2023-08-15 05:48:15'),
(868, '19S22', 19, '9', 'Kel. Betet', 'Seb. HP 61,SHP 49', '2120000', '1634', 'Sawah Ngarepan', NULL, '2023-08-15 05:48:15', '2023-08-15 05:48:15'),
(869, '19S23', 19, '10', 'Kel. Betet', 'Seb. HP 61,SHP 49', '2120000', '1634', 'Sawah Ngarepan', NULL, '2023-08-15 05:48:15', '2023-08-15 05:48:15'),
(870, '19S24', 19, '11', 'Kel. Betet', 'Seb. HP 61,SHP 49', '2120000', '1634', 'Sawah Ngarepan', NULL, '2023-08-15 05:48:15', '2023-08-15 05:48:15'),
(871, '19S25', 19, '12', 'Kel. Betet', 'Seb. HP 61,SHP 49', '2120000', '1634', 'Sawah Ngarepan', NULL, '2023-08-15 05:48:15', '2023-08-15 05:48:15'),
(872, '19S26', 19, '8', 'Kel. Betet', 'Seb. HP 61,SHP 49', '2120000', '1634', 'Sawah Ngarepan', NULL, '2023-08-15 05:48:15', '2023-08-15 05:48:15'),
(873, '19S27', 19, '14', 'Kel. Betet', 'Seb. HP 61,SHP 49', '2120000', '1625', 'Sawah Ngarepan', NULL, '2023-08-15 05:48:15', '2023-08-15 05:48:15'),
(874, '19S28', 19, '10', 'Kel. Betet', 'Seb. HP 61,SHP 49', '2120000', '2410', 'Sawah Ngarepan', NULL, '2023-08-15 05:48:15', '2023-08-15 05:48:15'),
(875, '19S29', 19, '11', 'Kel. Betet', 'Seb. HP 61,SHP 49', '2120000', '2410', 'Sawah Ngarepan', NULL, '2023-08-15 05:48:15', '2023-08-15 05:48:15'),
(876, '19S3', 19, '3', 'Kel. Betet', 'HP 58', '1911746', '288', 'Tegal Kidul Sumur Bor', NULL, '2023-08-15 05:48:15', '2023-08-15 05:48:15'),
(877, '19S30', 19, '12', 'Kel. Betet', 'Seb. HP 61,SHP 49', '2120000', '1915', 'Sawah Ngarepan', NULL, '2023-08-15 05:48:15', '2023-08-15 05:48:15'),
(878, '19S31', 19, '13', 'Kel. Betet', 'Seb. HP 61,SHP 49', '2120000', '1915', 'Sawah Ngarepan', NULL, '2023-08-15 05:48:15', '2023-08-15 05:48:15'),
(879, '19S32', 19, '14', 'Kel. Betet', 'Seb. HP 61,SHP 49', '2120000', '1915', 'Sawah Ngarepan', NULL, '2023-08-15 05:48:15', '2023-08-15 05:48:15'),
(880, '19S33', 19, '15', 'Kel. Betet', 'Seb. HP 61,SHP 49', '2120000', '1915', 'Sawah Ngarepan', NULL, '2023-08-15 05:48:15', '2023-08-15 05:48:15'),
(881, '19S34', 19, '16', 'Kel. Betet', 'Seb. HP 61,SHP 49', '2120000', '2160', 'Sawah Ngarepan', NULL, '2023-08-15 05:48:15', '2023-08-15 05:48:15'),
(882, '19S35', 19, '17', 'Kel. Betet', 'Seb. HP 61,SHP 49', '2120000', '2160', 'Sawah Ngarepan', NULL, '2023-08-15 05:48:15', '2023-08-15 05:48:15'),
(883, '19S36', 19, '1', 'Kel. Betet', 'HP 43', '2157991', '1873', 'Tegalan, Ex Darin', NULL, '2023-08-15 05:48:15', '2023-08-15 05:48:15'),
(884, '19S37', 19, '2', 'Kel. Betet', 'HP 43', '2157991', '1873', 'Tegalan, Ex Darin', NULL, '2023-08-15 05:48:15', '2023-08-15 05:48:15'),
(885, '19S38', 19, '3', 'Kel. Betet', 'HP 43', '2157419', '1872', 'Tegalan, Ex Darin', NULL, '2023-08-15 05:48:15', '2023-08-15 05:48:15'),
(886, '19S39', 19, '4', 'Kel. Betet', 'HP 43', '2157419', '1872', 'Tegalan, Ex Darin', NULL, '2023-08-15 05:48:15', '2023-08-15 05:48:15'),
(887, '19S4', 19, '4', 'Kel. Betet', 'HP 58', '1911746', '288', 'Tegal Kidul Sumur Bor', NULL, '2023-08-15 05:48:15', '2023-08-15 05:48:15'),
(888, '19S40', 19, '1', 'Kel. Betet', 'HP 42', '2000802', '1656', 'Tegalan, Ex Rohman', NULL, '2023-08-15 05:48:15', '2023-08-15 05:48:15'),
(889, '19S41', 19, '2', 'Kel. Betet', 'HP 42', '2000802', '1656', 'Tegalan, Ex Rohman', NULL, '2023-08-15 05:48:15', '2023-08-15 05:48:15'),
(890, '19S42', 19, '3', 'Kel. Betet', 'HP 42', '2000802', '1656', 'Tegalan, Ex Rohman', NULL, '2023-08-15 05:48:15', '2023-08-15 05:48:15'),
(891, '19S43', 19, '4', 'Kel. Betet', 'HP 42', '2000802', '1656', 'Tegalan, Ex Rohman', NULL, '2023-08-15 05:48:15', '2023-08-15 05:48:15'),
(892, '19S44', 19, '5', 'Kel. Betet', 'HP 42', '2000802', '1656', 'Tegalan, Ex Rohman', NULL, '2023-08-15 05:48:15', '2023-08-15 05:48:15'),
(893, '19S45', 19, '1', 'Kel. Betet', 'HP 41', '2114256', '1813', 'Ex Jawar', NULL, '2023-08-15 05:48:15', '2023-08-15 05:48:15'),
(894, '19S46', 19, '2', 'Kel. Betet', 'HP 41', '2114256', '1813', 'Ex Jawar', NULL, '2023-08-15 05:48:15', '2023-08-15 05:48:15'),
(895, '19S47', 19, '3', 'Kel. Betet', 'HP 41', '2114256', '1813', 'Ex Jawar', NULL, '2023-08-15 05:48:15', '2023-08-15 05:48:15'),
(896, '19S48', 19, '4', 'Kel. Betet', 'HP 41', '2114256', '1813', 'Ex Jawar', NULL, '2023-08-15 05:48:15', '2023-08-15 05:48:15'),
(897, '19S49', 19, '5', 'Kel. Betet', 'HP 41', '2114256', '1813', 'Ex Jawar', NULL, '2023-08-15 05:48:15', '2023-08-15 05:48:15'),
(898, '19S5', 19, '5', 'Kel. Betet', 'HP 58', '1911746', '288', 'Tegal Kidul Sumur Bor', NULL, '2023-08-15 05:48:15', '2023-08-15 05:48:15'),
(899, '19S50', 19, '1', 'Kel. Betet', 'HP 35', '2775000', '1802', 'Lor Omah Betet, EX JAWAR', NULL, '2023-08-15 05:48:15', '2023-08-15 05:48:15'),
(900, '19S51', 19, '2', 'Kel. Betet', 'HP 35', '2775000', '1802', 'Lor Omah Betet, EX JAWAR', NULL, '2023-08-15 05:48:15', '2023-08-15 05:48:15'),
(901, '19S52', 19, '3', 'Kel. Betet', 'HP 35', '2775000', '1802', 'Lor Omah Betet, EX JAWAR', NULL, '2023-08-15 05:48:15', '2023-08-15 05:48:15'),
(902, '19S53', 19, '4', 'Kel. Betet', 'HP 35', '2775000', '1803', 'Lor Omah Betet, EX JAWAR', NULL, '2023-08-15 05:48:15', '2023-08-15 05:48:15'),
(903, '19S54', 19, '5', 'Kel. Betet', 'HP 35', '2775000', '1803', 'Lor Omah Betet, EX JAWAR', NULL, '2023-08-15 05:48:15', '2023-08-15 05:48:15'),
(904, '19S55', 19, '6', 'Kel. Betet', 'HP 35', '2775000', '1803', 'Lor Omah Betet, EX JAWAR', NULL, '2023-08-15 05:48:15', '2023-08-15 05:48:15'),
(905, '19S56', 19, '1', 'Kel. Betet', 'HP 39', '2075000', '1648', ' Lor omah Betet,EX DARIN', NULL, '2023-08-15 05:48:15', '2023-08-15 05:48:15'),
(906, '19S57', 19, '2', 'Kel. Betet', 'HP 39', '2075000', '1648', ' Lor omah Betet,EX DARIN', NULL, '2023-08-15 05:48:15', '2023-08-15 05:48:15'),
(907, '19S58', 19, '3', 'Kel. Betet', 'HP 39', '2075000', '1649', ' Lor omah Betet,EX DARIN', NULL, '2023-08-15 05:48:15', '2023-08-15 05:48:15'),
(908, '19S59', 19, '4', 'Kel. Betet', 'HP 39', '2075000', '1648', 'Ex. MUDJI (lor omah)', NULL, '2023-08-15 05:48:15', '2023-08-15 05:48:15'),
(909, '19S6', 19, '6', 'Kel. Betet', 'HP 58', '1911746', '288', 'Tegal Kidul Sumur Bor', NULL, '2023-08-15 05:48:15', '2023-08-15 05:48:15'),
(910, '19S60', 19, '5', 'Kel. Betet', 'HP 39', '2075000', '1648', 'Ex. MUDJI (lor omah)', NULL, '2023-08-15 05:48:15', '2023-08-15 05:48:15'),
(911, '19S61', 19, '6', 'Kel. Betet', 'HP 39', '2075000', '1648', 'Ex. MUDJI (lor omah)', NULL, '2023-08-15 05:48:15', '2023-08-15 05:48:15'),
(912, '19S62', 19, '1', 'Kel. Betet', 'HP 37', '2120000', '1618', 'EX MUJIONO (LOR OMAH)', NULL, '2023-08-15 05:48:15', '2023-08-15 05:48:15'),
(913, '19S63', 19, '2', 'Kel. Betet', 'HP 37', '2120000', '1618', 'EX MUJIONO (LOR OMAH)', NULL, '2023-08-15 05:48:15', '2023-08-15 05:48:15'),
(914, '19S64', 19, '3', 'Kel. Betet', 'HP 37', '2120000', '1618', 'EX MUJIONO (LOR OMAH)', NULL, '2023-08-15 05:48:15', '2023-08-15 05:48:15'),
(915, '19S65', 19, '4', 'Kel. Betet', 'HP 37', '2120000', '1618', 'EX MUJIONO (LOR OMAH)', NULL, '2023-08-15 05:48:15', '2023-08-15 05:48:15'),
(916, '19S66', 19, '5', 'Kel. Betet', 'HP 37', '2120000', '1618', 'EX MUJIONO (LOR OMAH)', NULL, '2023-08-15 05:48:15', '2023-08-15 05:48:15'),
(917, '19S67', 19, '6', 'Kel. Betet', 'HP 37', '2120000', '1620', 'EX MUJIONO (LOR OMAH)', NULL, '2023-08-15 05:48:15', '2023-08-15 05:48:15'),
(918, '19S68', 19, '1', 'Kel. Betet', 'HP 35', '2675000', '2182', 'Sawah Mathokan', NULL, '2023-08-15 05:48:15', '2023-08-15 05:48:15'),
(919, '19S69', 19, '2', 'Kel. Betet', 'HP 35', '2675000', '2182', 'Sawah Mathokan', NULL, '2023-08-15 05:48:15', '2023-08-15 05:48:15'),
(920, '19S7', 19, '7', 'Kel. Betet', 'HP 58', '1911746', '288', 'Tegal Kidul Sumur Bor', NULL, '2023-08-15 05:48:15', '2023-08-15 05:48:15'),
(921, '19S70', 19, '3', 'Kel. Betet', 'HP 35', '2675000', '2182', 'Sawah Mathokan', NULL, '2023-08-15 05:48:15', '2023-08-15 05:48:15'),
(922, '19S71', 19, '4', 'Kel. Betet', 'HP 35', '2675000', '2182', 'Sawah Mathokan', NULL, '2023-08-15 05:48:15', '2023-08-15 05:48:15'),
(923, '19S72', 19, '5', 'Kel. Betet', 'HP 35', '2675000', '2182', 'Sawah Mathokan', NULL, '2023-08-15 05:48:15', '2023-08-15 05:48:15'),
(924, '19S73', 19, '6', 'Kel. Betet', 'HP 35', '2675000', '2180', 'Sawah Mathokan', NULL, '2023-08-15 05:48:15', '2023-08-15 05:48:15'),
(925, '19S74', 19, '1', 'Kel. Betet', 'HP 34', '2820000', '1804', 'Sawah Mathokan', NULL, '2023-08-15 05:48:15', '2023-08-15 05:48:15'),
(926, '19S75', 19, '2', 'Kel. Betet', 'HP 34', '2820000', '1803', 'Sawah Mathokan', NULL, '2023-08-15 05:48:15', '2023-08-15 05:48:15'),
(927, '19S76', 19, '3', 'Kel. Betet', 'HP 34', '2820000', '1803', 'Sawah Mathokan', NULL, '2023-08-15 05:48:15', '2023-08-15 05:48:15'),
(928, '19S77', 19, '1', 'Kel. Betet', 'Seb. HP 28', '2720000', '2160', 'Sawah Mathokan', NULL, '2023-08-15 05:48:15', '2023-08-15 05:48:15'),
(929, '19S78', 19, '2', 'Kel. Betet', 'Seb. HP 28', '2720000', '2160', 'Sawah Mathokan', NULL, '2023-08-15 05:48:15', '2023-08-15 05:48:15'),
(930, '19S79', 19, '3', 'Kel. Betet', 'Seb. HP 28', '2720000', '2160', 'Sawah Mathokan', NULL, '2023-08-15 05:48:15', '2023-08-15 05:48:15'),
(931, '19S8', 19, '8', 'Kel. Betet', 'HP 58', '1911746', '288', 'Tegal Kidul Sumur Bor', NULL, '2023-08-15 05:48:15', '2023-08-15 05:48:15'),
(932, '19S80', 19, '4', 'Kel. Betet', 'Seb. HP 28', '2720000', '2160', 'Sawah Mathokan', NULL, '2023-08-15 05:48:15', '2023-08-15 05:48:15'),
(933, '19S81', 19, '5', 'Kel. Betet', 'Seb. HP 28', '2720000', '2160', 'Sawah Mathokan', NULL, '2023-08-15 05:48:15', '2023-08-15 05:48:15'),
(934, '19S82', 19, '1', 'Kel. Betet', 'HP 26', '2075000', '1994', 'Tegal Kidul Omah,DEPAN PABRIK', NULL, '2023-08-15 05:48:15', '2023-08-15 05:48:15'),
(935, '19S83', 19, '2', 'Kel. Betet', 'HP 26', '2075000', '1994', 'Tegal Kidul Omah,DEPAN PABRIK', NULL, '2023-08-15 05:48:15', '2023-08-15 05:48:15'),
(936, '19S84', 19, '3', 'Kel. Betet', 'HP 26', '2075000', '1994', 'Tegal Kidul Omah,DEPAN PABRIK', NULL, '2023-08-15 05:48:15', '2023-08-15 05:48:15'),
(937, '19S85', 19, '4', 'Kel. Betet', 'HP 26', '2075000', '1993', 'Tegal Kidul Omah,DEPAN PABRIK', NULL, '2023-08-15 05:48:15', '2023-08-15 05:48:15'),
(938, '19S86', 19, '1', 'Kel. Betet', 'HP 25', '2086471', '188', 'Tegal Kidul Omah,EX TIRTO', NULL, '2023-08-15 05:48:15', '2023-08-15 05:48:15'),
(939, '19S87', 19, '2', 'Kel. Betet', 'HP 25', '2086471', '188', 'Tegal Kidul Omah,EX TIRTO', NULL, '2023-08-15 05:48:15', '2023-08-15 05:48:15'),
(940, '19S88', 19, '3', 'Kel. Betet', 'HP 25', '2086471', '188', 'Tegal Kidul Omah,EX TIRTO', NULL, '2023-08-15 05:48:15', '2023-08-15 05:48:15'),
(941, '19S89', 19, '4', 'Kel. Betet', 'HP 25', '2085904', '1812', 'Tegal Kidul Omah,EX TIRTO', NULL, '2023-08-15 05:48:15', '2023-08-15 05:48:15'),
(942, '19S9', 19, '9', 'Kel. Betet', 'HP 58', '1911746', '288', 'Tegal Kidul Sumur Bor', NULL, '2023-08-15 05:48:15', '2023-08-15 05:48:15'),
(943, '19S90', 19, '5', 'Kel. Betet', 'HP 25', '2085904', '1812', 'Tegal Kidul Omah,EX TIRTO', NULL, '2023-08-15 05:48:15', '2023-08-15 05:48:15'),
(944, '19S91', 19, '6', 'Kel. Betet', 'HP 25', '2085904', '1812', 'Tegal Kidul Omah,EX TIRTO', NULL, '2023-08-15 05:48:15', '2023-08-15 05:48:15'),
(945, '19S92', 19, '1', 'Kel. Betet', 'HP 52', '1942411', '1648', 'barat Lingkungan Dadapan', NULL, '2023-08-15 05:48:15', '2023-08-15 05:48:15'),
(946, '19S93', 19, '2', 'Kel. Betet', 'HP 52', '1942411', '1648', 'barat Lingkungan Dadapan', NULL, '2023-08-15 05:48:15', '2023-08-15 05:48:15'),
(947, '19S94', 19, '3', 'Kel. Betet', 'HP 52', '1943483', '1649', 'barat Lingkungan Dadapan', NULL, '2023-08-15 05:48:15', '2023-08-15 05:48:15'),
(948, '19S95', 19, '1', 'Kel. Betet', 'SHP 50', '2847925', '2460', 'Ex. Mudji, SelatanTown house', NULL, '2023-08-15 05:48:15', '2023-08-15 05:48:15'),
(949, '19S96', 19, '1', 'Kel. Betet', 'SHP 32', '2170780', '1806', 'Ex. Mudji,Mathokan', NULL, '2023-08-15 05:48:15', '2023-08-15 05:48:15'),
(950, '19S97', 19, '2', 'Kel. Betet', 'SHP 32', '2170780', '1806', 'Ex. Mudji,Mathokan', NULL, '2023-08-15 05:48:15', '2023-08-15 05:48:15'),
(951, '19S98', 19, '3', 'Kel. Betet', 'SHP 32', '2170780', '1806', 'Ex. Mudji,Mathokan', NULL, '2023-08-15 05:48:15', '2023-08-15 05:48:15'),
(952, '19S99', 19, '1', 'Kel. Betet', 'SHP 45', '219128', '1820', 'Ex. Mudji,Tegalan', NULL, '2023-08-15 05:48:15', '2023-08-15 05:48:15'),
(953, '20S1', 20, '1', 'Kel. Bawang', 'SHP 35', '6871600', '5528', '...', NULL, '2023-08-15 05:48:15', '2023-08-15 05:48:15'),
(954, '20S10', 20, '2', 'Kel. Bawang', 'SHP 35', '684600', '5028', '...', NULL, '2023-08-15 05:48:15', '2023-08-15 05:48:15'),
(955, '20S11', 20, '1', 'Kel. Bawang', 'SHP 42', '1247500', '1420', '...', NULL, '2023-08-15 05:48:15', '2023-08-15 05:48:15'),
(956, '20S12', 20, '1', 'Kel. Bawang', 'SHP 43', '9543500', '7870', '...', NULL, '2023-08-15 05:48:15', '2023-08-15 05:48:15'),
(957, '20S13', 20, '1', 'Kel. Bawang', 'SHP 45', '8613500', '7095', '...', NULL, '2023-08-15 05:48:16', '2023-08-15 05:48:16'),
(958, '20S14', 20, '1', 'Kel. Bawang', 'SHP 46', '1435000', '1075', '...', NULL, '2023-08-15 05:48:16', '2023-08-15 05:48:16'),
(959, '20S15', 20, '1', 'Kel. Bawang', 'SHP 47', '7715000', '6350', '...', NULL, '2023-08-15 05:48:16', '2023-08-15 05:48:16'),
(960, '20S16', 20, '1', 'Kel. Bawang', 'SHP 48', '582000', '475', '...', NULL, '2023-08-15 05:48:16', '2023-08-15 05:48:16'),
(961, '20S17', 20, '1', 'Kel. Bawang', 'SHP 50', '9815000', '8100', '...', NULL, '2023-08-15 05:48:16', '2023-08-15 05:48:16'),
(962, '20S18', 20, '1', 'Kel. Bawang', 'SHP 52', '10216500', '8435', '...', NULL, '2023-08-15 05:48:16', '2023-08-15 05:48:16'),
(963, '20S19', 20, '1', 'Kel. Bawang', 'SHP 53', '7555900', '6087', '...', NULL, '2023-08-15 05:48:16', '2023-08-15 05:48:16'),
(964, '20S2', 20, '2', 'Kel. Bawang', 'SHP 35', '6871350', '5527', '...', NULL, '2023-08-15 05:48:16', '2023-08-15 05:48:16'),
(965, '20S20', 20, '2', 'Kel. Bawang', 'SHP 53', '7556600', '6088', '...', NULL, '2023-08-15 05:48:16', '2023-08-15 05:48:16'),
(966, '20S21', 20, '1', 'Kel. Bawang', 'SHP 54', '9618500', '8105', '...', NULL, '2023-08-15 05:48:16', '2023-08-15 05:48:16'),
(967, '20S22', 20, '1', 'Kel. Bawang', 'SHP 56', '8656000', '780', '...', NULL, '2023-08-15 05:48:16', '2023-08-15 05:48:16'),
(968, '20S23', 20, '1', 'Kel. Bawang', 'SHP 57', '9313500', '7715', '...', NULL, '2023-08-15 05:48:16', '2023-08-15 05:48:16'),
(969, '20S24', 20, '1', 'Kel. Bawang', 'SHP 58', '6010000', '4820', '...', NULL, '2023-08-15 05:48:16', '2023-08-15 05:48:16'),
(970, '20S25', 20, '1', 'Kel. Bawang', 'Seb. SHP 59', '7052000', '5675', 'Luas keseluruhan 5.955 M2 untuk balai RW 280 M2', NULL, '2023-08-15 05:48:16', '2023-08-15 05:48:16'),
(971, '20S26', 20, '1', 'Kel. Bawang', 'SHP 60', '1355500', '1010', '...', NULL, '2023-08-15 05:48:16', '2023-08-15 05:48:16'),
(972, '20S27', 20, '1', 'Kel. Bawang', 'SHP 61', '8546000', '11155', '...', NULL, '2023-08-15 05:48:16', '2023-08-15 05:48:16'),
(973, '20S28', 20, '1', 'Kel. Bawang', 'SHP 62', '8348500', '7015', '...', NULL, '2023-08-15 05:48:16', '2023-08-15 05:48:16'),
(974, '20S29', 20, '1', 'Kel. Bawang', 'SHP 63', '10279500', '8260', '...', NULL, '2023-08-15 05:48:16', '2023-08-15 05:48:16'),
(975, '20S3', 20, '1', 'Kel. Bawang', 'SHP 31', '5646350', '4527', '...', NULL, '2023-08-15 05:48:16', '2023-08-15 05:48:16'),
(976, '20S30', 20, '2', 'Kel. Bawang', 'SHP 63', '10279500', '8260', '...', NULL, '2023-08-15 05:48:16', '2023-08-15 05:48:16'),
(977, '20S31', 20, '1', 'Kel. Bawang', 'SHP 64', '5759000', '4615', '...', NULL, '2023-08-15 05:48:16', '2023-08-15 05:48:16'),
(978, '20S32', 20, '1', 'Kel. Bawang', 'SHP 65', '14241500', '11085', '...', NULL, '2023-08-15 05:48:16', '2023-08-15 05:48:16'),
(979, '20S33', 20, '1', 'Kel. Bawang', 'Seb. SHP 66', '3503500', '3245', 'untuk TPS 1.000 M2, Seluas 3500 M2 bekas juru kunci(bidang 1 dan 2)', NULL, '2023-08-15 05:48:16', '2023-08-15 05:48:16'),
(980, '20S34', 20, '2', 'Kel. Bawang', 'Seb. SHP 66', '1125000', '1350', 'untuk TPS 1.000 M2, Seluas 3500 M2 bekas juru kunci(bidang 1 dan 2)', NULL, '2023-08-15 05:48:16', '2023-08-15 05:48:16'),
(981, '20S35', 20, '3', 'Kel. Bawang', 'Seb. SHP 66', '2015000', '1600', 'untuk TPS 1.000 M2, Seluas 3500 M2 bekas juru kunci(bidang 1 dan 2)', NULL, '2023-08-15 05:48:16', '2023-08-15 05:48:16'),
(982, '20S36', 20, '1', 'Kel. Bawang', 'SHP 68', '11658000', '10090', '...', NULL, '2023-08-15 05:48:16', '2023-08-15 05:48:16'),
(983, '20S37', 20, '1', 'Kel. Bawang', 'SHP 69', '1127100', '828', '...', NULL, '2023-08-15 05:48:16', '2023-08-15 05:48:16'),
(984, '20S38', 20, '1', 'Kel. Bawang', 'SHP 70', '10925000', '9020', '...', NULL, '2023-08-15 05:48:16', '2023-08-15 05:48:16'),
(985, '20S39', 20, '1', 'Kel. Bawang', 'SHP 71', '13559000', '1395', '...', NULL, '2023-08-15 05:48:16', '2023-08-15 05:48:16'),
(986, '20S4', 20, '2', 'Kel. Bawang', 'SHP 31', '5647100', '4528', '...', NULL, '2023-08-15 05:48:16', '2023-08-15 05:48:16'),
(987, '20S40', 20, '1', 'Kel. Bawang', 'SHP 72', '8848000', '7235', '...', NULL, '2023-08-15 05:48:16', '2023-08-15 05:48:16'),
(988, '20S41', 20, '2', 'Kel. Bawang', 'SHP 72', '8848000', '7235', '...', NULL, '2023-08-15 05:48:16', '2023-08-15 05:48:16'),
(989, '20S42', 20, '1', 'Kel. Bawang', 'SHP 73', '10256000', '8505', '...', NULL, '2023-08-15 05:48:16', '2023-08-15 05:48:16'),
(990, '20S43', 20, '1', 'Kel. Bawang', 'SHP 74', '2032000', '1520', '...', NULL, '2023-08-15 05:48:16', '2023-08-15 05:48:16'),
(991, '20S44', 20, '1', 'Kel. Bawang', 'SHP 76', '5466000', '4380', '...', NULL, '2023-08-15 05:48:16', '2023-08-15 05:48:16'),
(992, '20S45', 20, '1', 'Kel. Bawang', 'SHP 79', '14444500', '11160', '...', NULL, '2023-08-15 05:48:16', '2023-08-15 05:48:16'),
(993, '20S46', 20, '1', 'Kel. Bawang', 'SHP 82', '4353500', '3545', '...', NULL, '2023-08-15 05:48:16', '2023-08-15 05:48:16'),
(994, '20S47', 20, '1', 'Kel. Bawang', 'SHP 84', '6121500', '4915', '...', NULL, '2023-08-15 05:48:16', '2023-08-15 05:48:16'),
(995, '20S48', 20, '1', 'Kel. Bawang', 'SHP 85', '10535000', '8700', '...', NULL, '2023-08-15 05:48:16', '2023-08-15 05:48:16'),
(996, '20S49', 20, '1', 'Kel. Bawang', 'SHP 90', '8891600', '7128', '...', NULL, '2023-08-15 05:48:16', '2023-08-15 05:48:16'),
(997, '20S5', 20, '1', 'Kel. Bawang', 'SHP 37', '8710000', '7120', '...', NULL, '2023-08-15 05:48:16', '2023-08-15 05:48:16'),
(998, '20S50', 20, '2', 'Kel. Bawang', 'SHP 90', '8891600', '7128', '...', NULL, '2023-08-15 05:48:16', '2023-08-15 05:48:16'),
(999, '20S51', 20, '3', 'Kel. Bawang', 'SHP 90', '8892800', '7124', '...', NULL, '2023-08-15 05:48:16', '2023-08-15 05:48:16'),
(1000, '20S52', 20, '1', 'Kel. Bawang', 'SHP 92', '8410600', '6783', '...', NULL, '2023-08-15 05:48:16', '2023-08-15 05:48:16'),
(1001, '20S53', 20, '2', 'Kel. Bawang', 'SHP 92', '8410600', '6783', '...', NULL, '2023-08-15 05:48:16', '2023-08-15 05:48:16'),
(1002, '20S54', 20, '3', 'Kel. Bawang', 'SHP 92', '841250', '6784', '...', NULL, '2023-08-15 05:48:16', '2023-08-15 05:48:16'),
(1003, '20S55', 20, '1', 'Kel. Bawang', 'Seb. SHP 95', '10814600', '12828', 'SHP 44 luas keseluruhan 44.910 M² sebagian seluas 1.200 M² digunakan untuk jalan pertolongan dan sebagain seluas 18.055 M² dihibahkan kepada Kemenristekdikti untuk PSDKU Polinema di Kota Kediri', NULL, '2023-08-15 05:48:16', '2023-08-15 05:48:16'),
(1004, '20S56', 20, '2', 'Kel. Bawang', 'Seb. SHP 95', '1088900', '12827', 'SHP 44 luas keseluruhan 44.910 M² sebagian seluas 1.200 M² digunakan untuk jalan pertolongan dan sebagain seluas 18.055 M² dihibahkan kepada Kemenristekdikti untuk PSDKU Polinema di Kota Kediri', NULL, '2023-08-15 05:48:16', '2023-08-15 05:48:16'),
(1005, '20S57', 20, '1', 'Kel. Bawang', 'Persil 144', '860000', '1050', '...', NULL, '2023-08-15 05:48:16', '2023-08-15 05:48:16'),
(1006, '20S6', 20, '2', 'Kel. Bawang', 'SHP 37', '8710000', '7120', '...', NULL, '2023-08-15 05:48:16', '2023-08-15 05:48:16'),
(1007, '20S7', 20, '1', 'Kel. Bawang', 'SHP 38', '4560500', '3135', '...', NULL, '2023-08-15 05:48:16', '2023-08-15 05:48:16'),
(1008, '20S8', 20, '1', 'Kel. Bawang', 'SHP 39', '4213500', '3470', '...', NULL, '2023-08-15 05:48:16', '2023-08-15 05:48:16'),
(1009, '20S9', 20, '1', 'Kel. Bawang', 'SHP 35', '681350', '5027', '...', NULL, '2023-08-15 05:48:16', '2023-08-15 05:48:16'),
(1010, '21S1', 21, '1', 'Jl. Raya Bulurejo tegal kas murni (kulon omah Bulurejo)', 'Seb. SHP 62', '7475000', '4803', 'Luas keseluruhan 23.703 M2 sebagian seluas 700 M2 untuk Masjid', NULL, '2023-08-15 05:48:16', '2023-08-15 05:48:16'),
(1011, '21S10', 21, '3', 'Jl.Raya Pagut', 'SHP 60', '4900000', '2602', '...', NULL, '2023-08-15 05:48:16', '2023-08-15 05:48:16'),
(1012, '21S100', 21, '4', 'sawah Bayan II Lor omah Pagut', 'SHP 28', '5600000', '2872', '...', NULL, '2023-08-15 05:48:16', '2023-08-15 05:48:16'),
(1013, '21S101', 21, '1', 'Sawah Kasun III Lor omah Pagut', 'SHP 32', '5720000', '3443', '...', NULL, '2023-08-15 05:48:16', '2023-08-15 05:48:16'),
(1014, '21S102', 21, '2', 'Sawah Kasun III Lor omah Pagut', 'SHP 32', '5720000', '3443', '...', NULL, '2023-08-15 05:48:16', '2023-08-15 05:48:16'),
(1015, '21S103', 21, '3', 'Sawah Kasun III Lor omah Pagut', 'SHP 32', '5720000', '3443', '...', NULL, '2023-08-15 05:48:16', '2023-08-15 05:48:16'),
(1016, '21S104', 21, '4', 'Sawah Kasun III Lor omah Pagut', 'SHP 32', '5720000', '3441', '...', NULL, '2023-08-15 05:48:16', '2023-08-15 05:48:16'),
(1017, '21S105', 21, '5', 'Sawah Kasun III Lor omah Pagut', 'SHP 32', '2450000', '1200', 'harga berbeda ssuai surt dri Kelurahn', NULL, '2023-08-15 05:48:16', '2023-08-15 05:48:16'),
(1018, '21S106', 21, '1', 'Sawah Jogoboyo II Lor omah Pagut', 'SHP 26', '4800000', '2795', '...', NULL, '2023-08-15 05:48:16', '2023-08-15 05:48:16'),
(1019, '21S107', 21, '2', 'Sawah Jogoboyo II Lor omah Pagut', 'SHP 26', '4650000', '2794', '...', NULL, '2023-08-15 05:48:16', '2023-08-15 05:48:16');
INSERT INTO `tkds` (`id`, `id_tkd`, `id_kelurahan`, `bidang`, `letak`, `bukti`, `harga_dasar`, `luas`, `keterangan`, `nop`, `created_at`, `updated_at`) VALUES
(1020, '21S108', 21, '3', 'Sawah Jogoboyo II Lor omah Pagut', 'SHP 26', '5800000', '3500', '...', NULL, '2023-08-15 05:48:16', '2023-08-15 05:48:16'),
(1021, '21S109', 21, '1', 'Tegal Kasun II Lor Omah Balekambang', 'SHP 25', '5000000', '3216', '...', NULL, '2023-08-15 05:48:16', '2023-08-15 05:48:16'),
(1022, '21S11', 21, '4', 'Jl.Raya Pagut', 'SHP 60', '4700000', '2602', '...', NULL, '2023-08-15 05:48:16', '2023-08-15 05:48:16'),
(1023, '21S110', 21, '2', 'Tegal Kasun II Lor Omah Balekambang', 'SHP 25', '5000000', '3216', '...', NULL, '2023-08-15 05:48:16', '2023-08-15 05:48:16'),
(1024, '21S111', 21, '3', 'Tegal Kasun II Lor Omah Balekambang', 'SHP 25', '5000000', '3216', '...', NULL, '2023-08-15 05:48:16', '2023-08-15 05:48:16'),
(1025, '21S112', 21, '4', 'Tegal Kasun II Lor Omah Balekambang', 'SHP 25', '5000000', '3216', '...', NULL, '2023-08-15 05:48:16', '2023-08-15 05:48:16'),
(1026, '21S113', 21, '5', 'Tegal Kasun II Lor Omah Balekambang', 'SHP 25', '4550000', '3216', '...', NULL, '2023-08-15 05:48:16', '2023-08-15 05:48:16'),
(1027, '21S114', 21, '6', 'Tegal Kasun II Lor Omah Balekambang', 'SHP 25', '4550000', '3216', '...', NULL, '2023-08-15 05:48:16', '2023-08-15 05:48:16'),
(1028, '21S115', 21, '1', 'Sawah Kasun II Kulon Kantor,Jegles', 'SHP 24', '6750000', '3355', '...', NULL, '2023-08-15 05:48:16', '2023-08-15 05:48:16'),
(1029, '21S116', 21, '2', 'Sawah Kasun II Kulon Kantor,Jegles', 'SHP 24', '6750000', '3355', '...', NULL, '2023-08-15 05:48:16', '2023-08-15 05:48:16'),
(1030, '21S117', 21, '3', 'Sawah Kasun II Kulon Kantor,Jegles', 'SHP 24', '5650000', '3355', '...', NULL, '2023-08-15 05:48:16', '2023-08-15 05:48:16'),
(1031, '21S118', 21, '4', 'Sawah Kasun II Kulon Kantor,Jegles', 'SHP 24', '4700000', '3354', '...', NULL, '2023-08-15 05:48:16', '2023-08-15 05:48:16'),
(1032, '21S119', 21, '1', 'Tegal Jogoboyo II Lor omah Pagut', 'SHP 28', '5420000', '3500', '...', NULL, '2023-08-15 05:48:16', '2023-08-15 05:48:16'),
(1033, '21S12', 21, '5', 'Jl.Raya Pagut', 'SHP 60', '4700000', '2602', '...', NULL, '2023-08-15 05:48:16', '2023-08-15 05:48:16'),
(1034, '21S120', 21, '2', 'Tegal Jogoboyo II Lor omah Pagut', 'SHP 28', '5420000', '3500', '...', NULL, '2023-08-15 05:48:16', '2023-08-15 05:48:16'),
(1035, '21S121', 21, '3', 'Tegal Jogoboyo II Lor omah Pagut', 'SHP 28', '5420000', '3500', '...', NULL, '2023-08-15 05:48:16', '2023-08-15 05:48:16'),
(1036, '21S122', 21, '4', 'Tegal Jogoboyo II Lor omah Pagut', 'SHP 28', '5420000', '3499', '...', NULL, '2023-08-15 05:48:16', '2023-08-15 05:48:16'),
(1037, '21S123', 21, '5', 'Tegal Jogoboyo II Lor omah Pagut', 'SHP 28', '5420000', '3499', '...', NULL, '2023-08-15 05:48:16', '2023-08-15 05:48:16'),
(1038, '21S124', 21, '1', 'Tegal Kasun I Lor omah Pagut', 'SHP 21', '5060000', '3204', '...', NULL, '2023-08-15 05:48:16', '2023-08-15 05:48:16'),
(1039, '21S125', 21, '2', 'Tegal Kasun I Lor omah Pagut', 'SHP 21', '4600000', '3203', '...', NULL, '2023-08-15 05:48:16', '2023-08-15 05:48:16'),
(1040, '21S126', 21, '1', 'Sawah Kasun I Kulon Kantor,Jegles', 'SHP 20', '5820000', '3508', '...', NULL, '2023-08-15 05:48:16', '2023-08-15 05:48:16'),
(1041, '21S127', 21, '2', 'Sawah Kasun I Kulon Kantor,Jegles', 'SHP 20', '5820000', '3508', '...', NULL, '2023-08-15 05:48:16', '2023-08-15 05:48:16'),
(1042, '21S128', 21, '3', 'Sawah Kasun I Kulon Kantor,Jegles', 'SHP 20', '5820000', '3508', '...', NULL, '2023-08-15 05:48:16', '2023-08-15 05:48:16'),
(1043, '21S129', 21, '4', 'Sawah Kasun I Kulon Kantor,Jegles', 'SHP 20', '5820000', '3509', '...', NULL, '2023-08-15 05:48:16', '2023-08-15 05:48:16'),
(1044, '21S13', 21, '6', 'Jl.Raya Pagut', 'SHP 60', '4715000', '2602', '...', NULL, '2023-08-15 05:48:16', '2023-08-15 05:48:16'),
(1045, '21S130', 21, '1', 'Tegal Carik Kidul sumber,etan omah Balekambang', 'SHP 19', '5520000', '3572', 'Luas keseluruhan 14.287 M2 sebagian seluas 3.572 M2 digunakan utk perluasan Sumber Cakarsi', NULL, '2023-08-15 05:48:16', '2023-08-15 05:48:16'),
(1046, '21S131', 21, '2', 'Tegal Carik Kidul sumber,etan omah Balekambang', 'SHP 19', '4600000', '3572', 'Luas keseluruhan 14.287 M2 sebagian seluas 3.572 M2 digunakan utk perluasan Sumber Cakarsi', NULL, '2023-08-15 05:48:16', '2023-08-15 05:48:16'),
(1047, '21S132', 21, '3', 'Tegal Carik Kidul sumber,etan omah Balekambang', 'SHP 19', '4600000', '3571', 'Luas keseluruhan 14.287 M2 sebagian seluas 3.572 M2 digunakan utk perluasan Sumber Cakarsi', NULL, '2023-08-15 05:48:16', '2023-08-15 05:48:16'),
(1048, '21S133', 21, '1', 'Sawah Carik Kulon Kantor,Jegles', 'SHP 18', '5800000', '3500', '...', NULL, '2023-08-15 05:48:16', '2023-08-15 05:48:16'),
(1049, '21S134', 21, '2', 'Sawah Carik Kulon Kantor,Jegles', 'SHP 18', '5650000', '2774', '...', NULL, '2023-08-15 05:48:16', '2023-08-15 05:48:16'),
(1050, '21S135', 21, '3', 'Sawah Carik Kulon Kantor,Jegles', 'SHP 18', '5500000', '2773', '...', NULL, '2023-08-15 05:48:16', '2023-08-15 05:48:16'),
(1051, '21S136', 21, '1', 'Sawah etan lapangan Jogobandung,Bulurejo', 'SHP 34', '5720000', '3455', '...', NULL, '2023-08-15 05:48:17', '2023-08-15 05:48:17'),
(1052, '21S137', 21, '2', 'Sawah etan lapangan Jogobandung,Bulurejo', 'SHP 34', '5650000', '3455', '...', NULL, '2023-08-15 05:48:17', '2023-08-15 05:48:17'),
(1053, '21S138', 21, '3', 'Sawah etan lapangan Jogobandung,Bulurejo', 'SHP 34', '5650000', '3455', '...', NULL, '2023-08-15 05:48:17', '2023-08-15 05:48:17'),
(1054, '21S139', 21, '4', 'Sawah etan lapangan Jogobandung,Bulurejo', 'SHP 34', '5720000', '3455', '...', NULL, '2023-08-15 05:48:17', '2023-08-15 05:48:17'),
(1055, '21S14', 21, '7', 'Jl.Raya Pagut', 'SHP 60', '4715000', '2602', '...', NULL, '2023-08-15 05:48:17', '2023-08-15 05:48:17'),
(1056, '21S140', 21, '5', 'Sawah etan lapangan Jogobandung,Bulurejo', 'SHP 34', '5720000', '3454', '...', NULL, '2023-08-15 05:48:17', '2023-08-15 05:48:17'),
(1057, '21S141', 21, '1', 'Kulon kantor,Jegles', 'SHP  45', '2655000', '1415', 'EKS MUKAYAT', NULL, '2023-08-15 05:48:17', '2023-08-15 05:48:17'),
(1058, '21S142', 21, '1', 'Kulon kantor,Jegles', 'SHP  46', '6050000', '3911', '...', NULL, '2023-08-15 05:48:17', '2023-08-15 05:48:17'),
(1059, '21S143', 21, '1', 'Pagut', 'SHP  27', '5659500', '3414', 'EKS MUKAYAT MUDIN', NULL, '2023-08-15 05:48:17', '2023-08-15 05:48:17'),
(1060, '21S144', 21, '1', 'Etan omah Balekambang', 'SHP  47', '5882750', '3550', 'EKS MUKAYAT MUDIN', NULL, '2023-08-15 05:48:17', '2023-08-15 05:48:17'),
(1061, '21S145', 21, '2', 'Etan omah Balekambang', 'SHP  47', '5882750', '3550', 'EKS MUKAYAT MUDIN', NULL, '2023-08-15 05:48:17', '2023-08-15 05:48:17'),
(1062, '21S146', 21, '1', 'Bulurejo', 'SHP  44', '5600000', '2852', 'EKS MUKAYAT MUDIN', NULL, '2023-08-15 05:48:17', '2023-08-15 05:48:17'),
(1063, '21S147', 21, '1', 'Barat Lapangan Joko Bandung Bulurejo', 'SHP 61 SHP 35', '4608000', '3256', 'EKS KARDI, yang kembali tahun 2022', NULL, '2023-08-15 05:48:17', '2023-08-15 05:48:17'),
(1064, '21S148', 21, '2', 'Barat Lapangan Joko Bandung Bulurejo', 'SHP 61 SHP 35', '4608000', '3256', 'EKS KARDI, yang kembali tahun 2022', NULL, '2023-08-15 05:48:17', '2023-08-15 05:48:17'),
(1065, '21S149', 21, '3', 'Barat Lapangan Joko Bandung Bulurejo', 'SHP 61 SHP 35', '4608000', '3256', 'EKS KARDI, yang kembali tahun 2022', NULL, '2023-08-15 05:48:17', '2023-08-15 05:48:17'),
(1066, '21S15', 21, '8', 'Jl.Raya Pagut', 'SHP 60', '4715000', '2602', '...', NULL, '2023-08-15 05:48:17', '2023-08-15 05:48:17'),
(1067, '21S150', 21, '4', 'Barat Lapangan Joko Bandung Bulurejo', 'SHP 61 SHP 35', '4608000', '3256', 'EKS KARDI, yang kembali tahun 2022', NULL, '2023-08-15 05:48:17', '2023-08-15 05:48:17'),
(1068, '21S151', 21, '5', 'Barat Lapangan Joko Bandung Bulurejo', 'SHP 61 SHP 35', '4608000', '3256', 'EKS KARDI, yang kembali tahun 2022', NULL, '2023-08-15 05:48:17', '2023-08-15 05:48:17'),
(1069, '21S152', 21, '6', 'Barat Lapangan Joko Bandung Bulurejo', 'SHP 61 SHP 35', '4608000', '3256', 'EKS KARDI, yang kembali tahun 2022', NULL, '2023-08-15 05:48:17', '2023-08-15 05:48:17'),
(1070, '21S153', 21, '7', 'Barat Lapangan Joko Bandung Bulurejo', 'SHP 61 SHP 35', '4608000', '3256', 'EKS KARDI, yang kembali tahun 2022', NULL, '2023-08-15 05:48:17', '2023-08-15 05:48:17'),
(1071, '21S154', 21, '8', 'Barat Lapangan Joko Bandung Bulurejo', 'SHP 61 SHP 35', '4608000', '3256', 'EKS KARDI, yang kembali tahun 2022', NULL, '2023-08-15 05:48:17', '2023-08-15 05:48:17'),
(1072, '21S155', 21, '9', 'Barat Lapangan Joko Bandung Bulurejo', 'SHP 61 SHP 35', '4608000', '3256', 'EKS KARDI, yang kembali tahun 2022', NULL, '2023-08-15 05:48:17', '2023-08-15 05:48:17'),
(1073, '21S156', 21, '10', 'Barat Lapangan Joko Bandung Bulurejo', 'SHP 61 SHP 35', '4608000', '3256', 'EKS KARDI, yang kembali tahun 2022', NULL, '2023-08-15 05:48:17', '2023-08-15 05:48:17'),
(1074, '21S157', 21, '11', 'Barat Lapangan Joko Bandung Bulurejo', 'SHP 61 SHP 35', '4608000', '3256', 'EKS KARDI, yang kembali tahun 2022', NULL, '2023-08-15 05:48:17', '2023-08-15 05:48:17'),
(1075, '21S158', 21, '12', 'Barat Lapangan Joko Bandung Bulurejo', 'SHP 61 SHP 35', '4608000', '3256', 'EKS KARDI, yang kembali tahun 2022', NULL, '2023-08-15 05:48:17', '2023-08-15 05:48:17'),
(1076, '21S16', 21, '1', 'Jl. Raya Bulurejo Tegal Kasun IV Bulurejo ', 'SHP 59', '5000000', '3500', '...', NULL, '2023-08-15 05:48:17', '2023-08-15 05:48:17'),
(1077, '21S17', 21, '2', 'Jl. Raya Bulurejo Tegal Kasun IV Bulurejo ', 'SHP 59', '5000000', '3500', '...', NULL, '2023-08-15 05:48:17', '2023-08-15 05:48:17'),
(1078, '21S18', 21, '3', 'Jl. Raya Bulurejo Tegal Kasun IV Bulurejo ', 'SHP 59', '5420000', '3500', '...', NULL, '2023-08-15 05:48:17', '2023-08-15 05:48:17'),
(1079, '21S19', 21, '4', 'Jl. Raya Bulurejo Tegal Kasun IV Bulurejo ', 'SHP 59', '5420000', '3500', '...', NULL, '2023-08-15 05:48:17', '2023-08-15 05:48:17'),
(1080, '21S2', 21, '2', 'Jl. Raya Bulurejo tegal kas murni (kulon omah Bulurejo)', 'Seb. SHP 62', '4350000', '2800', 'Luas keseluruhan 23.703 M2 sebagian seluas 700 M2 untuk Masjid', NULL, '2023-08-15 05:48:17', '2023-08-15 05:48:17'),
(1081, '21S20', 21, '5', 'Jl. Raya Bulurejo Tegal Kasun IV Bulurejo ', 'SHP 59', '4600000', '3500', '...', NULL, '2023-08-15 05:48:17', '2023-08-15 05:48:17'),
(1082, '21S21', 21, '6', 'Jl. Raya Bulurejo Tegal Kasun IV Bulurejo ', 'SHP 59', '4600000', '3500', '...', NULL, '2023-08-15 05:48:17', '2023-08-15 05:48:17'),
(1083, '21S22', 21, '7', 'Jl. Raya Bulurejo Tegal Kasun IV Bulurejo ', 'SHP 59', '4450000', '2491', '...', NULL, '2023-08-15 05:48:17', '2023-08-15 05:48:17'),
(1084, '21S23', 21, '8', 'Jl. Raya Bulurejo Tegal Kasun IV Bulurejo ', 'SHP 59', '4350000', '2491', '...', NULL, '2023-08-15 05:48:17', '2023-08-15 05:48:17'),
(1085, '21S24', 21, '1', 'Blabak Tegal Kasun III Bulurejo', 'SHP 58', '4950000', '2645', '...', NULL, '2023-08-15 05:48:17', '2023-08-15 05:48:17'),
(1086, '21S25', 21, '2', 'Blabak Tegal Kasun III Bulurejo', 'SHP 58', '4950000', '2643', '...', NULL, '2023-08-15 05:48:17', '2023-08-15 05:48:17'),
(1087, '21S26', 21, '3', 'Blabak Tegal Kasun III Bulurejo', 'SHP 58', '4950000', '2643', '...', NULL, '2023-08-15 05:48:17', '2023-08-15 05:48:17'),
(1088, '21S27', 21, '4', 'Blabak Tegal Kasun III Bulurejo', 'SHP 58', '4950000', '2643', '...', NULL, '2023-08-15 05:48:17', '2023-08-15 05:48:17'),
(1089, '21S28', 21, '5', 'Blabak Tegal Kasun III Bulurejo', 'SHP 58', '4950000', '2643', '...', NULL, '2023-08-15 05:48:17', '2023-08-15 05:48:17'),
(1090, '21S29', 21, '6', 'Blabak Tegal Kasun III Bulurejo', 'SHP 58', '4950000', '2643', '...', NULL, '2023-08-15 05:48:17', '2023-08-15 05:48:17'),
(1091, '21S3', 21, '3', 'Jl. Raya Bulurejo tegal kas murni (kulon omah Bulurejo)', 'Seb. SHP 62', '4350000', '2800', 'Luas keseluruhan 23.703 M2 sebagian seluas 700 M2 untuk Masjid', NULL, '2023-08-15 05:48:17', '2023-08-15 05:48:17'),
(1092, '21S30', 21, '7', 'Blabak Tegal Kasun III Bulurejo', 'SHP 58', '4950000', '2643', '...', NULL, '2023-08-15 05:48:17', '2023-08-15 05:48:17'),
(1093, '21S31', 21, '8', 'Blabak Tegal Kasun III Bulurejo', 'SHP 58', '4950000', '2643', '...', NULL, '2023-08-15 05:48:17', '2023-08-15 05:48:17'),
(1094, '21S32', 21, '1', 'Jl Raya Pagut/ Jegles Tegal Carik belakang warung kulon omah Pagut', 'SHP 57', '5320000', '3427', '...', NULL, '2023-08-15 05:48:17', '2023-08-15 05:48:17'),
(1095, '21S33', 21, '2', 'Jl Raya Pagut/ Jegles Tegal Carik belakang warung kulon omah Pagut', 'SHP 57', '5320000', '3427', '...', NULL, '2023-08-15 05:48:17', '2023-08-15 05:48:17'),
(1096, '21S34', 21, '3', 'Jl Raya Pagut/ Jegles Tegal Carik belakang warung kulon omah Pagut', 'SHP 57', '5320000', '3427', '...', NULL, '2023-08-15 05:48:17', '2023-08-15 05:48:17'),
(1097, '21S35', 21, '4', 'Jl Raya Pagut/ Jegles Tegal Carik belakang warung kulon omah Pagut', 'SHP 57', '5320000', '3427', '...', NULL, '2023-08-15 05:48:17', '2023-08-15 05:48:17'),
(1098, '21S36', 21, '5', 'Jl Raya Pagut/ Jegles Tegal Carik belakang warung kulon omah Pagut', 'SHP 57', '5320000', '3427', '...', NULL, '2023-08-15 05:48:17', '2023-08-15 05:48:17'),
(1099, '21S37', 21, '6', 'Jl Raya Pagut/ Jegles Tegal Carik belakang warung kulon omah Pagut', 'SHP 57', '5320000', '3427', '...', NULL, '2023-08-15 05:48:17', '2023-08-15 05:48:17'),
(1100, '21S38', 21, '7', 'Jl Raya Pagut/ Jegles Tegal Carik belakang warung kulon omah Pagut', 'SHP 57', '5320000', '3427', '...', NULL, '2023-08-15 05:48:17', '2023-08-15 05:48:17'),
(1101, '21S39', 21, '1', 'Jl. Sumur Bur GG I Sawah Kades Kulon kantor(Ling.Jegles)', 'SHP 56', '6450000', '2886', '...', NULL, '2023-08-15 05:48:17', '2023-08-15 05:48:17'),
(1102, '21S4', 21, '4', 'Jl. Raya Bulurejo tegal kas murni (kulon omah Bulurejo)', 'Seb. SHP 62', '4350000', '2800', 'Luas keseluruhan 23.703 M2 sebagian seluas 700 M2 untuk Masjid', NULL, '2023-08-15 05:48:17', '2023-08-15 05:48:17'),
(1103, '21S40', 21, '2', 'Jl. Sumur Bur GG I Sawah Kades Kulon kantor(Ling.Jegles)', 'SHP 56', '5320000', '2886', '...', NULL, '2023-08-15 05:48:17', '2023-08-15 05:48:17'),
(1104, '21S41', 21, '3', 'Jl. Sumur Bur GG I Sawah Kades Kulon kantor(Ling.Jegles)', 'SHP 56', '6050000', '2886', '...', NULL, '2023-08-15 05:48:17', '2023-08-15 05:48:17'),
(1105, '21S42', 21, '4', 'Jl. Sumur Bur GG I Sawah Kades Kulon kantor(Ling.Jegles)', 'SHP 56', '6100000', '2886', '...', NULL, '2023-08-15 05:48:17', '2023-08-15 05:48:17'),
(1106, '21S43', 21, '5', 'Jl. Sumur Bur GG I Sawah Kades Kulon kantor(Ling.Jegles)', 'SHP 56', '6350000', '2886', '...', NULL, '2023-08-15 05:48:17', '2023-08-15 05:48:17'),
(1107, '21S44', 21, '6', 'Jl. Sumur Bur GG I Sawah Kades Kulon kantor(Ling.Jegles)', 'SHP 56', '8350000', '5079', '...', NULL, '2023-08-15 05:48:17', '2023-08-15 05:48:17'),
(1108, '21S45', 21, '7', 'Jl. Sumur Bur GG I Sawah Kades Kulon kantor(Ling.Jegles)', 'SHP 56', '5620000', '2886', '...', NULL, '2023-08-15 05:48:17', '2023-08-15 05:48:17'),
(1109, '21S46', 21, '8', 'Jl. Sumur Bur GG I Sawah Kades Kulon kantor(Ling.Jegles)', 'SHP 56', '2850000', '1143', '...', NULL, '2023-08-15 05:48:17', '2023-08-15 05:48:17'),
(1110, '21S47', 21, '9', 'Jl. Sumur Bur GG I Sawah Kades Kulon kantor(Ling.Jegles)', 'SHP 56', '5620000', '2885', '...', NULL, '2023-08-15 05:48:17', '2023-08-15 05:48:17'),
(1111, '21S48', 21, '10', 'Jl. Sumur Bur GG I Sawah Kades Kulon kantor(Ling.Jegles)', 'SHP 56', '5650000', '2885', '...', NULL, '2023-08-15 05:48:17', '2023-08-15 05:48:17'),
(1112, '21S49', 21, '1', 'Jl. Pinang 2 Sawah Kades Kulon SD Pagut                      ', 'SHP 54', '6210000', '3766', '...', NULL, '2023-08-15 05:48:17', '2023-08-15 05:48:17'),
(1113, '21S5', 21, '5', 'Jl. Raya Bulurejo tegal kas murni (kulon omah Bulurejo)', 'Seb. SHP 62', '4350000', '2800', 'Luas keseluruhan 23.703 M2 sebagian seluas 700 M2 untuk Masjid', NULL, '2023-08-15 05:48:17', '2023-08-15 05:48:17'),
(1114, '21S50', 21, '2', 'Jl. Pinang 2 Sawah Kades Kulon SD Pagut                      ', 'SHP 54', '6242190', '3766', '...', NULL, '2023-08-15 05:48:17', '2023-08-15 05:48:17'),
(1115, '21S51', 21, '3', 'Jl. Pinang 2 Sawah Kades Kulon SD Pagut                      ', 'SHP 54', '6200000', '3766', '...', NULL, '2023-08-15 05:48:17', '2023-08-15 05:48:17'),
(1116, '21S52', 21, '4', 'Jl. Pinang 2 Sawah Kades Kulon SD Pagut                      ', 'SHP 54', '6200000', '3766', '...', NULL, '2023-08-15 05:48:17', '2023-08-15 05:48:17'),
(1117, '21S53', 21, '5', 'Jl. Pinang 2 Sawah Kades Kulon SD Pagut                      ', 'SHP 54', '6200000', '3766', '...', NULL, '2023-08-15 05:48:17', '2023-08-15 05:48:17'),
(1118, '21S54', 21, '6', 'Jl. Pinang 2 Sawah Kades Kulon SD Pagut                      ', 'SHP 54', '6200000', '3766', '...', NULL, '2023-08-15 05:48:17', '2023-08-15 05:48:17'),
(1119, '21S55', 21, '7', 'Jl. Pinang 2 Sawah Kades Kulon SD Pagut                      ', 'SHP 54', '6200000', '3766', '...', NULL, '2023-08-15 05:48:17', '2023-08-15 05:48:17'),
(1120, '21S56', 21, '8', 'Jl. Pinang 2 Sawah Kades Kulon SD Pagut                      ', 'SHP 54', '6070000', '3766', '...', NULL, '2023-08-15 05:48:17', '2023-08-15 05:48:17'),
(1121, '21S57', 21, '9', 'Jl. Pinang 2 Sawah Kades Kulon SD Pagut                      ', 'SHP 54', '6200000', '3766', '...', NULL, '2023-08-15 05:48:17', '2023-08-15 05:48:17'),
(1122, '21S58', 21, '10', 'Jl. Pinang 2 Sawah Kades Kulon SD Pagut                      ', 'SHP 54', '6200000', '3767', '...', NULL, '2023-08-15 05:48:17', '2023-08-15 05:48:17'),
(1123, '21S59', 21, '11', 'Jl. Pinang 2 Sawah Kades Kulon SD Pagut                      ', 'SHP 54', '6200000', '3767', '...', NULL, '2023-08-15 05:48:17', '2023-08-15 05:48:17'),
(1124, '21S6', 21, '6', 'Jl. Raya Bulurejo tegal kas murni (kulon omah Bulurejo)', 'Seb. SHP 62', '4850000', '3500', 'Luas keseluruhan 23.703 M2 sebagian seluas 700 M2 untuk Masjid', NULL, '2023-08-15 05:48:17', '2023-08-15 05:48:17'),
(1125, '21S60', 21, '1', 'Jl. Pinang Gg 2 Sawah Kas Murni kidul SD Pagut', 'SHP 49', '5920000', '3564', '...', NULL, '2023-08-15 05:48:17', '2023-08-15 05:48:17'),
(1126, '21S61', 21, '2', 'Jl. Pinang Gg 2 Sawah Kas Murni kidul SD Pagut', 'SHP 49', '5920000', '3564', '...', NULL, '2023-08-15 05:48:17', '2023-08-15 05:48:17'),
(1127, '21S62', 21, '3', 'Jl. Pinang Gg 2 Sawah Kas Murni kidul SD Pagut', 'SHP 49', '5920000', '3564', '...', NULL, '2023-08-15 05:48:17', '2023-08-15 05:48:17'),
(1128, '21S63', 21, '4', 'Jl. Pinang Gg 2 Sawah Kas Murni kidul SD Pagut', 'SHP 49', '5920000', '3564', '...', NULL, '2023-08-15 05:48:17', '2023-08-15 05:48:17'),
(1129, '21S64', 21, '1', 'Jl Pinang Gg 2  Sawah Jogotirto kidul SD Pagut', 'SHP 43', '2420000', '1201', '...', NULL, '2023-08-15 05:48:17', '2023-08-15 05:48:17'),
(1130, '21S65', 21, '2', 'Jl Pinang Gg 2  Sawah Jogotirto kidul SD Pagut', 'SHP 43', '5920000', '3570', '...', NULL, '2023-08-15 05:48:17', '2023-08-15 05:48:17'),
(1131, '21S66', 21, '3', 'Jl Pinang Gg 2  Sawah Jogotirto kidul SD Pagut', 'SHP 43', '5775000', '3570', '...', NULL, '2023-08-15 05:48:17', '2023-08-15 05:48:17'),
(1132, '21S67', 21, '4', 'Jl Pinang Gg 2  Sawah Jogotirto kidul SD Pagut', 'SHP 43', '5775000', '3570', '...', NULL, '2023-08-15 05:48:17', '2023-08-15 05:48:17'),
(1133, '21S68', 21, '5', 'Jl Pinang Gg 2  Sawah Jogotirto kidul SD Pagut', 'SHP 43', '5800000', '3570', '...', NULL, '2023-08-15 05:48:17', '2023-08-15 05:48:17'),
(1134, '21S69', 21, '1', 'Jl. Bambu Sari  Tegal Jogoboyo I Lor omah Jegles', 'SHP 42', '5650000', '3887', 'Untuk PAUD dan TK 1400 M2      ', NULL, '2023-08-15 05:48:17', '2023-08-15 05:48:17'),
(1135, '21S7', 21, '7', 'Jl. Raya Bulurejo tegal kas murni (kulon omah Bulurejo)', 'Seb. SHP 62', '4850000', '3500', 'Luas keseluruhan 23.703 M2 sebagian seluas 700 M2 untuk Masjid', NULL, '2023-08-15 05:48:17', '2023-08-15 05:48:17'),
(1136, '21S70', 21, '2', 'Jl. Bambu Sari  Tegal Jogoboyo I Lor omah Jegles', 'SHP 42', '5650000', '3887', 'Untuk PAUD dan TK 1400 M2      ', NULL, '2023-08-15 05:48:17', '2023-08-15 05:48:17'),
(1137, '21S71', 21, '3', 'Jl. Bambu Sari  Tegal Jogoboyo I Lor omah Jegles', 'SHP 42', '5650000', '3887', 'Untuk PAUD dan TK 1400 M2      ', NULL, '2023-08-15 05:48:17', '2023-08-15 05:48:17'),
(1138, '21S72', 21, '4', 'Jl. Bambu Sari  Tegal Jogoboyo I Lor omah Jegles', 'SHP 42', '5650000', '3887', 'Untuk PAUD dan TK 1400 M2      ', NULL, '2023-08-15 05:48:17', '2023-08-15 05:48:17'),
(1139, '21S73', 21, '1', 'Jl. Sumur Bur Gg 1   Sawah Jogoboyo (Ling.Jegles)', 'SHP 41', '5450000', '3276', '...', NULL, '2023-08-15 05:48:17', '2023-08-15 05:48:17'),
(1140, '21S74', 21, '2', 'Jl. Sumur Bur Gg 1   Sawah Jogoboyo (Ling.Jegles)', 'SHP 41', '5450000', '3276', '...', NULL, '2023-08-15 05:48:17', '2023-08-15 05:48:17'),
(1141, '21S75', 21, '3', 'Jl. Sumur Bur Gg 1   Sawah Jogoboyo (Ling.Jegles)', 'SHP 41', '4610000', '3275', '...', NULL, '2023-08-15 05:48:17', '2023-08-15 05:48:17'),
(1142, '21S76', 21, '1', 'Tegal Bayan etan omah Pagut', 'Seb SHP 39', '5420000', '3500', '...', NULL, '2023-08-15 05:48:17', '2023-08-15 05:48:17'),
(1143, '21S77', 21, '2', 'Tegal Bayan etan omah Pagut', 'Seb SHP 39', '5420000', '3500', '...', NULL, '2023-08-15 05:48:17', '2023-08-15 05:48:17'),
(1144, '21S78', 21, '1', 'Tegal Bayan etan omah Pagut', 'SHP 38,seb SHP 39', '4550000', '2469', '...', NULL, '2023-08-15 05:48:17', '2023-08-15 05:48:17'),
(1145, '21S79', 21, '2', 'Tegal Bayan etan omah Pagut', 'SHP 38,seb SHP 39', '4550000', '2469', '...', NULL, '2023-08-15 05:48:17', '2023-08-15 05:48:17'),
(1146, '21S8', 21, '1', 'Jl.Raya Pagut', 'SHP 60', '4700000', '2602', '...', NULL, '2023-08-15 05:48:17', '2023-08-15 05:48:17'),
(1147, '21S80', 21, '3', 'Tegal Bayan etan omah Pagut', 'SHP 38,seb SHP 39', '4620000', '2469', '...', NULL, '2023-08-15 05:48:17', '2023-08-15 05:48:17'),
(1148, '21S81', 21, '4', 'Tegal Bayan etan omah Pagut', 'SHP 38,seb SHP 39', '4620000', '2469', '...', NULL, '2023-08-15 05:48:17', '2023-08-15 05:48:17'),
(1149, '21S82', 21, '5', 'Tegal Bayan etan omah Pagut', 'SHP 38,seb SHP 39', '4550000', '2469', '...', NULL, '2023-08-15 05:48:17', '2023-08-15 05:48:17'),
(1150, '21S83', 21, '6', 'Tegal Bayan etan omah Pagut', 'SHP 38,seb SHP 39', '4625000', '2469', '...', NULL, '2023-08-15 05:48:17', '2023-08-15 05:48:17'),
(1151, '21S84', 21, '1', 'Tegal Kasun I  Lor omah Jegles', 'SHP 37', '4615000', '3461', '...', NULL, '2023-08-15 05:48:17', '2023-08-15 05:48:17'),
(1152, '21S85', 21, '2', 'Tegal Kasun I  Lor omah Jegles', 'SHP 37', '4610000', '3461', '...', NULL, '2023-08-15 05:48:17', '2023-08-15 05:48:17'),
(1153, '21S86', 21, '3', 'Tegal Kasun I  Lor omah Jegles', 'SHP 37', '4610000', '3461', '...', NULL, '2023-08-15 05:48:18', '2023-08-15 05:48:18'),
(1154, '21S87', 21, '4', 'Tegal Kasun I  Lor omah Jegles', 'SHP 37', '8100000', '5218', '...', NULL, '2023-08-15 05:48:18', '2023-08-15 05:48:18'),
(1155, '21S88', 21, '5', 'Tegal Kasun I  Lor omah Jegles', 'SHP 37', '4610000', '3461', '...', NULL, '2023-08-15 05:48:18', '2023-08-15 05:48:18'),
(1156, '21S89', 21, '1', 'Tegal Bayan I Lor omah Jegles', 'SHP 31', '4610000', '3579', '...', NULL, '2023-08-15 05:48:18', '2023-08-15 05:48:18'),
(1157, '21S9', 21, '2', 'Jl.Raya Pagut', 'SHP 60', '4550000', '2602', '...', NULL, '2023-08-15 05:48:18', '2023-08-15 05:48:18'),
(1158, '21S90', 21, '2', 'Tegal Bayan I Lor omah Jegles', 'SHP 31', '4610000', '3579', '...', NULL, '2023-08-15 05:48:18', '2023-08-15 05:48:18'),
(1159, '21S91', 21, '3', 'Tegal Bayan I Lor omah Jegles', 'SHP 31', '4605000', '3579', '...', NULL, '2023-08-15 05:48:18', '2023-08-15 05:48:18'),
(1160, '21S92', 21, '4', 'Tegal Bayan I Lor omah Jegles', 'SHP 31', '5200000', '3500', 'EKS MUKAYAT', NULL, '2023-08-15 05:48:18', '2023-08-15 05:48:18'),
(1161, '21S93', 21, '5', 'Tegal Bayan I Lor omah Jegles', 'SHP 31', '5200000', '3500', 'EKS MUKAYAT', NULL, '2023-08-15 05:48:18', '2023-08-15 05:48:18'),
(1162, '21S94', 21, '1', 'Sawah Bayan I Kulon Kantor(Jegles)', 'SHP 35', '5550000', '3166', 'EKS MUKAYAT', NULL, '2023-08-15 05:48:18', '2023-08-15 05:48:18'),
(1163, '21S95', 21, '2', 'Sawah Bayan I Kulon Kantor(Jegles)', 'SHP 35', '5550000', '3500', 'EKS MUKAYAT', NULL, '2023-08-15 05:48:18', '2023-08-15 05:48:18'),
(1164, '21S96', 21, '3', 'Sawah Bayan I Kulon Kantor(Jegles)', 'SHP 35', '5550000', '3500', 'EKS MUKAYAT', NULL, '2023-08-15 05:48:18', '2023-08-15 05:48:18'),
(1165, '21S97', 21, '1', 'sawah Bayan II Lor omah Pagut', 'SHP 28', '5600000', '2873', '...', NULL, '2023-08-15 05:48:18', '2023-08-15 05:48:18'),
(1166, '21S98', 21, '2', 'sawah Bayan II Lor omah Pagut', 'SHP 28', '5600000', '2873', '...', NULL, '2023-08-15 05:48:18', '2023-08-15 05:48:18'),
(1167, '21S99', 21, '3', 'sawah Bayan II Lor omah Pagut', 'SHP 28', '5600000', '2873', '...', NULL, '2023-08-15 05:48:18', '2023-08-15 05:48:18'),
(1168, '22S1', 22, '1', 'Kel. Dermo', 'SHP 35', '2500000', '2426', ' -', NULL, '2023-08-15 05:48:18', '2023-08-15 05:48:18'),
(1169, '22S2', 22, '1', 'Kel. Dermo', 'Seb. SHP 38', '5250000', '5200', ' -', NULL, '2023-08-15 05:48:18', '2023-08-15 05:48:18'),
(1170, '22S3', 22, '1', 'Kel. Dermo', 'Seb. SHP 38', '8500000', '8420', 'Eks-Bengkok Pamong An. Puji, Alm', NULL, '2023-08-15 05:48:18', '2023-08-15 05:48:18'),
(1171, '24S1', 24, '1', 'Kel. Ngampel', 'SHP 10', '1155000', '1535', '...', NULL, '2023-08-15 05:48:18', '2023-08-15 05:48:18'),
(1172, '24S10', 24, '1', 'Kel. Bawang', 'SHP 32, SHP 28', '1050000', '4784', '...', NULL, '2023-08-15 05:48:18', '2023-08-15 05:48:18'),
(1173, '24S11', 24, '1', 'Kel. Bawang', 'SHP 34', '1615000', '1370', '...', NULL, '2023-08-15 05:48:18', '2023-08-15 05:48:18'),
(1174, '24S12', 24, '1', 'Kel. Sukorame', 'SHP 39', '2635000', '3855', '...', NULL, '2023-08-15 05:48:18', '2023-08-15 05:48:18'),
(1175, '24S13', 24, '1', 'Kel. Sukorame', 'SHP 35', '385000', '2590', '...', NULL, '2023-08-15 05:48:18', '2023-08-15 05:48:18'),
(1176, '24S14', 24, '1', 'Kel. Gayam', 'SHP 59', '2600000', '2525', '...', NULL, '2023-08-15 05:48:18', '2023-08-15 05:48:18'),
(1177, '24S15', 24, '2', 'Kel. Gayam', 'SHP 59', '2600000', '2525', '...', NULL, '2023-08-15 05:48:18', '2023-08-15 05:48:18'),
(1178, '24S16', 24, '1', 'Kel. Bujel', 'SHP 78', '2635000', '2680', '...', NULL, '2023-08-15 05:48:18', '2023-08-15 05:48:18'),
(1179, '24S17', 24, '2', 'Kel. Bujel', 'SHP 78', '2615000', '2680', '...', NULL, '2023-08-15 05:48:18', '2023-08-15 05:48:18'),
(1180, '24S18', 24, '1', 'Kel. Betet', 'SHP 53', '6110000', '4857', '...', NULL, '2023-08-15 05:48:18', '2023-08-15 05:48:18'),
(1181, '24S19', 24, '1', 'Kel. Mrican', 'SHP 52', '4645000', '2500', '...', NULL, '2023-08-15 05:48:18', '2023-08-15 05:48:18'),
(1182, '24S2', 24, '2', 'Kel. Ngampel', 'SHP 10', '1145000', '1535', '...', NULL, '2023-08-15 05:48:18', '2023-08-15 05:48:18'),
(1183, '24S20', 24, '1', 'Kel. Banyakan', 'SHP 10, SHP 11', '3850000', '4564', '...', NULL, '2023-08-15 05:48:18', '2023-08-15 05:48:18'),
(1184, '24S21', 24, '1', 'Kel. Ngablak', 'SHP 8', '1135000', '1200', '...', NULL, '2023-08-15 05:48:18', '2023-08-15 05:48:18'),
(1185, '24S22', 24, '1', 'Desa Maron', 'SHP 1', '4645000', '3257', '...', NULL, '2023-08-15 05:48:18', '2023-08-15 05:48:18'),
(1186, '24S23', 24, '1', 'Kel. Ngampel', 'SHP 26', '3480000', '3110', '...', NULL, '2023-08-15 05:48:18', '2023-08-15 05:48:18'),
(1187, '24S24', 24, '2', 'Kel. Ngampel', 'SHP 26', '3480000', '3110', '...', NULL, '2023-08-15 05:48:18', '2023-08-15 05:48:18'),
(1188, '24S25', 24, '3', 'Kel. Ngampel', 'SHP 26', '3480000', '3110', '...', NULL, '2023-08-15 05:48:18', '2023-08-15 05:48:18'),
(1189, '24S26', 24, '4', 'Kel. Ngampel', 'SHP 26', '3480000', '3110', '...', NULL, '2023-08-15 05:48:18', '2023-08-15 05:48:18'),
(1190, '24S27', 24, '5', 'Kel. Ngampel', 'SHP 26', '3480000', '3110', '...', NULL, '2023-08-15 05:48:18', '2023-08-15 05:48:18'),
(1191, '24S28', 24, '1', 'Kel. Ngampel', 'SHP 11', '1950000', '2175', '...', NULL, '2023-08-15 05:48:18', '2023-08-15 05:48:18'),
(1192, '24S29', 24, '1', 'Kel. Ngampel', 'SHP 21', '2620000', '2658', '...', NULL, '2023-08-15 05:48:18', '2023-08-15 05:48:18'),
(1193, '24S3', 24, '1', 'Kel. Ngampel', 'SHP 8', '3280000', '3180', '...', NULL, '2023-08-15 05:48:18', '2023-08-15 05:48:18'),
(1194, '24S30', 24, '2', 'Kel. Ngampel', 'SHP 21', '2620000', '2657', '...', NULL, '2023-08-15 05:48:18', '2023-08-15 05:48:18'),
(1195, '24S31', 24, '1', 'Kel. Ngampel', 'SHP 14', '2620000', '2660', '...', NULL, '2023-08-15 05:48:18', '2023-08-15 05:48:18'),
(1196, '24S32', 24, '2', 'Kel. Ngampel', 'SHP 14', '2620000', '2660', '...', NULL, '2023-08-15 05:48:18', '2023-08-15 05:48:18'),
(1197, '24S33', 24, '1', 'Kel. Ngampel', 'SHP 28, SHP 32', '1535000', '1434', '...', NULL, '2023-08-15 05:48:18', '2023-08-15 05:48:18'),
(1198, '24S34', 24, '1', 'Maron', 'SHP 2', '11015000', '5815', '...', NULL, '2023-08-15 05:48:18', '2023-08-15 05:48:18'),
(1199, '24S4', 24, '2', 'Kel. Ngampel', 'SHP 8', '3280000', '3180', '...', NULL, '2023-08-15 05:48:18', '2023-08-15 05:48:18'),
(1200, '24S5', 24, '3', 'Kel. Ngampel', 'SHP 8', '3280000', '3180', '...', NULL, '2023-08-15 05:48:18', '2023-08-15 05:48:18'),
(1201, '24S6', 24, '1', 'Kel. Ngampel', 'SHP 13', '1900000', '2835', '...', NULL, '2023-08-15 05:48:18', '2023-08-15 05:48:18'),
(1202, '24S7', 24, '2', 'Kel. Ngampel', 'Seb SHP 15', '1900000', '2835', '...', NULL, '2023-08-15 05:48:18', '2023-08-15 05:48:18'),
(1203, '24S8', 24, '1', 'Kel. Ngampel', 'SHP 18', '1895000', '1935', '...', NULL, '2023-08-15 05:48:18', '2023-08-15 05:48:18'),
(1204, '24S9', 24, '2', 'Kel. Ngampel', 'SHP 19', '1900000', '1935', '...', NULL, '2023-08-15 05:48:18', '2023-08-15 05:48:18'),
(1205, '2S1', 2, '1', 'Kel Balowerti', 'Seb. SHP 57', '1050000', '1200', 'Luas keseluruhan 25.260 M² sebagian seluas kurang lebih 1.505 M ² untuk perluasan makam, bidang 6 -12 luas di sk lama 1.828 real 1.845', NULL, '2023-08-15 05:48:18', '2023-08-15 05:48:18'),
(1206, '2S10', 2, '10', 'Kel Balowerti', 'Seb. SHP 57', '1180000', '1345', '...', NULL, '2023-08-15 05:48:18', '2023-08-15 05:48:18'),
(1207, '2S11', 2, '11', 'Kel Balowerti', 'Seb. SHP 57', '1180000', '1345', '...', NULL, '2023-08-15 05:48:18', '2023-08-15 05:48:18'),
(1208, '2S12', 2, '12', 'Kel Balowerti', 'Seb. SHP 57', '1180000', '1345', '...', NULL, '2023-08-15 05:48:18', '2023-08-15 05:48:18'),
(1209, '2S13', 2, '8', 'Kel Balowerti', 'Seb. SHP 57', '1650000', '2090', 'Luas di sk lama 1,826 real 2.590', NULL, '2023-08-15 05:48:18', '2023-08-15 05:48:18'),
(1210, '2S14', 2, '1', 'Kel Pakunden', 'SHP 02, SHP 03', '5500000', '7760', '...', NULL, '2023-08-15 05:48:18', '2023-08-15 05:48:18'),
(1211, '2S15', 2, '1', 'Kel Mrican', 'SHP 06', '1350000', '1985', '...', NULL, '2023-08-15 05:48:18', '2023-08-15 05:48:18'),
(1212, '2S16', 2, '1', 'Kel Kaliombo', 'SHP 09, SHP 10', '2750000', '3160', '...', NULL, '2023-08-15 05:48:18', '2023-08-15 05:48:18'),
(1213, '2S17', 2, '1', 'Kel Ngronggo', 'SHP 17', '2600000', '2525', '...', NULL, '2023-08-15 05:48:18', '2023-08-15 05:48:18'),
(1214, '2S18', 2, '1', 'Kel Balowerti', 'SHP 18', '1075000', '1374', '...', NULL, '2023-08-15 05:48:18', '2023-08-15 05:48:18'),
(1215, '2S19', 2, '2', 'Kel Balowerti', 'SHP 18', '1075000', '1374', '...', NULL, '2023-08-15 05:48:18', '2023-08-15 05:48:18'),
(1216, '2S2', 2, '2', 'Kel Balowerti', 'Seb. SHP 57', '1050000', '1200', '...', NULL, '2023-08-15 05:48:18', '2023-08-15 05:48:18'),
(1217, '2S20', 2, '3', 'Kel Balowerti', 'SHP 18', '1075000', '1374', '...', NULL, '2023-08-15 05:48:18', '2023-08-15 05:48:18'),
(1218, '2S21', 2, '4', 'Kel Balowerti', 'SHP 18', '1075000', '1374', '...', NULL, '2023-08-15 05:48:18', '2023-08-15 05:48:18'),
(1219, '2S22', 2, '1', 'Kel Balowerti', 'SHP 17', '1100000', '1421', '...', NULL, '2023-08-15 05:48:18', '2023-08-15 05:48:18'),
(1220, '2S23', 2, '2', 'Kel Balowerti', 'SHP 17', '1100000', '1421', '...', NULL, '2023-08-15 05:48:18', '2023-08-15 05:48:18'),
(1221, '2S24', 2, '3', 'Kel Balowerti', 'SHP 17', '1100000', '1427', '...', NULL, '2023-08-15 05:48:18', '2023-08-15 05:48:18'),
(1222, '2S25', 2, '1', 'Kel Balowerti', 'SHP 19', '1100000', '1138', '...', NULL, '2023-08-15 05:48:18', '2023-08-15 05:48:18'),
(1223, '2S26', 2, '2', 'Kel Balowerti', 'SHP 19', '1100000', '1138', '...', NULL, '2023-08-15 05:48:18', '2023-08-15 05:48:18'),
(1224, '2S27', 2, '3', 'Kel Balowerti', 'SHP 19', '1100000', '1138', '...', NULL, '2023-08-15 05:48:18', '2023-08-15 05:48:18'),
(1225, '2S28', 2, '4', 'Kel Balowerti', 'SHP 19', '1100000', '1138', '...', NULL, '2023-08-15 05:48:18', '2023-08-15 05:48:18'),
(1226, '2S29', 2, '2', 'Kel Balowerti', 'Seb. SHP 39', '900000', '1200', 'Luas Keseluruhan 18.690 M² sebagian seluas  4.690 M² untuk lapangan, sebagian untuk TPS seluas 1.750M²', NULL, '2023-08-15 05:48:18', '2023-08-15 05:48:18'),
(1227, '2S3', 2, '3', 'Kel Balowerti', 'Seb. SHP 57', '800000', '1200', '...', NULL, '2023-08-15 05:48:18', '2023-08-15 05:48:18'),
(1228, '2S30', 2, '3', 'Kel Balowerti', 'Seb. SHP 39', '750000', '1200', '...', NULL, '2023-08-15 05:48:18', '2023-08-15 05:48:18'),
(1229, '2S31', 2, '4', 'Kel Balowerti', 'Seb. SHP 39', '750000', '1200', '...', NULL, '2023-08-15 05:48:18', '2023-08-15 05:48:18'),
(1230, '2S32', 2, '5', 'Kel Balowerti', 'Seb. SHP 39', '900000', '1200', '...', NULL, '2023-08-15 05:48:18', '2023-08-15 05:48:18'),
(1231, '2S33', 2, '6', 'Kel Balowerti', 'Seb. SHP 39', '500000', '1200', 'Kurang Produktif', NULL, '2023-08-15 05:48:18', '2023-08-15 05:48:18'),
(1232, '2S34', 2, '7', 'Kel Balowerti', 'Seb. SHP 39', '350000', '1200', '...', NULL, '2023-08-15 05:48:18', '2023-08-15 05:48:18'),
(1233, '2S35', 2, '8', 'Kel Balowerti', 'Seb. SHP 39', '250000', '1100', '...', NULL, '2023-08-15 05:48:18', '2023-08-15 05:48:18'),
(1234, '2S36', 2, '1', 'Kel Balowerti', 'Seb. SHP 41', '850000', '3995', 'Luas Keseluruhan 10.652 M² sebagian seluas  2.662 M² untuk lapangan', NULL, '2023-08-15 05:48:18', '2023-08-15 05:48:18'),
(1235, '2S37', 2, '2', 'Kel Balowerti', 'Seb. SHP 41', '850000', '3995', '...', NULL, '2023-08-15 05:48:18', '2023-08-15 05:48:18'),
(1236, '2S38', 2, '1', 'Kel Balowerti', 'Seb. SHP 48', '1000000', '1056', 'Luas Keseluruhan 7.794 M² sebagian seluas  2.544 M² untuk lapangan, seluas 580 M² pelebaran jalan', NULL, '2023-08-15 05:48:18', '2023-08-15 05:48:18'),
(1237, '2S39', 2, '2', 'Kel Balowerti', 'Seb. SHP 48', '1000000', '1056', '...', NULL, '2023-08-15 05:48:18', '2023-08-15 05:48:18'),
(1238, '2S4', 2, '4', 'Kel Balowerti', 'Seb. SHP 57', '850000', '1000', '...', NULL, '2023-08-15 05:48:18', '2023-08-15 05:48:18'),
(1239, '2S40', 2, '3', 'Kel Balowerti', 'Seb. SHP 48', '1000000', '1058', '...', NULL, '2023-08-15 05:48:18', '2023-08-15 05:48:18'),
(1240, '2S41', 2, '1', 'Kel Balowerti', 'SHM 849', '200000', '1528', 'Kurang produktif', NULL, '2023-08-15 05:48:18', '2023-08-15 05:48:18'),
(1241, '2S42', 2, '2', 'Kel Balowerti', 'SHM 849', '200000', '1528', '...', NULL, '2023-08-15 05:48:18', '2023-08-15 05:48:18'),
(1242, '2S43', 2, '3', 'Kel Balowerti', 'SHM 849', '200000', '1528', '...', NULL, '2023-08-15 05:48:18', '2023-08-15 05:48:18'),
(1243, '2S44', 2, '1', 'Sumbercangkring', 'SHP 4', '12860000', '10192', '...', NULL, '2023-08-15 05:48:18', '2023-08-15 05:48:18'),
(1244, '2S45', 2, '2', 'Sumbercangkring', 'SHP 5', '12860000', '10191', '...', NULL, '2023-08-15 05:48:18', '2023-08-15 05:48:18'),
(1245, '2S46', 2, '1', 'Gampengrejo', 'SHP 6, SHP 7', '4675000', '3526', '...', NULL, '2023-08-15 05:48:18', '2023-08-15 05:48:18'),
(1246, '2S47', 2, '1', 'Bawang', 'SHP 1', '11000000', '8715', '...', NULL, '2023-08-15 05:48:18', '2023-08-15 05:48:18'),
(1247, '2S48', 2, '1', 'Bawang', 'SHP 2', '7350000', '5415', '...', NULL, '2023-08-15 05:48:18', '2023-08-15 05:48:18'),
(1248, '2S49', 2, '1', 'Bawang', 'SHP 3', '4835000', '3520', '...', NULL, '2023-08-15 05:48:18', '2023-08-15 05:48:18'),
(1249, '2S5', 2, '5', 'Kel Balowerti', 'Seb. SHP 57', '850000', '1000', '...', NULL, '2023-08-15 05:48:18', '2023-08-15 05:48:18'),
(1250, '2S50', 2, '1', 'Bawang', 'SHP 4', '4350000', '3580', '...', NULL, '2023-08-15 05:48:18', '2023-08-15 05:48:18'),
(1251, '2S51', 2, '1', 'Bawang', 'SHP 5', '6250000', '4925', '...', NULL, '2023-08-15 05:48:18', '2023-08-15 05:48:18'),
(1252, '2S52', 2, '1', 'Bawang', 'SHP 6', '3575000', '2895', '...', NULL, '2023-08-15 05:48:18', '2023-08-15 05:48:18'),
(1253, '2S53', 2, '1', 'Ngronggo', 'SHP 15', '1150000', '1055', '...', NULL, '2023-08-15 05:48:18', '2023-08-15 05:48:18'),
(1254, '2S54', 2, '1', 'Ngronggo', 'Seb. SHP 16', '900000', '1068', 'Sebagian dikuasai ahli waris', NULL, '2023-08-15 05:48:18', '2023-08-15 05:48:18'),
(1255, '2S55', 2, '1', 'Ngronggo', 'SHP 18', '5670000', '5410', '...', NULL, '2023-08-15 05:48:18', '2023-08-15 05:48:18'),
(1256, '2S56', 2, '1', 'Balowerti', 'SHP 54', '1470000', '1650', '...', NULL, '2023-08-15 05:48:18', '2023-08-15 05:48:18'),
(1257, '2S57', 2, '1', 'Kel Balowerti', 'SHP 14', '100000', '1135', 'Kurang Produktif', NULL, '2023-08-15 05:48:18', '2023-08-15 05:48:18'),
(1258, '2S58', 2, '1', 'Rejomulyo', 'SHM 86', '1100000', '1160', '...', NULL, '2023-08-15 05:48:18', '2023-08-15 05:48:18'),
(1259, '2S6', 2, '6', 'Kel Balowerti', 'Seb. SHP 57', '1180000', '1345', '...', NULL, '2023-08-15 05:48:18', '2023-08-15 05:48:18'),
(1260, '2S7', 2, '7', 'Kel Balowerti', 'Seb. SHP 57', '1180000', '1345', '...', NULL, '2023-08-15 05:48:18', '2023-08-15 05:48:18'),
(1261, '2S8', 2, '8', 'Kel Balowerti', 'Seb. SHP 57', '1180000', '1345', '...', NULL, '2023-08-15 05:48:18', '2023-08-15 05:48:18'),
(1262, '2S9', 2, '9', 'Kel Balowerti', 'Seb. SHP 57', '1180000', '1345', '...', NULL, '2023-08-15 05:48:18', '2023-08-15 05:48:18'),
(1263, '25S1', 25, '1', 'Kel Gayam ', 'SHP 63 ', '1150000', '1343', '...', NULL, '2023-08-15 05:48:18', '2023-08-15 05:48:18'),
(1264, '25S10', 25, '1', 'Kel Gayam ', 'SHP 72 ', '2100000', '6800', '...', NULL, '2023-08-15 05:48:18', '2023-08-15 05:48:18'),
(1265, '25S11', 25, '2', 'Kel Gayam ', 'SHP 72 ', '2000000', '6715', 'Pengurangan Luas Untuk TPS 6.800m2 - 80m2 = 6.720 m2', NULL, '2023-08-15 05:48:18', '2023-08-15 05:48:18'),
(1266, '25S12', 25, '1', 'Kel Gayam', 'SHP 73', '200000', '900', '...', NULL, '2023-08-15 05:48:18', '2023-08-15 05:48:18'),
(1267, '25S13', 25, '1', 'Kel Gayam ', 'SHP 74 ', '1100000', '1210', '...', NULL, '2023-08-15 05:48:18', '2023-08-15 05:48:18'),
(1268, '25S14', 25, '1', 'Kel Gayam ', 'SHP 75 ', '1350000', '1017', '...', NULL, '2023-08-15 05:48:18', '2023-08-15 05:48:18'),
(1269, '25S15', 25, '2', 'Kel Gayam ', 'SHP 75 ', '1350000', '1017', '...', NULL, '2023-08-15 05:48:18', '2023-08-15 05:48:18'),
(1270, '25S16', 25, '3', 'Kel Gayam ', 'SHP 75 ', '1350000', '1017', '...', NULL, '2023-08-15 05:48:18', '2023-08-15 05:48:18'),
(1271, '25S17', 25, '4', 'Kel Gayam ', 'SHP 75 ', '1350000', '1017', '...', NULL, '2023-08-15 05:48:18', '2023-08-15 05:48:18'),
(1272, '25S18', 25, '5', 'Kel Gayam ', 'SHP 75 ', '1350000', '1016', '...', NULL, '2023-08-15 05:48:18', '2023-08-15 05:48:18'),
(1273, '25S19', 25, '6', 'Kel Gayam ', 'SHP 75 ', '1350000', '1016', '...', NULL, '2023-08-15 05:48:18', '2023-08-15 05:48:18'),
(1274, '25S2', 25, '2', 'Kel Gayam ', 'SHP 63 ', '1120000', '1343', '...', NULL, '2023-08-15 05:48:18', '2023-08-15 05:48:18'),
(1275, '25S20', 25, '1', 'Kel Gayam ', 'SHP 76 ', '1350000', '1210', '...', NULL, '2023-08-15 05:48:18', '2023-08-15 05:48:18'),
(1276, '25S21', 25, '2', 'Kel Gayam ', 'SHP 76 ', '1350000', '1210', '...', NULL, '2023-08-15 05:48:18', '2023-08-15 05:48:18'),
(1277, '25S22', 25, '3', 'Kel Gayam ', 'SHP 76 ', '1350000', '1210', '...', NULL, '2023-08-15 05:48:18', '2023-08-15 05:48:18'),
(1278, '25S23', 25, '4', 'Kel Gayam ', 'SHP 76 ', '1350000', '1210', '...', NULL, '2023-08-15 05:48:18', '2023-08-15 05:48:18'),
(1279, '25S24', 25, '5', 'Kel Gayam ', 'SHP 76 ', '1350000', '1210', '...', NULL, '2023-08-15 05:48:18', '2023-08-15 05:48:18'),
(1280, '25S25', 25, '6', 'Kel Gayam ', 'SHP 76 ', '1350000', '1210', '...', NULL, '2023-08-15 05:48:18', '2023-08-15 05:48:18'),
(1281, '25S26', 25, '7', 'Kel Gayam ', 'SHP 76 ', '1350000', '1210', '...', NULL, '2023-08-15 05:48:19', '2023-08-15 05:48:19'),
(1282, '25S27', 25, '8', 'Kel Gayam ', 'SHP 76 ', '1350000', '1210', '...', NULL, '2023-08-15 05:48:19', '2023-08-15 05:48:19'),
(1283, '25S28', 25, '1', 'Kel Gayam ', 'Seb SHP 77 ', '850000', '1214', '...', NULL, '2023-08-15 05:48:19', '2023-08-15 05:48:19'),
(1284, '25S29', 25, '2', 'Kel Gayam ', 'Seb SHP 77 ', '1210000', '2111', '...', NULL, '2023-08-15 05:48:19', '2023-08-15 05:48:19'),
(1285, '25S3', 25, '3', 'Kel Gayam ', 'SHP 63 ', '1125000', '1342', '...', NULL, '2023-08-15 05:48:19', '2023-08-15 05:48:19'),
(1286, '25S30', 25, '1', 'Kel Gayam ', 'SHP 78 ', '4500000', '5010', '...', NULL, '2023-08-15 05:48:19', '2023-08-15 05:48:19'),
(1287, '25S31', 25, '1', 'Kel Gayam ', 'SHP 79 ', '5390000', '6010', '...', NULL, '2023-08-15 05:48:19', '2023-08-15 05:48:19'),
(1288, '25S32', 25, '1', 'Kel Gayam ', 'SHP 80, 81', '1100000', '1610', '...', NULL, '2023-08-15 05:48:19', '2023-08-15 05:48:19'),
(1289, '25S33', 25, '1', ' Kel Gayam ', 'SHP 82 ', '1120000', '163', '...', NULL, '2023-08-15 05:48:19', '2023-08-15 05:48:19'),
(1290, '25S34', 25, '2', ' Kel Gayam ', 'SHP 82 ', '1120000', '163', '...', NULL, '2023-08-15 05:48:19', '2023-08-15 05:48:19'),
(1291, '25S35', 25, '3', ' Kel Gayam ', 'SHP 82 ', '1120000', '1614', '...', NULL, '2023-08-15 05:48:19', '2023-08-15 05:48:19'),
(1292, '25S36', 25, '1', ' Kel Gayam ', 'SHP 83 ', '1106000', '1590', '...', NULL, '2023-08-15 05:48:19', '2023-08-15 05:48:19'),
(1293, '25S37', 25, '2', ' Kel Gayam ', 'SHP 83 ', '1106000', '1590', '...', NULL, '2023-08-15 05:48:19', '2023-08-15 05:48:19'),
(1294, '25S38', 25, '1', ' Kel Gayam ', 'SHP 84 ', '900000', '1185', '...', NULL, '2023-08-15 05:48:19', '2023-08-15 05:48:19'),
(1295, '25S39', 25, '1', 'Kel Gayam', 'SHP 85', '1019000', '1475', '...', NULL, '2023-08-15 05:48:19', '2023-08-15 05:48:19'),
(1296, '25S4', 25, '4', 'Kel Gayam ', 'SHP 63 ', '1150000', '1342', '...', NULL, '2023-08-15 05:48:19', '2023-08-15 05:48:19'),
(1297, '25S40', 25, '2', 'Kel Gayam', 'SHP 85', '1019000', '1475', '...', NULL, '2023-08-15 05:48:19', '2023-08-15 05:48:19'),
(1298, '25S41', 25, '1', 'Kel Gayam', 'SHP 86', '1885000', '4555', '...', NULL, '2023-08-15 05:48:19', '2023-08-15 05:48:19'),
(1299, '25S42', 25, '2', 'Kel Gayam', 'SHP 86', '1885000', '4555', '...', NULL, '2023-08-15 05:48:19', '2023-08-15 05:48:19'),
(1300, '25S43', 25, '1', 'Kel Gayam', 'SHP 94', '850000', '1214', '...', NULL, '2023-08-15 05:48:19', '2023-08-15 05:48:19'),
(1301, '25S44', 25, '2', 'Kel Gayam', 'SHP 94', '850000', '1214', '...', NULL, '2023-08-15 05:48:19', '2023-08-15 05:48:19'),
(1302, '25S45', 25, '3', 'Kel Gayam', 'SHP 94', '850000', '1214', '...', NULL, '2023-08-15 05:48:19', '2023-08-15 05:48:19'),
(1303, '25S46', 25, '4', 'Kel Gayam', 'SHP 94', '850000', '1214', '...', NULL, '2023-08-15 05:48:19', '2023-08-15 05:48:19'),
(1304, '25S47', 25, '5', 'Kel Gayam', 'SHP 94', '850000', '1214', '...', NULL, '2023-08-15 05:48:19', '2023-08-15 05:48:19'),
(1305, '25S48', 25, '6', 'Kel Gayam', 'SHP 94', '850000', '1214', '...', NULL, '2023-08-15 05:48:19', '2023-08-15 05:48:19'),
(1306, '25S49', 25, '7', 'Kel Gayam', 'SHP 94', '850000', '1214', '...', NULL, '2023-08-15 05:48:19', '2023-08-15 05:48:19'),
(1307, '25S5', 25, '1', 'Kel Gayam ', 'SHP 68 ', '1650000', '7760', '...', NULL, '2023-08-15 05:48:19', '2023-08-15 05:48:19'),
(1308, '25S50', 25, '8', 'Kel Gayam', 'SHP 94', '875000', '3205', '...', NULL, '2023-08-15 05:48:19', '2023-08-15 05:48:19'),
(1309, '25S51', 25, '9', 'Kel Gayam', 'SHP 94', '875000', '3205', '...', NULL, '2023-08-15 05:48:19', '2023-08-15 05:48:19'),
(1310, '25S52', 25, '10', 'Kel Gayam', 'SHP 94', '870000', '1448', '...', NULL, '2023-08-15 05:48:19', '2023-08-15 05:48:19'),
(1311, '25S53', 25, '11', 'Kel Gayam', 'SHP 94', '865000', '1448', '...', NULL, '2023-08-15 05:48:19', '2023-08-15 05:48:19'),
(1312, '25S54', 25, '12', 'Kel Gayam', 'SHP 94', '865000', '1447', '...', NULL, '2023-08-15 05:48:19', '2023-08-15 05:48:19'),
(1313, '25S55', 25, '8', 'Kel Gayam', 'SHP 94', '865000', '1447', '...', NULL, '2023-08-15 05:48:19', '2023-08-15 05:48:19'),
(1314, '25S56', 25, '14', 'Kel Gayam', 'SHP 94', '865000', '1448', '...', NULL, '2023-08-15 05:48:19', '2023-08-15 05:48:19'),
(1315, '25S57', 25, '10', 'Kel Gayam', 'SHP 94', '865000', '1448', '...', NULL, '2023-08-15 05:48:19', '2023-08-15 05:48:19'),
(1316, '25S58', 25, '11', 'Kel Gayam', 'SHP 94', '865000', '1448', '...', NULL, '2023-08-15 05:48:19', '2023-08-15 05:48:19'),
(1317, '25S59', 25, '12', 'Kel Gayam', 'SHP 94', '865000', '1448', '...', NULL, '2023-08-15 05:48:19', '2023-08-15 05:48:19'),
(1318, '25S6', 25, '1', 'Kel Gayam', 'SHP 69', '1790000', '4645', '...', NULL, '2023-08-15 05:48:19', '2023-08-15 05:48:19'),
(1319, '25S60', 25, '13', 'Kel Gayam', 'SHP 94', '920000', '2880', '...', NULL, '2023-08-15 05:48:19', '2023-08-15 05:48:19'),
(1320, '25S61', 25, '1', 'Kel Gayam', 'Persil 14', '800000', '1100', '...', NULL, '2023-08-15 05:48:19', '2023-08-15 05:48:19'),
(1321, '25S7', 25, '2', 'Kel Gayam', 'SHP 69', '1795000', '4645', '...', NULL, '2023-08-15 05:48:19', '2023-08-15 05:48:19'),
(1322, '25S8', 25, '1', 'Kel Gayam ', 'SHP 70 ', '650000', '1580', '...', NULL, '2023-08-15 05:48:19', '2023-08-15 05:48:19'),
(1323, '25S9', 25, '1', 'Kel Gayam ', 'SHP 71 ', '1200000', '3500', '...', NULL, '2023-08-15 05:48:19', '2023-08-15 05:48:19'),
(1324, '26S1', 26, '1', 'Kel Mojoroto', 'SHP 42', '1610000', '2547', 'Dekat Perumahan', NULL, '2023-08-15 05:48:19', '2023-08-15 05:48:19'),
(1325, '26S10', 26, '1', 'Kel Gayam', 'Persil 48', '2011500', '288', 'Kidul SMP 6 ', NULL, '2023-08-15 05:48:19', '2023-08-15 05:48:19'),
(1326, '26S11', 26, '1', 'Kel Pojok', 'SHP 6', '2460000', '4615', 'Pinggir Kali Kedak', NULL, '2023-08-15 05:48:19', '2023-08-15 05:48:19'),
(1327, '26S12', 26, '1', 'Kel Pojok', 'SHP 7', '1007000', '1470', 'Etan Omah Nglebak', NULL, '2023-08-15 05:48:19', '2023-08-15 05:48:19'),
(1328, '26S13', 26, '1', 'Kel Pojok', 'SHP 8', '3411500', '3980', 'Lor Bukit Bintang Etan Dalan', NULL, '2023-08-15 05:48:19', '2023-08-15 05:48:19'),
(1329, '26S14', 26, '1', 'Kel Pojok', 'SHP 9', '1610000', '2890', 'Kidul Bong', NULL, '2023-08-15 05:48:19', '2023-08-15 05:48:19'),
(1330, '26S15', 26, '1', 'Kel Ngampel', 'SHP 4', '218000', '4200', '...', NULL, '2023-08-15 05:48:19', '2023-08-15 05:48:19'),
(1331, '26S16', 26, '1', 'Kel Gayam', 'SHP 87', '3261000', '4120', 'Lor PDAM', NULL, '2023-08-15 05:48:19', '2023-08-15 05:48:19'),
(1332, '26S17', 26, '1', 'Kel Gayam', 'SHP 88', '2610000', '3860', 'Ngarep PDAM pas', NULL, '2023-08-15 05:48:19', '2023-08-15 05:48:19'),
(1333, '26S18', 26, '1', 'Kel Gayam', 'SHP 89', '3465000', '4900', 'Kulone P 89', NULL, '2023-08-15 05:48:19', '2023-08-15 05:48:19'),
(1334, '26S19', 26, '1', 'Kel Gayam', 'SHP 13, 14, 92', '7035000', '7705', 'SHP 92 luas 6.440M² - 1.590M² =  4.850M² (untuk perluasan makam Gayam)', NULL, '2023-08-15 05:48:19', '2023-08-15 05:48:19'),
(1335, '26S2', 26, '1', 'Kel Mojoroto', 'SHP 41', '2610000', '4550', 'Belakang SMA 2', NULL, '2023-08-15 05:48:19', '2023-08-15 05:48:19'),
(1336, '26S20', 26, '1', 'Kel Gayam', 'SHP 14, 28, 84', '6526500', '6648', '...', NULL, '2023-08-15 05:48:19', '2023-08-15 05:48:19'),
(1337, '26S21', 26, '1', 'Kel Gayam', 'SHP 41, 12', '5527000', '7011', '...', NULL, '2023-08-15 05:48:19', '2023-08-15 05:48:19'),
(1338, '26S22', 26, '1', 'Kel Gayam', 'SHP 10, 93, 26', '8035000', '10035', '...', NULL, '2023-08-15 05:48:19', '2023-08-15 05:48:19'),
(1339, '26S23', 26, '1', 'Kel Gayam', 'SHP 15, 16, 17, 18, 11, 91, 35', '11057000', '14680', '...', NULL, '2023-08-15 05:48:19', '2023-08-15 05:48:19'),
(1340, '26S24', 26, '1', 'Kel Gayam', 'SHP 19, 20, 21, 8, 12, 24, 25, 26', '8000000', '11094', 'Kurang Produktif', NULL, '2023-08-15 05:48:19', '2023-08-15 05:48:19'),
(1341, '26S25', 26, '1', 'Kel Gayam', 'SHP 32, 28, 34, 37, 39', '4973500', '8966', '...', NULL, '2023-08-15 05:48:19', '2023-08-15 05:48:19'),
(1342, '26S26', 26, '1', 'Kel Gayam', 'SHP 27, 31, Persil 19', '7035000', '9346', '...', NULL, '2023-08-15 05:48:19', '2023-08-15 05:48:19'),
(1343, '26S27', 26, '1', 'Kel Bujel', 'SHP 15, 27, 17, 18, 19', '8567000', '10613', '...', NULL, '2023-08-15 05:48:19', '2023-08-15 05:48:19'),
(1344, '26S28', 26, '1', 'Kel Sukorame', 'SHP 7, 8, 10', '11698000', '11742', 'Kurang Produktif, Banyak Pohon Rindang', NULL, '2023-08-15 05:48:19', '2023-08-15 05:48:19'),
(1345, '26S29', 26, '1', 'Ds Ngablak', 'SHP 6, 1, 5, 6', '10120000', '14272', '...', NULL, '2023-08-15 05:48:19', '2023-08-15 05:48:19'),
(1346, '26S3', 26, '1', 'Dempol', 'SHP 39', '3112500', '4490', '...', NULL, '2023-08-15 05:48:19', '2023-08-15 05:48:19'),
(1347, '26S30', 26, '1', 'Ds Wonoasri', 'SHP 5', '10100000', '8380', '...', NULL, '2023-08-15 05:48:19', '2023-08-15 05:48:19'),
(1348, '26S31', 26, '1', 'Ds Cerme', 'SHP 5, 8, 4', '8642500', '12775', '...', NULL, '2023-08-15 05:48:19', '2023-08-15 05:48:19'),
(1349, '26S32', 26, '1', 'Ds Sumberejo', 'SHP 5, 9, 14, 10', '8115000', '8538', '...', NULL, '2023-08-15 05:48:19', '2023-08-15 05:48:19'),
(1350, '26S33', 26, '1', 'Kel Bujel', 'SHP 16, 14, 21', '5020000', '6810', 'Eks-Hak Garap Alm. Suratmin', NULL, '2023-08-15 05:48:19', '2023-08-15 05:48:19'),
(1351, '26S34', 26, '1', 'Kel Gayam', 'SHP 90', '11353500', '10250', 'Eks-Hak Garap Alm. Suratmin ', NULL, '2023-08-15 05:48:19', '2023-08-15 05:48:19'),
(1352, '26S35', 26, '1', 'Kel Bujel', 'SHP 41', '2037000', '2565', 'Eks-Hak Garap Alm. Suratmin ', NULL, '2023-08-15 05:48:19', '2023-08-15 05:48:19'),
(1353, '26S36', 26, '1', 'Kel Bujel', 'SHP 43', '5823500', '6850', 'Eks-Hak Garap Alm. Suratmin ', NULL, '2023-08-15 05:48:19', '2023-08-15 05:48:19'),
(1354, '26S37', 26, '1', 'Kel Bujel', 'SHP 39', '680000', '7135', 'Eks-Hak Garap Alm. Suratmin ', NULL, '2023-08-15 05:48:19', '2023-08-15 05:48:19'),
(1355, '26S38', 26, '1', 'Kel Ngampel', 'SHP 3', '4618000', '5445', 'Eks-Hak Garap Alm. Suratmin ', NULL, '2023-08-15 05:48:19', '2023-08-15 05:48:19'),
(1356, '26S39', 26, '1', 'Kel Gayam', 'Tanah Pertanian', '806000', '810', 'Eks-Hak Garap Alm. Suratmin ', NULL, '2023-08-15 05:48:19', '2023-08-15 05:48:19'),
(1357, '26S4', 26, '1', 'Kel Mojoroto', 'SHP 44', '2610000', '4108', 'Etan BKD, kulon STM', NULL, '2023-08-15 05:48:19', '2023-08-15 05:48:19');
INSERT INTO `tkds` (`id`, `id_tkd`, `id_kelurahan`, `bidang`, `letak`, `bukti`, `harga_dasar`, `luas`, `keterangan`, `nop`, `created_at`, `updated_at`) VALUES
(1358, '26S40', 26, '1', 'Gambyok', 'SHP 3', '6270000', '8187', 'Eks-Hak Garap Alm. Ariyadi', NULL, '2023-08-15 05:48:19', '2023-08-15 05:48:19'),
(1359, '26S41', 26, '1', 'Gambyok', 'SHP 5', '3235000', '4267', 'Eks-Hak Garap Alm. Ariyadi', NULL, '2023-08-15 05:48:19', '2023-08-15 05:48:19'),
(1360, '26S42', 26, '1', 'Ds Sumberejo', 'SHP 7', '1928000', '2635', 'Eks-Hak Garap Alm. Ariyadi', NULL, '2023-08-15 05:48:19', '2023-08-15 05:48:19'),
(1361, '26S43', 26, '1', 'Ds Sumberejo', 'SHP 10', '3241000', '4269', 'Eks-Hak Garap Alm. Ariyadi', NULL, '2023-08-15 05:48:19', '2023-08-15 05:48:19'),
(1362, '26S44', 26, '1', 'Ds Sumberejo', 'SHP 11', '1771500', '2485', 'Eks-Hak Garap Alm. Ariyadi', NULL, '2023-08-15 05:48:19', '2023-08-15 05:48:19'),
(1363, '26S45', 26, '1', 'Ds Sumberejo', 'SHP 12', '1811000', '2537', 'Eks-Hak Garap Alm. Ariyadi', NULL, '2023-08-15 05:48:19', '2023-08-15 05:48:19'),
(1364, '26S46', 26, '1', 'Ds Sumberejo', 'SHP 8', '2146000', '3476', 'Eks-Hak Garap Alm. Ariyadi', NULL, '2023-08-15 05:48:19', '2023-08-15 05:48:19'),
(1365, '26S47', 26, '1', 'Ds Sumberejo', 'SHP 11', '1869000', '2612', 'Eks-Hak Garap Alm. Ariyadi', NULL, '2023-08-15 05:48:19', '2023-08-15 05:48:19'),
(1366, '26S48', 26, '1', 'Ds Sumberejo', 'SHP 12', '1855000', '2594', 'Eks-Hak Garap Alm. Ariyadi', NULL, '2023-08-15 05:48:19', '2023-08-15 05:48:19'),
(1367, '26S49', 26, '1', 'Ds Sumberejo', 'SHP 13', '1041000', '868', 'Eks-Hak Garap Alm. Ariyadi', NULL, '2023-08-15 05:48:19', '2023-08-15 05:48:19'),
(1368, '26S5', 26, '1', 'Dempol', 'SHP 35', '1105000', '835', '...', NULL, '2023-08-15 05:48:19', '2023-08-15 05:48:19'),
(1369, '26S50', 26, '1', 'Ds Sumberejo', 'SHP 14', '823500', '1196', 'Eks-Hak Garap Alm. Ariyadi', NULL, '2023-08-15 05:48:19', '2023-08-15 05:48:19'),
(1370, '26S6', 26, '1', 'Dempol', 'SHP 45', '2610000', '2888', '...', NULL, '2023-08-15 05:48:19', '2023-08-15 05:48:19'),
(1371, '26S7', 26, '1', 'Kel Ngampel', 'SHP 34', '11811000', '10070', 'Etan Dalan TMMD ', NULL, '2023-08-15 05:48:19', '2023-08-15 05:48:19'),
(1372, '26S9', 26, '1', 'Kel Ngampel', 'Blok 4-20', '1105000', '1150', 'Kidul Lapangan ', NULL, '2023-08-15 05:48:19', '2023-08-15 05:48:19'),
(1373, '27S1', 27, '1', 'Kel Sukorame', 'Seb. SHP 59', '1050000', '1000', 'Luas keseluruhan 1.995 M² sebagian seluas 445 M² untuk kios', NULL, '2023-08-15 05:48:19', '2023-08-15 05:48:19'),
(1374, '27S10', 27, '3', 'Kel Sukorame', 'SHP 66', '3560000', '6350', '...', NULL, '2023-08-15 05:48:19', '2023-08-15 05:48:19'),
(1375, '27S11', 27, '4', 'Kel Sukorame', 'SHP 66', '3560000', '6350', '...', NULL, '2023-08-15 05:48:19', '2023-08-15 05:48:19'),
(1376, '27S12', 27, '5', 'Kel Sukorame', 'SHP 66', '4100000', '6450', '...', NULL, '2023-08-15 05:48:19', '2023-08-15 05:48:19'),
(1377, '27S13', 27, '6', 'Kel Sukorame', 'SHP 66', '4150000', '6550', '...', NULL, '2023-08-15 05:48:19', '2023-08-15 05:48:19'),
(1378, '27S14', 27, '7', 'Kel Sukorame', 'SHP 66', '4500000', '7100', '...', NULL, '2023-08-15 05:48:19', '2023-08-15 05:48:19'),
(1379, '27S15', 27, '1', 'Kel Sukorame', 'SHP 41 B', '3350000', '4880', '...', NULL, '2023-08-15 05:48:19', '2023-08-15 05:48:19'),
(1380, '27S16', 27, '1', 'Kel Sukorame', 'SHP 42', '9781000', '13535', 'Eks-Bengkok / Hak Garap Pamong an. Sutrisno, Alm', NULL, '2023-08-15 05:48:19', '2023-08-15 05:48:19'),
(1381, '27S2', 27, '1', 'Kel Gayam', 'PERSIL', '3350000', '4620', '...', NULL, '2023-08-15 05:48:19', '2023-08-15 05:48:19'),
(1382, '27S3', 27, '2', 'Kel Gayam', 'PERSIL', '3350000', '4620', '...', NULL, '2023-08-15 05:48:19', '2023-08-15 05:48:19'),
(1383, '27S4', 27, '3', 'Kel Gayam', 'PERSIL', '3350000', '4620', '...', NULL, '2023-08-15 05:48:19', '2023-08-15 05:48:19'),
(1384, '27S5', 27, '4', 'Kel Gayam', 'PERSIL', '3350000', '4620', '...', NULL, '2023-08-15 05:48:19', '2023-08-15 05:48:19'),
(1385, '27S6', 27, '1', 'Kel Sukorame', 'SHP 50', '1150000', '2065', '...', NULL, '2023-08-15 05:48:20', '2023-08-15 05:48:20'),
(1386, '27S7', 27, '1', 'Kel Sukorame', 'SHP 41', '3410000', '5265', '...', NULL, '2023-08-15 05:48:20', '2023-08-15 05:48:20'),
(1387, '27S8', 27, '1', 'Kel Sukorame', 'SHP 66', '2835000', '4545', '...', NULL, '2023-08-15 05:48:20', '2023-08-15 05:48:20'),
(1388, '27S9', 27, '2', 'Kel Sukorame', 'SHP 66', '3560000', '6350', '...', NULL, '2023-08-15 05:48:20', '2023-08-15 05:48:20'),
(1389, '28S1', 28, '1', 'Kel. Bujel', 'SHP 57', '481000', '535', 'sawah', NULL, '2023-08-15 05:48:20', '2023-08-15 05:48:20'),
(1390, '28S10', 28, '1', 'Kel. Bujel', 'SHP 69', '5460000', '7160', 'sawah', NULL, '2023-08-15 05:48:20', '2023-08-15 05:48:20'),
(1391, '28S11', 28, '1', 'Kel. Bujel', 'SHP 70', '10141000', '8260', 'sawah', NULL, '2023-08-15 05:48:20', '2023-08-15 05:48:20'),
(1392, '28S12', 28, '1', 'Kel. Bujel', 'SHP 75', '1161500', '2165', 'Tegal (luas akan dikurangi untuk akses jalan)', NULL, '2023-08-15 05:48:20', '2023-08-15 05:48:20'),
(1393, '28S13', 28, '1', 'Kel. Bujel', 'SHP 77', '11805000', '11110', 'sawah', NULL, '2023-08-15 05:48:20', '2023-08-15 05:48:20'),
(1394, '28S14', 28, '1', 'Kel. Bujel', 'SHP 85', '8317000', '10000', 'sawah', NULL, '2023-08-15 05:48:20', '2023-08-15 05:48:20'),
(1395, '28S15', 28, '2', 'Kel. Bujel', 'SHP 85', '8317000', '10000', 'sawah', NULL, '2023-08-15 05:48:20', '2023-08-15 05:48:20'),
(1396, '28S16', 28, '3', 'Kel. Bujel', 'SHP 85', '6805000', '8115', 'sawah', NULL, '2023-08-15 05:48:20', '2023-08-15 05:48:20'),
(1397, '28S17', 28, '1', 'Kel. Bujel', 'SHP 89 (Persil SP 35)', '8452500', '11050', 'sawah', NULL, '2023-08-15 05:48:20', '2023-08-15 05:48:20'),
(1398, '28S18', 28, '2', 'Kel. Bujel', 'SHP 89 (Persil SP 35)', '7661000', '10000', 'sawah', NULL, '2023-08-15 05:48:20', '2023-08-15 05:48:20'),
(1399, '28S19', 28, '1', 'Kel. Bujel', 'SHP 86 (Persil SP 11)', '8773500', '11480', 'sawah', NULL, '2023-08-15 05:48:20', '2023-08-15 05:48:20'),
(1400, '28S2', 28, '1', 'Kel. Bujel', 'SHP 58', '6045000', '7835', 'sawah', NULL, '2023-08-15 05:48:20', '2023-08-15 05:48:20'),
(1401, '28S20', 28, '2', 'Kel. Bujel', 'SHP 86 (Persil SP 11)', '7661000', '10000', 'sawah', NULL, '2023-08-15 05:48:20', '2023-08-15 05:48:20'),
(1402, '28S21', 28, '1', 'Kel. Bujel', 'SHP 84', '2101000', '3500', 'Tegal luas akan dikurangi paving prog jasmas 4.000m2 - 100m2 = 3.900m2', NULL, '2023-08-15 05:48:20', '2023-08-15 05:48:20'),
(1403, '28S22', 28, '1', 'Kel. Bujel', 'Seb. HP 76', '2485000', '3415', 'Sebagian seluas ± 2.630m2 untuk pensiun Perangkat Non PNS An. Sudjadi', NULL, '2023-08-15 05:48:20', '2023-08-15 05:48:20'),
(1404, '28S23', 28, '1', 'Kel. Bujel', 'SHP 71', '8838000', '11160', 'sawah', NULL, '2023-08-15 05:48:20', '2023-08-15 05:48:20'),
(1405, '28S24', 28, '1', 'Kel. Bujel', 'Seb SHP 72', '6033500', '7890', 'Sebagian seluas 5.000 M² utk lapangan', NULL, '2023-08-15 05:48:20', '2023-08-15 05:48:20'),
(1406, '28S25', 28, '1', 'Kel. Bujel', 'SHP 73', '10967000', '14310', 'sawah', NULL, '2023-08-15 05:48:20', '2023-08-15 05:48:20'),
(1407, '28S26', 28, '1', 'Kel. Bujel', 'Seb. SHP 55', '3893500', '5095', 'Luas keseluruhan 10.190 M² Sebagian seluas 5.095 M² untuk untuk pensiun Perangkat Non PNS An. Sudjadi', NULL, '2023-08-15 05:48:20', '2023-08-15 05:48:20'),
(1408, '28S3', 28, '1', 'Kel. Bujel', 'SHP 59', '9682500', '12100', 'sawah', NULL, '2023-08-15 05:48:20', '2023-08-15 05:48:20'),
(1409, '28S4', 28, '1', 'Kel. Bujel', 'SHP 60', '638000', '8150', 'sawah', NULL, '2023-08-15 05:48:20', '2023-08-15 05:48:20'),
(1410, '28S5', 28, '1', 'Kel. Bujel', 'SHP 63', '1046000', '1500', 'sawah', NULL, '2023-08-15 05:48:20', '2023-08-15 05:48:20'),
(1411, '28S6', 28, '1', 'Kel. Bujel', 'SHP 65', '727000', '850', 'sawah', NULL, '2023-08-15 05:48:20', '2023-08-15 05:48:20'),
(1412, '28S7', 28, '1', 'Kel. Bujel', 'SHP 66', '7837000', '10190', 'sawah', NULL, '2023-08-15 05:48:20', '2023-08-15 05:48:20'),
(1413, '28S8', 28, '1', 'Kel. Bujel', 'SHP 67', '6955000', '9120', 'sawah', NULL, '2023-08-15 05:48:20', '2023-08-15 05:48:20'),
(1414, '28S9', 28, '1', 'Kel. Bujel', 'SHP 68', '586000', '6690', 'sawah', NULL, '2023-08-15 05:48:20', '2023-08-15 05:48:20'),
(1415, '29S1', 29, '1', 'Kel . Blabak', 'HP 01', '1600000', '2697', '...', NULL, '2023-08-15 05:48:20', '2023-08-15 05:48:20'),
(1416, '29S10', 29, '1', 'Kel . Pojok', 'HP 34', '5500000', '8350', 'eks', NULL, '2023-08-15 05:48:20', '2023-08-15 05:48:20'),
(1417, '29S11', 29, '1', 'Kel . Pojok', 'HP 27', '4200000', '6790', '...', NULL, '2023-08-15 05:48:20', '2023-08-15 05:48:20'),
(1418, '29S12', 29, '1', 'Kel . Pojok', 'HP 46', '3700000', '4412', '...', NULL, '2023-08-15 05:48:20', '2023-08-15 05:48:20'),
(1419, '29S13', 29, '1', 'Kel . Pojok', 'Hp 45', '11650000', '14280', '...', NULL, '2023-08-15 05:48:20', '2023-08-15 05:48:20'),
(1420, '29S14', 29, '1', 'Kel . Pojok', 'HP 41', '10550000', '10595', '...', NULL, '2023-08-15 05:48:20', '2023-08-15 05:48:20'),
(1421, '29S15', 29, '1', 'Kel . Pojok', 'HP 42', '7900000', '6450', '...', NULL, '2023-08-15 05:48:20', '2023-08-15 05:48:20'),
(1422, '29S16', 29, '1', 'Kel . Pojok', 'HP 49', '3900000', '3500', '...', NULL, '2023-08-15 05:48:20', '2023-08-15 05:48:20'),
(1423, '29S17', 29, '2', 'Kel . Pojok', 'HP 49', '3900000', '3500', '...', NULL, '2023-08-15 05:48:20', '2023-08-15 05:48:20'),
(1424, '29S18', 29, '3', 'Kel . Pojok', 'HP 49', '3900000', '3500', '...', NULL, '2023-08-15 05:48:20', '2023-08-15 05:48:20'),
(1425, '29S19', 29, '4', 'Kel . Pojok', 'HP 49', '3900000', '3500', '...', NULL, '2023-08-15 05:48:20', '2023-08-15 05:48:20'),
(1426, '29S2', 29, '1', 'Kel . Blabak', 'HP 02, 03', '1000000', '3190', '...', NULL, '2023-08-15 05:48:20', '2023-08-15 05:48:20'),
(1427, '29S20', 29, '5', 'Kel . Pojok', 'HP 49', '3900000', '3500', '...', NULL, '2023-08-15 05:48:20', '2023-08-15 05:48:20'),
(1428, '29S21', 29, '6', 'Kel . Pojok', 'HP 49', '3900000', '3500', '...', NULL, '2023-08-15 05:48:20', '2023-08-15 05:48:20'),
(1429, '29S22', 29, '7', 'Kel . Pojok', 'HP 49', '3900000', '3500', '...', NULL, '2023-08-15 05:48:20', '2023-08-15 05:48:20'),
(1430, '29S23', 29, '8', 'Kel . Pojok', 'HP 49', '3900000', '3500', '...', NULL, '2023-08-15 05:48:20', '2023-08-15 05:48:20'),
(1431, '29S24', 29, '9', 'Kel . Pojok', 'HP 49', '3900000', '3500', '...', NULL, '2023-08-15 05:48:20', '2023-08-15 05:48:20'),
(1432, '29S25', 29, '10', 'Kel . Pojok', 'HP 49', '1420000', '1185', '...', NULL, '2023-08-15 05:48:20', '2023-08-15 05:48:20'),
(1433, '29S26', 29, '1', 'Kel. Gayam', 'HP 35', '2100000', '3100', '...', NULL, '2023-08-15 05:48:20', '2023-08-15 05:48:20'),
(1434, '29S27', 29, '1', 'Kel. Pojok', 'Tanah Eks-Juru Kunci', '250000', '1127', '...', NULL, '2023-08-15 05:48:20', '2023-08-15 05:48:20'),
(1435, '29S28', 29, '1', 'Kel. Pojok - Klotok', 'HP 38', '8755000', '12005', 'Eks-Hak Garap Pamong An. Moch. Kholil', NULL, '2023-08-15 05:48:20', '2023-08-15 05:48:20'),
(1436, '29S29', 29, '1', 'Kel. Pojok - Nglebak', 'HP 26', '14370000', '8065', 'Eks-Hak Garap Pamong An. Moch. Kholil', NULL, '2023-08-15 05:48:20', '2023-08-15 05:48:20'),
(1437, '29S3', 29, '1', 'Kel . Campurejo', 'HP 31', '1600000', '6150', '...', NULL, '2023-08-15 05:48:20', '2023-08-15 05:48:20'),
(1438, '29S30', 29, '1', 'Kel. Pojok - Talun', 'HP 21', '13490000', '12850', 'Eks-Hak Garap Pamong An. Yatiman', NULL, '2023-08-15 05:48:20', '2023-08-15 05:48:20'),
(1439, '29S31', 29, '1', 'Kel. Pojok - Talun', 'HP 43', '3539000', '3900', 'Eks-Hak Garap Pamong An. Yatiman', NULL, '2023-08-15 05:48:20', '2023-08-15 05:48:20'),
(1440, '29S32', 29, '1', 'Kel. Pojok - Banggi', 'HP 25', '11560000', '11450', 'Eks-Hak Garap Pamong An. Yatiman', NULL, '2023-08-15 05:48:20', '2023-08-15 05:48:20'),
(1441, '29S4', 29, '1', 'Kel . Campurejo', 'HP 65', '1050000', '2064', '...', NULL, '2023-08-15 05:48:20', '2023-08-15 05:48:20'),
(1442, '29S5', 29, '1', 'Kel . Campurejo', 'HP 66', '1050000', '2108', '...', NULL, '2023-08-15 05:48:20', '2023-08-15 05:48:20'),
(1443, '29S6', 29, '1', 'Kel . Pojok', 'HP 20', '1100000', '3145', 'Tengklik', NULL, '2023-08-15 05:48:20', '2023-08-15 05:48:20'),
(1444, '29S7', 29, '1', 'Kel . Pojok', 'HP 47', '1100000', '3210', '(Lasmalang)', NULL, '2023-08-15 05:48:20', '2023-08-15 05:48:20'),
(1445, '29S8', 29, '1', 'Kel . Pojok', 'HP 35', '520000', '4120', '...', NULL, '2023-08-15 05:48:20', '2023-08-15 05:48:20'),
(1446, '29S9', 29, '1', 'Kel . Campurejo', 'HP 35', '625000', '1250', '...', NULL, '2023-08-15 05:48:20', '2023-08-15 05:48:20'),
(1447, '30S1', 30, '1', 'Kel Lirboyo', 'SHP 9', '10110000', '11012', '...', NULL, '2023-08-15 05:48:20', '2023-08-15 05:48:20'),
(1448, '30S10', 30, '1', 'Kel Lirboyo', 'SHP 18', '9810000', '11112', '...', NULL, '2023-08-15 05:48:20', '2023-08-15 05:48:20'),
(1449, '30S11', 30, '1', 'Kel Lirboyo', 'Sebagian SHP 19', '480000', '4680', 'Luas Keseluruhan 5.160 M² sebagian seluas 300 M² untuk Perluasan Makam', NULL, '2023-08-15 05:48:20', '2023-08-15 05:48:20'),
(1450, '30S12', 30, '1', 'Kel Lirboyo', 'SHP 21', '11650000', '8815', '...', NULL, '2023-08-15 05:48:20', '2023-08-15 05:48:20'),
(1451, '30S2', 30, '1', 'Kel Lirboyo', 'Sebagian SHP 17', '280000', '1914', 'Sebagian Hak Garap Pensiun Eks-Pamong Alm. Edi Siswanto', NULL, '2023-08-15 05:48:20', '2023-08-15 05:48:20'),
(1452, '30S3', 30, '1', 'Kel Lirboyo', 'SHP 8 ', '10280000', '11153', '...', NULL, '2023-08-15 05:48:20', '2023-08-15 05:48:20'),
(1453, '30S4', 30, '1', 'Kel Lirboyo', 'Sebagian SHP 17', '880000', '14735', 'Eks-Bengkok/Hak Garap Alm. Edi Siswanto', NULL, '2023-08-15 05:48:20', '2023-08-15 05:48:20'),
(1454, '30S5', 30, '1', 'Kel Lirboyo', 'SHP 11', '7980000', '9048', '...', NULL, '2023-08-15 05:48:20', '2023-08-15 05:48:20'),
(1455, '30S6', 30, '1', 'Kel Lirboyo', 'SHP 8', '1125000', '1350', '...', NULL, '2023-08-15 05:48:20', '2023-08-15 05:48:20'),
(1456, '30S7', 30, '1', 'Kel Lirboyo', 'Sebagian SHP 14', '2635000', '3559', 'Luas Keseluruhan 4.009 M² sebagian seluas 450 M² untuk Rumah Kompos', NULL, '2023-08-15 05:48:20', '2023-08-15 05:48:20'),
(1457, '30S8', 30, '1', 'Kel Lirboyo', 'SHP 13', '12470000', '14699', '...', NULL, '2023-08-15 05:48:20', '2023-08-15 05:48:20'),
(1458, '30S9', 30, '1', 'Kel Lirboyo', 'SHP 14', '4500000', '5398', 'harga diturunkan karena ada rencana pengurangan luas 200 m2 untuk fasum/fasos', NULL, '2023-08-15 05:48:20', '2023-08-15 05:48:20'),
(1459, '31S1', 31, '1', 'Bandar Lor', 'SHP 46, 48', '4500000', '6355', '...', NULL, '2023-08-15 05:48:20', '2023-08-15 05:48:20'),
(1460, '31S10', 31, '1', 'Sukorame', 'SHP 28, 34, 35', '3500000', '4497', '...', NULL, '2023-08-15 05:48:20', '2023-08-15 05:48:20'),
(1461, '31S11', 31, '1', 'Ngampel', 'SHP 9', '2545000', '4310', '...', NULL, '2023-08-15 05:48:20', '2023-08-15 05:48:20'),
(1462, '31S12', 31, '1', 'Gayam', 'SHP 43, 55, 53, 54, 56, 57', '3500000', '8105', '...', NULL, '2023-08-15 05:48:20', '2023-08-15 05:48:20'),
(1463, '31S13', 31, '1', 'Sukorame', 'SHP 10, 13, 14', '5500000', '10490', '...', NULL, '2023-08-15 05:48:20', '2023-08-15 05:48:20'),
(1464, '31S14', 31, '1', 'Banjarmlati', 'SHM 13, 14, 15, 67', '985000', '10000', '...', NULL, '2023-08-15 05:48:20', '2023-08-15 05:48:20'),
(1465, '31S15', 31, '1', 'Campurejo', 'SHP 9', '3552000', '4735', '...', NULL, '2023-08-15 05:48:20', '2023-08-15 05:48:20'),
(1466, '31S16', 31, '1', 'Betet', 'SHP 27', '1525000', '1475', '...', NULL, '2023-08-15 05:48:20', '2023-08-15 05:48:20'),
(1467, '31S17', 31, '1', 'Tosaren', 'SHP 10', '1017500', '1860', '...', NULL, '2023-08-15 05:48:20', '2023-08-15 05:48:20'),
(1468, '31S18', 31, '1', 'Manisrenggo', 'SHP 3, 4, 5, 6, 7,', '5000000', '11976', '...', NULL, '2023-08-15 05:48:20', '2023-08-15 05:48:20'),
(1469, '31S19', 31, '1', 'Kel. Bawang', 'SHP 13', '1017500', '1450', '...', NULL, '2023-08-15 05:48:20', '2023-08-15 05:48:20'),
(1470, '31S2', 31, '1', 'Bujel', 'SHP 12, 8, 25', '10016500', '12571', '...', NULL, '2023-08-15 05:48:20', '2023-08-15 05:48:20'),
(1471, '31S20', 31, '1', 'Kel. Bujel', 'SHM an. Saniman', '5017500', '7089', '...', NULL, '2023-08-15 05:48:20', '2023-08-15 05:48:20'),
(1472, '31S21', 31, '1', 'Gayam', 'SHP 38', '5467500', '6885', '...', NULL, '2023-08-15 05:48:20', '2023-08-15 05:48:20'),
(1473, '31S22', 31, '1', 'Gayam', 'SHP 58', '1162500', '1125', '...', NULL, '2023-08-15 05:48:20', '2023-08-15 05:48:20'),
(1474, '31S23', 31, '1', 'Ngampel', 'SHP 01', '4466000', '3528', '...', NULL, '2023-08-15 05:48:20', '2023-08-15 05:48:20'),
(1475, '31S24', 31, '1', 'Sukorame', 'SHP 11', '875000', '2863', '...', NULL, '2023-08-15 05:48:20', '2023-08-15 05:48:20'),
(1476, '31S25', 31, '1', 'Sukorame', 'SHP 05', '1350000', '3850', '...', NULL, '2023-08-15 05:48:20', '2023-08-15 05:48:20'),
(1477, '31S26', 31, '1', 'Mrican', 'SHP 11', '2545000', '3500', '...', NULL, '2023-08-15 05:48:20', '2023-08-15 05:48:20'),
(1478, '31S27', 31, '1', 'Betet', 'SHP 21', '1416000', '1055', '...', NULL, '2023-08-15 05:48:20', '2023-08-15 05:48:20'),
(1479, '31S28', 31, '1', 'Bujel', 'SHP 53', '1010000', '1435', '...', NULL, '2023-08-15 05:48:20', '2023-08-15 05:48:20'),
(1480, '31S29', 31, '1', 'Bujel', 'SHP 54', '1175500', '1850', '...', NULL, '2023-08-15 05:48:20', '2023-08-15 05:48:20'),
(1481, '31S3', 31, '1', 'Bujel', 'SHP 28, 35, 31, 37', '11115000', '14580', '...', NULL, '2023-08-15 05:48:20', '2023-08-15 05:48:20'),
(1482, '31S30', 31, '1', 'Sukorame', 'SHP 12', '850000', '1110', '...', NULL, '2023-08-15 05:48:20', '2023-08-15 05:48:20'),
(1483, '31S31', 31, '1', 'Sukorame', 'SHP 15', '900000', '1175', '...', NULL, '2023-08-15 05:48:20', '2023-08-15 05:48:20'),
(1484, '31S32', 31, '1', 'Sukorame', 'SHP 25', '1150000', '1805', '...', NULL, '2023-08-15 05:48:20', '2023-08-15 05:48:20'),
(1485, '31S33', 31, '1', 'Sukorame', 'SHP 38', '650000', '1165', '...', NULL, '2023-08-15 05:48:20', '2023-08-15 05:48:20'),
(1486, '31S34', 31, '1', 'Sukorame', 'SHP 39', '260000', '625', '...', NULL, '2023-08-15 05:48:20', '2023-08-15 05:48:20'),
(1487, '31S35', 31, '1', 'Gayam', 'SHP 42', '985000', '11945', '...', NULL, '2023-08-15 05:48:20', '2023-08-15 05:48:20'),
(1488, '31S36', 31, '1', 'Gayam', 'SHP 44', '659750', '1075', '...', NULL, '2023-08-15 05:48:20', '2023-08-15 05:48:20'),
(1489, '31S37', 31, '1', 'Mrican', 'SHP 12', '1000000', '1890', '...', NULL, '2023-08-15 05:48:20', '2023-08-15 05:48:20'),
(1490, '31S38', 31, '1', 'Bawang', 'SHP 24', '3552000', '2650', '...', NULL, '2023-08-15 05:48:20', '2023-08-15 05:48:20'),
(1491, '31S39', 31, '1', 'Bawang', 'SHP 25', '985000', '6995', '...', NULL, '2023-08-15 05:48:20', '2023-08-15 05:48:20'),
(1492, '31S4', 31, '1', 'Ngampel', 'SHP 2, 7', '5075000', '8035', '...', NULL, '2023-08-15 05:48:20', '2023-08-15 05:48:20'),
(1493, '31S40', 31, '1', 'Pesantren', 'SHP 11', '1000000', '4410', '...', NULL, '2023-08-15 05:48:20', '2023-08-15 05:48:20'),
(1494, '31S41', 31, '1', 'Betet', 'SHP 11', '2811620', '2775', '...', NULL, '2023-08-15 05:48:20', '2023-08-15 05:48:20'),
(1495, '31S42', 31, '1', 'Betet', 'SHP 12', '2037500', '1935', '...', NULL, '2023-08-15 05:48:20', '2023-08-15 05:48:20'),
(1496, '31S43', 31, '1', 'Bawang', 'SHP 26', '4567500', '3845', '...', NULL, '2023-08-15 05:48:21', '2023-08-15 05:48:21'),
(1497, '31S44', 31, '1', 'Blabak', 'SHP 16', '1525000', '3715', '...', NULL, '2023-08-15 05:48:21', '2023-08-15 05:48:21'),
(1498, '31S45', 31, '1', 'Mrican', 'SHP 3', '1800000', '3575', '...', NULL, '2023-08-15 05:48:21', '2023-08-15 05:48:21'),
(1499, '31S46', 31, '1', 'Mrican', 'SHP 5', '1000000', '1880', '...', NULL, '2023-08-15 05:48:21', '2023-08-15 05:48:21'),
(1500, '31S5', 31, '1', 'Bujel', 'SHP 32, 34, 48, 46', '11625000', '11385', '...', NULL, '2023-08-15 05:48:21', '2023-08-15 05:48:21'),
(1501, '31S6', 31, '1', 'Bujel', 'SHP 26', '4567500', '5550', '...', NULL, '2023-08-15 05:48:21', '2023-08-15 05:48:21'),
(1502, '31S7', 31, '1', 'Bujel', 'SHP 38, 47', '5075000', '7155', '...', NULL, '2023-08-15 05:48:21', '2023-08-15 05:48:21'),
(1503, '31S8', 31, '1', 'Sukorame', 'SHP 21, 28, 24, 26, 32', '5800000', '7465', '...', NULL, '2023-08-15 05:48:21', '2023-08-15 05:48:21'),
(1504, '31S9', 31, '1', 'Bujel', 'SHP 50', '3500000', '6780', '...', NULL, '2023-08-15 05:48:21', '2023-08-15 05:48:21'),
(1505, '32S1', 32, '1', 'Kel. Banjarmlati', 'Persil 38 SIII Kohir 256', '1350000', '2715', '...', NULL, '2023-08-15 05:48:21', '2023-08-15 05:48:21'),
(1506, '32S10', 32, '1', 'Kel. Bujel', 'SHP 49', '2010000', '5075', '...', NULL, '2023-08-15 05:48:21', '2023-08-15 05:48:21'),
(1507, '32S11', 32, '1', 'Kel. Bujel', 'SHP 52', '6020000', '11390', '...', NULL, '2023-08-15 05:48:21', '2023-08-15 05:48:21'),
(1508, '32S12', 32, '1', 'Ds. Kapi / Kunjang', 'SHP 8', '1582500', '3425', 'Eks Kholil', NULL, '2023-08-15 05:48:21', '2023-08-15 05:48:21'),
(1509, '32S13', 32, '1', 'Ds. Kapi / Kunjang', 'SHP 9', '1860000', '3910', 'Eks Kholil', NULL, '2023-08-15 05:48:21', '2023-08-15 05:48:21'),
(1510, '32S14', 32, '1', 'Ds. Kapi / Kunjang', 'SHP 10', '1190000', '2875', 'Eks Kholil', NULL, '2023-08-15 05:48:21', '2023-08-15 05:48:21'),
(1511, '32S15', 32, '1', 'Ds. Kapi / Kunjang', 'SHP 11', '3590000', '6095', 'Eks Kholil', NULL, '2023-08-15 05:48:21', '2023-08-15 05:48:21'),
(1512, '32S16', 32, '1', 'Ds. Kapi / Kunjang', 'SHP 4', '1560000', '3415', 'Eks Gozali Hamid', NULL, '2023-08-15 05:48:21', '2023-08-15 05:48:21'),
(1513, '32S17', 32, '1', 'Ds. Kapi / Kunjang', 'SHP 5', '1070000', '1135', 'Eks Gozali Hamid', NULL, '2023-08-15 05:48:21', '2023-08-15 05:48:21'),
(1514, '32S18', 32, '1', 'Ds. Kapi / Kunjang', 'SHP 6', '4245000', '7380', 'Eks Gozali Hamid', NULL, '2023-08-15 05:48:21', '2023-08-15 05:48:21'),
(1515, '32S19', 32, '1', 'Ds. Kapi / Kunjang', 'SHP 7', '1645000', '3575', 'Eks Gozali Hamid', NULL, '2023-08-15 05:48:21', '2023-08-15 05:48:21'),
(1516, '32S2', 32, '1', 'Kel. Gayam', 'SHP 48', '835000', '890', '...', NULL, '2023-08-15 05:48:21', '2023-08-15 05:48:21'),
(1517, '32S20', 32, '1', 'Ds. Kapi / Kunjang', 'SHP 12', '1720000', '3745', 'Eks Mat Karyo', NULL, '2023-08-15 05:48:21', '2023-08-15 05:48:21'),
(1518, '32S21', 32, '1', 'Ds. Kapi / Kunjang', 'SHP 8', '1790000', '3825', 'Eks Mat Karyo', NULL, '2023-08-15 05:48:21', '2023-08-15 05:48:21'),
(1519, '32S22', 32, '1', 'Ds. Kapi / Kunjang', 'SHP 14', '1270000', '1505', 'Eks Mat Karyo', NULL, '2023-08-15 05:48:21', '2023-08-15 05:48:21'),
(1520, '32S23', 32, '1', 'Ds. Kapi / Kunjang', 'SHP 10', '1190000', '2875', 'Eks Mat Karyo', NULL, '2023-08-15 05:48:21', '2023-08-15 05:48:21'),
(1521, '32S24', 32, '1', 'Bandar Kidul', 'SHP 11', '6665000', '10850', 'Eks Mat Karyo', NULL, '2023-08-15 05:48:21', '2023-08-15 05:48:21'),
(1522, '32S25', 32, '1', 'Ds. Kapi / Kunjang', 'SHP 11', '1035000', '1135', 'Eks Sukamto', NULL, '2023-08-15 05:48:21', '2023-08-15 05:48:21'),
(1523, '32S26', 32, '1', 'Ds. Kapi / Kunjang', 'SHP 12', '5785000', '2635', 'Eks Sukamto (Revisi Luas  dari 10.000 m2 -> menjadi 3.190 m2)', NULL, '2023-08-15 05:48:21', '2023-08-15 05:48:21'),
(1524, '32S27', 32, '1', 'Ds. Kapi / Kunjang', 'SHP 13', '450000', '769', 'Eks Sukamto', NULL, '2023-08-15 05:48:21', '2023-08-15 05:48:21'),
(1525, '32S28', 32, '1', 'Ds. Kapi / Kunjang', 'SHP 14', '710000', '1186', 'Eks Sukamto', NULL, '2023-08-15 05:48:21', '2023-08-15 05:48:21'),
(1526, '32S29', 32, '1', 'Bandar Kidul', 'SHP 12', '9600000', '10210', 'Eks Sukamto', NULL, '2023-08-15 05:48:21', '2023-08-15 05:48:21'),
(1527, '32S3', 32, '1', 'Kel. Gayam', 'SHP 49', '880000', '1110', '...', NULL, '2023-08-15 05:48:21', '2023-08-15 05:48:21'),
(1528, '32S30', 32, '1', 'Ds. Kapi / Kunjang', 'SHP 15', '7100000', '15000', 'Eks Wahyu Widada', NULL, '2023-08-15 05:48:21', '2023-08-15 05:48:21'),
(1529, '32S31', 32, '2', 'Ds. Kapi / Kunjang', 'SHP 15', '4850000', '8617', 'Eks Wahyu Widada', NULL, '2023-08-15 05:48:21', '2023-08-15 05:48:21'),
(1530, '32S4', 32, '1', 'Kel. Gayam', 'SHP 50', '810000', '875', '...', NULL, '2023-08-15 05:48:21', '2023-08-15 05:48:21'),
(1531, '32S5', 32, '1', 'Kel. Gayam', 'SHP 46', '810000', '1165', '...', NULL, '2023-08-15 05:48:21', '2023-08-15 05:48:21'),
(1532, '32S6', 32, '1', 'Kel. Bujel', 'Persil 6 Kohir 475', '1275000', '4310', '...', NULL, '2023-08-15 05:48:21', '2023-08-15 05:48:21'),
(1533, '32S7', 32, '1', 'Kel. Sukorame', 'SHP 31', '1116500', '2600', '...', NULL, '2023-08-15 05:48:21', '2023-08-15 05:48:21'),
(1534, '32S8', 32, '1', 'Kel. Sukorame', 'SHP 35', '896000', '1200', '...', NULL, '2023-08-15 05:48:21', '2023-08-15 05:48:21'),
(1535, '32S9', 32, '1', 'Kel. Ngampel', 'SHP 8', '465000', '2150', '...', NULL, '2023-08-15 05:48:21', '2023-08-15 05:48:21'),
(1536, '33S1', 33, '1', 'Banjarmlati', 'SHP 3', '4256750', '4125', '...', NULL, '2023-08-15 05:48:21', '2023-08-15 05:48:21'),
(1537, '33S2', 33, '1', 'Banjarmlati', 'SHP 4', '800000', '1480', 'Sawah tadah hujan/Musim kemarau Pengairan Sulit', NULL, '2023-08-15 05:48:21', '2023-08-15 05:48:21'),
(1538, '33S3', 33, '1', 'Banjarmlati', 'SHP 8', '2094750', '2025', '...', NULL, '2023-08-15 05:48:21', '2023-08-15 05:48:21'),
(1539, '33S4', 33, '1', 'Banjarmlati', 'Seb. SHP 2', '1215500', '1180', 'SHP 2 luas keseluruhan 1.880 m² sebagian untuk pustu seluas 150 M²', NULL, '2023-08-15 05:48:21', '2023-08-15 05:48:21'),
(1540, '33S5', 33, '1', 'Banjarmlati', 'SHP 16', '750000', '1235', 'Sawah tadah hujan/Musim kemarau Pengairan Sulit', NULL, '2023-08-15 05:48:21', '2023-08-15 05:48:21'),
(1541, '33S6', 33, '1', 'Banjarmlati', 'SHP 21', '1019750', '1490', '...', NULL, '2023-08-15 05:48:21', '2023-08-15 05:48:21'),
(1542, '33S7', 33, '1', 'Banjarmlati', 'SHP 24', '1118500', '1090', '...', NULL, '2023-08-15 05:48:21', '2023-08-15 05:48:21'),
(1543, '34S1', 34, '1', 'Kel. Tamanan', 'SHP 1', '6810000', '7090', '...', NULL, '2023-08-15 05:48:21', '2023-08-15 05:48:21'),
(1544, '34S10', 34, '1', 'Kel. Pojok', 'SHP 4', '2480000', '2480', '...', NULL, '2023-08-15 05:48:21', '2023-08-15 05:48:21'),
(1545, '34S11', 34, '1', 'Kel. Tamanan', 'SHP 9', '11370000', '11650', '...', NULL, '2023-08-15 05:48:21', '2023-08-15 05:48:21'),
(1546, '34S12', 34, '1', 'Kel. Tamanan', 'SHP 16', '7350000', '7600', '...', NULL, '2023-08-15 05:48:21', '2023-08-15 05:48:21'),
(1547, '34S13', 34, '1', 'Kel. Campurejo', 'SHP 3', '4815000', '4945', '...', NULL, '2023-08-15 05:48:21', '2023-08-15 05:48:21'),
(1548, '34S14', 34, '1', 'Kel. Campurejo', 'SHP 4', '4925000', '5090', '...', NULL, '2023-08-15 05:48:21', '2023-08-15 05:48:21'),
(1549, '34S15', 34, '1', 'Kel. Campurejo', 'SHP 6', '1900000', '1960', '...', NULL, '2023-08-15 05:48:21', '2023-08-15 05:48:21'),
(1550, '34S16', 34, '1', 'Kel. Campurejo', 'SHP 7', '600000', '1950', 'Obyek Tidak Laku 2020 (Harga Dasar Sebelumya Rp 2.325.000)', NULL, '2023-08-15 05:48:21', '2023-08-15 05:48:21'),
(1551, '34S17', 34, '1', 'Kel. Bujel', 'SHP 14', '6350000', '6650', '...', NULL, '2023-08-15 05:48:21', '2023-08-15 05:48:21'),
(1552, '34S18', 34, '1', 'Kel. Bujel', 'SHP 10', '5265000', '5500', '...', NULL, '2023-08-15 05:48:21', '2023-08-15 05:48:21'),
(1553, '34S19', 34, '1', 'Kel. Bujel', 'SHP 11', '6450000', '6635', '...', NULL, '2023-08-15 05:48:21', '2023-08-15 05:48:21'),
(1554, '34S2', 34, '1', 'Kel. Tamanan', 'SHP 4', '4150000', '4125', '...', NULL, '2023-08-15 05:48:21', '2023-08-15 05:48:21'),
(1555, '34S20', 34, '1', 'Kel. Bujel', 'SHP 12', '6810000', '6980', '...', NULL, '2023-08-15 05:48:21', '2023-08-15 05:48:21'),
(1556, '34S21', 34, '1', 'Kel. Bujel', 'SHP 13', '6350000', '6550', '...', NULL, '2023-08-15 05:48:21', '2023-08-15 05:48:21'),
(1557, '34S22', 34, '1', 'Kel. Tamanan', 'Sebagian SHP 7', '5465000', '5618', 'Sebagian Seluas 652 M² digunakan untuk Jalan Tembus', NULL, '2023-08-15 05:48:21', '2023-08-15 05:48:21'),
(1558, '34S23', 34, '1', 'Kel. Tamanan', 'SHP 8', '6090000', '6150', '...', NULL, '2023-08-15 05:48:21', '2023-08-15 05:48:21'),
(1559, '34S24', 34, '1', 'Kel. Tamanan', 'SHP 11', '1280000', '1285', '...', NULL, '2023-08-15 05:48:21', '2023-08-15 05:48:21'),
(1560, '34S25', 34, '1', 'Kel. Tamanan', 'SHP 14', '10060000', '10260', '...', NULL, '2023-08-15 05:48:21', '2023-08-15 05:48:21'),
(1561, '34S26', 34, '1', 'Kel. Tamanan', 'SHP 11', '9535000', '9800', '...', NULL, '2023-08-15 05:48:21', '2023-08-15 05:48:21'),
(1562, '34S27', 34, '1', 'Kel. Tamanan', 'SHP 10', '12470000', '10550', 'Eks Bayan Asmuni', NULL, '2023-08-15 05:48:21', '2023-08-15 05:48:21'),
(1563, '34S28', 34, '1', 'Kel. Tamanan', 'SHP 14', '10100000', '11000', 'Eks Bayan Asmuni', NULL, '2023-08-15 05:48:21', '2023-08-15 05:48:21'),
(1564, '34S29', 34, '1', 'Kel. Tamanan', 'SHP 17', '10090000', '11425', 'Eks Bayan Asmuni', NULL, '2023-08-15 05:48:21', '2023-08-15 05:48:21'),
(1565, '34S3', 34, '1', 'Kel. Tamanan', 'Sebagian SHP 5', '1590000', '2165', 'Luas keseluruhan 2.430 M2 sebagian untuk jalan 210 M2', NULL, '2023-08-15 05:48:21', '2023-08-15 05:48:21'),
(1566, '34S4', 34, '1', 'Kel. Campurejo', 'SHP 5', '350000', '1041', 'Obyek Tidak Laku 2020 (Harga Dasar Sebelumya Rp 450.000)', NULL, '2023-08-15 05:48:21', '2023-08-15 05:48:21'),
(1567, '34S5', 34, '1', 'Kel. Tamanan', 'SHP 6', '6600000', '6760', '...', NULL, '2023-08-15 05:48:21', '2023-08-15 05:48:21'),
(1568, '34S6', 34, '1', 'Kel. Tamanan', 'SHP 12', '1115000', '1120', '...', NULL, '2023-08-15 05:48:21', '2023-08-15 05:48:21'),
(1569, '34S7', 34, '1', 'Kel. Tamanan', 'SHP 8', '10310000', '10490', '...', NULL, '2023-08-15 05:48:21', '2023-08-15 05:48:21'),
(1570, '34S8', 34, '1', 'Kel. Tamanan', 'Sebagian SHP 10', '835000', '825', 'Luas 1.630M² sebagian seluas 800M² diusulkan untuk jalan', NULL, '2023-08-15 05:48:21', '2023-08-15 05:48:21'),
(1571, '34S9', 34, '1', 'Kel. Tamanan', 'SHP 13', '1135000', '1115', '...', NULL, '2023-08-15 05:48:21', '2023-08-15 05:48:21'),
(1572, '3S1', 3, '1', 'Kel. Semampir', 'SHP 21', '1470000', '1110', 'Selatan sendiri', NULL, '2023-08-15 05:48:21', '2023-08-15 05:48:21'),
(1573, '3S10', 3, '2', 'Kel. Semampir', 'SHP 55', '2888000', '3500', '...', NULL, '2023-08-15 05:48:21', '2023-08-15 05:48:21'),
(1574, '3S11', 3, '3', 'Kel. Semampir', 'SHP 55', '865000', '1125', '...', NULL, '2023-08-15 05:48:21', '2023-08-15 05:48:21'),
(1575, '3S12', 3, '4', 'Kel. Semampir', 'SHP 55', '2888000', '3500', '...', NULL, '2023-08-15 05:48:21', '2023-08-15 05:48:21'),
(1576, '3S13', 3, '1', 'Kel. Semampir', 'SHP 59', '1442500', '2010', 'Utara Lapangan pas', NULL, '2023-08-15 05:48:21', '2023-08-15 05:48:21'),
(1577, '3S14', 3, '1', 'Kel. Semampir', 'SHP 61', '1125000', '3738', 'Tidak laku, Timur lapangan paling utara', NULL, '2023-08-15 05:48:21', '2023-08-15 05:48:21'),
(1578, '3S15', 3, '2', 'Kel. Semampir', 'SHP 61', '1125000', '3737', '...', NULL, '2023-08-15 05:48:21', '2023-08-15 05:48:21'),
(1579, '3S16', 3, '1', 'Kel. Semampir', 'SHP 62', '1125000', '3559', 'Tidak Laku, Selatan, paling utara', NULL, '2023-08-15 05:48:21', '2023-08-15 05:48:21'),
(1580, '3S17', 3, '2', 'Kel. Semampir', 'SHP 62', '1125000', '3558', '...', NULL, '2023-08-15 05:48:21', '2023-08-15 05:48:21'),
(1581, '3S18', 3, '3', 'Kel. Semampir', 'SHP 62', '1125000', '3558', '...', NULL, '2023-08-15 05:48:21', '2023-08-15 05:48:21'),
(1582, '3S19', 3, '1', 'Kel. Semampir', 'SHP 75', '1075000', '1000', 'Utara Balai RW', NULL, '2023-08-15 05:48:21', '2023-08-15 05:48:21'),
(1583, '3S2', 3, '1', 'Kel. Semampir', 'SHP 27 ', '2463500', '2886', 'Eks  Hari Subeno', NULL, '2023-08-15 05:48:21', '2023-08-15 05:48:21'),
(1584, '3S20', 3, '1', 'Kel. Balowerti', 'SHP 10', '1050000', '1457', '...', NULL, '2023-08-15 05:48:21', '2023-08-15 05:48:21'),
(1585, '3S21', 3, '1', 'Kel. Balowerti', 'SHP 11', '998000', '1150', '...', NULL, '2023-08-15 05:48:21', '2023-08-15 05:48:21'),
(1586, '3S22', 3, '1', 'Kel. Balowerti', 'SHP 12', '1126000', '1162', 'Timur kali pas', NULL, '2023-08-15 05:48:21', '2023-08-15 05:48:21'),
(1587, '3S23', 3, '2', 'Kel. Balowerti', 'SHP 12', '1126000', '1161', '...', NULL, '2023-08-15 05:48:21', '2023-08-15 05:48:21'),
(1588, '3S24', 3, '3', 'Kel. Balowerti', 'SHP 12', '1126000', '1161', '...', NULL, '2023-08-15 05:48:21', '2023-08-15 05:48:21'),
(1589, '3S25', 3, '4', 'Kel. Balowerti', 'SHP 12', '1126000', '1161', '...', NULL, '2023-08-15 05:48:21', '2023-08-15 05:48:21'),
(1590, '3S26', 3, '1', 'Kel. Balowerti', 'SHP 8', '1126000', '1139', '...', NULL, '2023-08-15 05:48:21', '2023-08-15 05:48:21'),
(1591, '3S27', 3, '1', 'Kel. Balowerti', 'SHP 10', '1050000', '1200', 'Kurang Produktif, Baratnya Rel Kereta Api', NULL, '2023-08-15 05:48:21', '2023-08-15 05:48:21'),
(1592, '3S28', 3, '2', 'Kel. Balowerti', 'SHP 10', '1050000', '1200', '...', NULL, '2023-08-15 05:48:21', '2023-08-15 05:48:21'),
(1593, '3S29', 3, '3', 'Kel. Balowerti', 'SHP 10', '260000', '2115', 'Tidak produktif', NULL, '2023-08-15 05:48:21', '2023-08-15 05:48:21'),
(1594, '3S3', 3, '2', 'Kel. Semampir', 'SHP 20', '1470000', '1137', 'Eks  Hari Subeno', NULL, '2023-08-15 05:48:21', '2023-08-15 05:48:21'),
(1595, '3S30', 3, '4', 'Kel. Balowerti', 'SHP 10', '260000', '2115', '...', NULL, '2023-08-15 05:48:21', '2023-08-15 05:48:21'),
(1596, '3S31', 3, '5', 'Kel. Balowerti', 'SHP 10', '260000', '2115', '...', NULL, '2023-08-15 05:48:21', '2023-08-15 05:48:21'),
(1597, '3S32', 3, '6', 'Kel. Balowerti', 'SHP 10', '260000', '2115', '...', NULL, '2023-08-15 05:48:21', '2023-08-15 05:48:21'),
(1598, '3S33', 3, '1', 'Kel. Balowerti', 'SHP 11', '1101000', '1650', 'Kurang produktif, timur kali pas gandeng P 17', NULL, '2023-08-15 05:48:21', '2023-08-15 05:48:21'),
(1599, '3S34', 3, '2', 'Kel. Balowerti', 'SHP 11', '1101000', '1650', '...', NULL, '2023-08-15 05:48:21', '2023-08-15 05:48:21'),
(1600, '3S35', 3, '3', 'Kel. Balowerti', 'SHP 11', '1101000', '1650', '...', NULL, '2023-08-15 05:48:21', '2023-08-15 05:48:21'),
(1601, '3S36', 3, '4', 'Kel. Balowerti', 'SHP 11', '1101000', '1650', '...', NULL, '2023-08-15 05:48:21', '2023-08-15 05:48:21'),
(1602, '3S37', 3, '1', 'Kel. Balowerti', 'SHP 12', '708000', '1350', 'Kurang produktif , timur P 16 berbatasan karangrejo', NULL, '2023-08-15 05:48:21', '2023-08-15 05:48:21'),
(1603, '3S38', 3, '2', 'Kel. Balowerti', 'SHP 12', '708000', '895', '...', NULL, '2023-08-15 05:48:21', '2023-08-15 05:48:21'),
(1604, '3S39', 3, '1', 'Kel. Balowerti', 'SHP 13', '1496000', '1955', '...', NULL, '2023-08-15 05:48:21', '2023-08-15 05:48:21'),
(1605, '3S4', 3, '3', 'Kel. Semampir', 'SHP 28', '2463500', '2886', 'Eks  Hari Subeno', NULL, '2023-08-15 05:48:21', '2023-08-15 05:48:21'),
(1606, '3S40', 3, '1', 'Kel. Blabak', 'SHP 75', '1000000', '705', '...', NULL, '2023-08-15 05:48:21', '2023-08-15 05:48:21'),
(1607, '3S41', 3, '1', 'Kel. Blabak', 'SHP 74', '1000000', '705', '...', NULL, '2023-08-15 05:48:21', '2023-08-15 05:48:21'),
(1608, '3S42', 3, '1', 'Kel. Blabak', 'SHP 73', '1000000', '817', '...', NULL, '2023-08-15 05:48:22', '2023-08-15 05:48:22'),
(1609, '3S43', 3, '1', 'Ds. Pojok Wates', 'SHP 4', '4720000', '3758', 'Eks Djuari', NULL, '2023-08-15 05:48:22', '2023-08-15 05:48:22'),
(1610, '3S44', 3, '1', 'Ds. Sambiresik', 'SHP 2', '6250000', '1310', 'Eks Djuari', NULL, '2023-08-15 05:48:22', '2023-08-15 05:48:22'),
(1611, '3S45', 3, '1', 'Kel. Semampir', 'SHP 58', '1470000', '1214', 'Eks Djuari', NULL, '2023-08-15 05:48:22', '2023-08-15 05:48:22'),
(1612, '3S46', 3, '2', 'Kel. Semampir', 'SHP 58', '1470000', '1214', 'Eks Djuari', NULL, '2023-08-15 05:48:22', '2023-08-15 05:48:22'),
(1613, '3S47', 3, '3', 'Kel. Semampir', 'SHP 58', '1470000', '1214', 'Eks Djuari', NULL, '2023-08-15 05:48:22', '2023-08-15 05:48:22'),
(1614, '3S48', 3, '4', 'Kel. Semampir', 'SHP 58', '1470000', '1214', 'Eks Djuari', NULL, '2023-08-15 05:48:22', '2023-08-15 05:48:22'),
(1615, '3S49', 3, '5', 'Kel. Semampir', 'SHP 58', '1470000', '1214', 'Eks Djuari', NULL, '2023-08-15 05:48:22', '2023-08-15 05:48:22'),
(1616, '3S5', 3, '4', 'Kel. Semampir', 'SHP 28', '2463500', '2886', 'Eks  Hari Subeno', NULL, '2023-08-15 05:48:22', '2023-08-15 05:48:22'),
(1617, '3S50', 3, '1', 'Kel. Semampir', 'SHP 64', '1125000', '3570', 'Eks Djuari, Kurang produktif', NULL, '2023-08-15 05:48:22', '2023-08-15 05:48:22'),
(1618, '3S51', 3, '2', 'Kel. Semampir', 'SHP 64', '1125000', '3570', '...', NULL, '2023-08-15 05:48:22', '2023-08-15 05:48:22'),
(1619, '3S52', 3, '3', 'Kel. Semampir', 'SHP 64', '1125000', '3570', '...', NULL, '2023-08-15 05:48:22', '2023-08-15 05:48:22'),
(1620, '3S53', 3, '1', 'Kel. Semampir', 'NOP. 35.071.015. 012.0003-0010.0', '1075000', '1605', 'Selatan nya urug-an', NULL, '2023-08-15 05:48:22', '2023-08-15 05:48:22'),
(1621, '3S54', 3, '1', 'Kel. Semampir', 'SHP 54', '8770500', '9745', 'Eks Abdul Rochim', NULL, '2023-08-15 05:48:22', '2023-08-15 05:48:22'),
(1622, '3S55', 3, '1', 'Kel. Semampir', 'SHP 65', '10710000', '11350', 'Eks Abdul Rochim', NULL, '2023-08-15 05:48:22', '2023-08-15 05:48:22'),
(1623, '3S56', 3, '1', 'Kel. Semampir', 'SHP 63', '6646000', '7390', 'Eks Sapto Darmo', NULL, '2023-08-15 05:48:22', '2023-08-15 05:48:22'),
(1624, '3S57', 3, '2', 'Kel. Semampir', 'SHP 63', '5701000', '6285', 'Eks Sapto Darmo', NULL, '2023-08-15 05:48:22', '2023-08-15 05:48:22'),
(1625, '3S58', 3, '1', 'Kel. Semampir', 'SHP 66', '11447500', '8275', 'Eks Sapto Darmo', NULL, '2023-08-15 05:48:22', '2023-08-15 05:48:22'),
(1626, '3S59', 3, '1', 'Kel. Semampir', 'SHP 57', '6803500', '7560', 'Eks Bachroni', NULL, '2023-08-15 05:48:22', '2023-08-15 05:48:22'),
(1627, '3S6', 3, '1', 'Kel. Semampir', 'SHP 32', '2120000', '2108', 'Belakang YBK', NULL, '2023-08-15 05:48:22', '2023-08-15 05:48:22'),
(1628, '3S60', 3, '1', 'Kel. Semampir', 'SHP 69', '9521500', '10585', 'Eks Bachroni', NULL, '2023-08-15 05:48:22', '2023-08-15 05:48:22'),
(1629, '3S61', 3, '1', 'Ds. Kambingan Kec. Pagu, Kab. Kediri', 'Seb. SHP 17', '4616000', '5735', 'Eks Bachroni, luas keseluruhan 10.990m2, sebagian untuk gaji perangkat a/n supanudi seluas 5.250m2', NULL, '2023-08-15 05:48:22', '2023-08-15 05:48:22'),
(1630, '3S7', 3, '2', 'Kel. Semampir', 'SHP 32', '2120000', '2107', '...', NULL, '2023-08-15 05:48:22', '2023-08-15 05:48:22'),
(1631, '3S8', 3, '1', 'Kel. Semampir', 'SHP 43', '348000', '4215', 'Utara Jembatan', NULL, '2023-08-15 05:48:22', '2023-08-15 05:48:22'),
(1632, '3S9', 3, '1', 'Kel. Semampir', 'SHP 55', '2888000', '3500', 'Blok utara Lapangan', NULL, '2023-08-15 05:48:22', '2023-08-15 05:48:22'),
(1633, '35S1', 35, '1', 'Kel. Campurejo', 'SHP 37', '325000', '1160', '...', NULL, '2023-08-15 05:48:22', '2023-08-15 05:48:22'),
(1634, '35S10', 35, '1', 'Kel. Campurejo', 'SHP 47', '325000', '815', '...', NULL, '2023-08-15 05:48:22', '2023-08-15 05:48:22'),
(1635, '35S11', 35, '1', 'Kel. Campurejo', 'SHP 48', '325000', '815', '...', NULL, '2023-08-15 05:48:22', '2023-08-15 05:48:22'),
(1636, '35S12', 35, '1', 'Kel. Campurejo', 'SHP 49', '325000', '815', '...', NULL, '2023-08-15 05:48:22', '2023-08-15 05:48:22'),
(1637, '35S13', 35, '1', 'Kel. Campurejo', 'SHP 50', '325000', '810', '...', NULL, '2023-08-15 05:48:22', '2023-08-15 05:48:22'),
(1638, '35S14', 35, '1', 'Kel. Campurejo', 'SHP 46', '325000', '873', '...', NULL, '2023-08-15 05:48:22', '2023-08-15 05:48:22'),
(1639, '35S15', 35, '1', 'Kel. Campurejo', 'SHP 59', '325000', '815', '...', NULL, '2023-08-15 05:48:22', '2023-08-15 05:48:22'),
(1640, '35S16', 35, '1', 'Kel. Campurejo', 'SHP 60', '325000', '845', '...', NULL, '2023-08-15 05:48:22', '2023-08-15 05:48:22'),
(1641, '35S17', 35, '1', 'Kel. Campurejo', 'SHP 61', '450000', '1180', '...', NULL, '2023-08-15 05:48:22', '2023-08-15 05:48:22'),
(1642, '35S18', 35, '1', 'Kel. Campurejo', 'SHP 71', '335000', '800', '...', NULL, '2023-08-15 05:48:22', '2023-08-15 05:48:22'),
(1643, '35S19', 35, '1', 'Kel. Campurejo', 'SHP 72', '500000', '1460', '...', NULL, '2023-08-15 05:48:22', '2023-08-15 05:48:22'),
(1644, '35S2', 35, '1', 'Kel. Campurejo', 'SHP 38', '350000', '1470', '...', NULL, '2023-08-15 05:48:22', '2023-08-15 05:48:22'),
(1645, '35S20', 35, '1', 'Kel. Campurejo', 'SHP 77', '1750000', '9580', '...', NULL, '2023-08-15 05:48:22', '2023-08-15 05:48:22'),
(1646, '35S21', 35, '1', 'Kel. Bujel', 'SHP 1', '2450000', '4975', '...', NULL, '2023-08-15 05:48:22', '2023-08-15 05:48:22'),
(1647, '35S22', 35, '1', 'Kel. Bujel', 'SHP 2', '2600000', '5390', '...', NULL, '2023-08-15 05:48:22', '2023-08-15 05:48:22'),
(1648, '35S23', 35, '1', 'Kel. Bujel', 'SHP 3', '4350000', '7410', '...', NULL, '2023-08-15 05:48:22', '2023-08-15 05:48:22'),
(1649, '35S24', 35, '1', 'Kel. Bujel', 'SHP 4', '3875000', '6625', '...', NULL, '2023-08-15 05:48:22', '2023-08-15 05:48:22'),
(1650, '35S25', 35, '1', 'Kel. Bujel', 'SHP 5', '1050000', '2080', '...', NULL, '2023-08-15 05:48:22', '2023-08-15 05:48:22'),
(1651, '35S26', 35, '1', 'Kel. Bujel', 'SHP 6', '3950000', '6660', '...', NULL, '2023-08-15 05:48:22', '2023-08-15 05:48:22'),
(1652, '35S27', 35, '1', 'Kel. Bujel', 'SHP 7', '1620000', '3120', 'Eks-Ponj An. H. Zainal Arifin ', NULL, '2023-08-15 05:48:22', '2023-08-15 05:48:22'),
(1653, '35S28', 35, '1', 'Kel. Bujel', 'SHP 8', '460000', '810', '...', NULL, '2023-08-15 05:48:22', '2023-08-15 05:48:22'),
(1654, '35S29', 35, '1', 'Kel. Bujel', 'SHP 9', '2450000', '4865', '...', NULL, '2023-08-15 05:48:22', '2023-08-15 05:48:22'),
(1655, '35S3', 35, '1', 'Kel. Campurejo', 'SHP 39', '285000', '885', '...', NULL, '2023-08-15 05:48:22', '2023-08-15 05:48:22'),
(1656, '35S30', 35, '1', 'Kel. Bujel', 'SHP 10', '2100000', '4345', '...', NULL, '2023-08-15 05:48:22', '2023-08-15 05:48:22'),
(1657, '35S31', 35, '1', 'Kel. Bujel', 'SHP 11', '1100000', '2166', '...', NULL, '2023-08-15 05:48:22', '2023-08-15 05:48:22'),
(1658, '35S32', 35, '1', 'Kel. Bujel', 'SHP 24', '1120000', '2715', '...', NULL, '2023-08-15 05:48:22', '2023-08-15 05:48:22'),
(1659, '35S33', 35, '1', 'Kel. Bujel', 'SHP 44', '1450000', '3235', '...', NULL, '2023-08-15 05:48:22', '2023-08-15 05:48:22'),
(1660, '35S34', 35, '1', 'Kel. Bujel', 'SHP 45', '1500000', '2850', '...', NULL, '2023-08-15 05:48:22', '2023-08-15 05:48:22'),
(1661, '35S35', 35, '1', 'Kel. Bujel', 'SHP 46', '3200000', '5550', '...', NULL, '2023-08-15 05:48:22', '2023-08-15 05:48:22'),
(1662, '35S36', 35, '1', 'Kel. Bawang', 'SHP 8', '680000', '1199', '...', NULL, '2023-08-15 05:48:22', '2023-08-15 05:48:22'),
(1663, '35S37', 35, '1', 'Kel. Bawang', 'SHP 8', '350000', '1180', '...', NULL, '2023-08-15 05:48:22', '2023-08-15 05:48:22'),
(1664, '35S38', 35, '1', 'Kel. Bawang', 'SHP 10', '850000', '1050', '...', NULL, '2023-08-15 05:48:22', '2023-08-15 05:48:22'),
(1665, '35S39', 35, '1', 'Kel. Bawang', 'SHP 12', '1020000', '4110', '...', NULL, '2023-08-15 05:48:22', '2023-08-15 05:48:22'),
(1666, '35S4', 35, '1', 'Kel. Campurejo', 'SHP 41', '320000', '1215', '...', NULL, '2023-08-15 05:48:22', '2023-08-15 05:48:22'),
(1667, '35S40', 35, '1', 'Kel. Gayam', 'SHP 1', '3500000', '5460', '...', NULL, '2023-08-15 05:48:22', '2023-08-15 05:48:22'),
(1668, '35S41', 35, '1', 'Kel. Gayam', 'SHP 2', '875000', '1549', '...', NULL, '2023-08-15 05:48:22', '2023-08-15 05:48:22'),
(1669, '35S42', 35, '1', 'Kel. Gayam', 'SHP 3', '1075000', '1880', '...', NULL, '2023-08-15 05:48:22', '2023-08-15 05:48:22'),
(1670, '35S43', 35, '1', 'Kel. Gayam', 'SHP 4', '1950000', '3700', 'Eks-Ponj An. Muasisul Choirot ', NULL, '2023-08-15 05:48:22', '2023-08-15 05:48:22'),
(1671, '35S44', 35, '1', 'Kel. Gayam', 'SHP 5', '4420000', '6970', '...', NULL, '2023-08-15 05:48:22', '2023-08-15 05:48:22'),
(1672, '35S45', 35, '1', 'Kel. Gayam', 'SHP 6', '2450000', '4620', '...', NULL, '2023-08-15 05:48:22', '2023-08-15 05:48:22'),
(1673, '35S46', 35, '1', 'Kel. Gayam', 'SHP 7', '2720000', '4165', '...', NULL, '2023-08-15 05:48:22', '2023-08-15 05:48:22'),
(1674, '35S47', 35, '1', 'Kel. Gayam', 'SHP 8', '2420000', '4590', '...', NULL, '2023-08-15 05:48:22', '2023-08-15 05:48:22'),
(1675, '35S48', 35, '1', 'Kel. Gayam', 'SHP 9', '2650000', '4985', '...', NULL, '2023-08-15 05:48:22', '2023-08-15 05:48:22'),
(1676, '35S49', 35, '1', 'Kel. Gayam', 'SHP 10', '2720000', '4270', '...', NULL, '2023-08-15 05:48:22', '2023-08-15 05:48:22'),
(1677, '35S5', 35, '1', 'Kel. Campurejo', 'SHP 42', '165000', '725', '...', NULL, '2023-08-15 05:48:22', '2023-08-15 05:48:22'),
(1678, '35S50', 35, '1', 'Kel. Gayam', 'SHP 11', '1375000', '2410', '...', NULL, '2023-08-15 05:48:22', '2023-08-15 05:48:22'),
(1679, '35S51', 35, '1', 'Kel. Ngampel', 'SHP 5', '1050000', '1825', '...', NULL, '2023-08-15 05:48:22', '2023-08-15 05:48:22'),
(1680, '35S52', 35, '1', 'Kel. Ngampel', 'SHP 6', '3150000', '5750', '...', NULL, '2023-08-15 05:48:22', '2023-08-15 05:48:22'),
(1681, '35S53', 35, '1', 'Kel. Sukorame', 'SHP 19', '1150000', '4985', '...', NULL, '2023-08-15 05:48:22', '2023-08-15 05:48:22'),
(1682, '35S54', 35, '1', 'Kel. Sukorame', 'SHP 20', '750000', '2350', '...', NULL, '2023-08-15 05:48:22', '2023-08-15 05:48:22'),
(1683, '35S55', 35, '1', 'Kel. Ngletih', 'SHP 4', '3120000', '2620', '...', NULL, '2023-08-15 05:48:22', '2023-08-15 05:48:22'),
(1684, '35S56', 35, '1', 'Kel. Campurejo', 'SHP 73', '950000', '3860', '...', NULL, '2023-08-15 05:48:22', '2023-08-15 05:48:22'),
(1685, '35S57', 35, '1', 'Kel. Campurejo', 'SHP 35', '600000', '2193', 'Obyek baru 2020 ', NULL, '2023-08-15 05:48:22', '2023-08-15 05:48:22'),
(1686, '35S58', 35, '1', 'Kel Ketami', 'SHP 3', '1535000', '1815', 'Obyek baru 2021 ', NULL, '2023-08-15 05:48:22', '2023-08-15 05:48:22'),
(1687, '35S59', 35, '1', 'Kel Ketami', 'SHP 4', '1110000', '1205', 'Obyek baru 2021 ', NULL, '2023-08-15 05:48:22', '2023-08-15 05:48:22'),
(1688, '35S6', 35, '1', 'Kel. Campurejo', 'SHP 43', '325000', '1160', '...', NULL, '2023-08-15 05:48:22', '2023-08-15 05:48:22'),
(1689, '35S7', 35, '1', 'Kel. Campurejo', 'SHP 44', '250000', '1105', '...', NULL, '2023-08-15 05:48:22', '2023-08-15 05:48:22'),
(1690, '35S8', 35, '1', 'Kel. Campurejo', 'SHP 45', '285000', '860', '...', NULL, '2023-08-15 05:48:22', '2023-08-15 05:48:22'),
(1691, '35S9', 35, '1', 'Kel. Campurejo', 'SHP 46', '355000', '870', '...', NULL, '2023-08-15 05:48:22', '2023-08-15 05:48:22'),
(1692, '36S1', 36, '1', 'Manisrenggo', 'SHP 19, 20', '3205000', '1565', '...', NULL, '2023-08-15 05:48:22', '2023-08-15 05:48:22'),
(1693, '36S10', 36, '2', 'Manisrenggo', 'Seb. SHP 61', '11020000', '7000', '...', NULL, '2023-08-15 05:48:22', '2023-08-15 05:48:22'),
(1694, '36S11', 36, '3', 'Manisrenggo', 'Seb. SHP 61', '2000000', '7000', '...', NULL, '2023-08-15 05:48:22', '2023-08-15 05:48:22'),
(1695, '36S12', 36, '4', 'Manisrenggo', 'Seb. SHP 61', '5241500', '2860', '...', NULL, '2023-08-15 05:48:22', '2023-08-15 05:48:22'),
(1696, '36S13', 36, '5', 'Manisrenggo', 'Seb. SHP 61', '7791000', '4946', '...', NULL, '2023-08-15 05:48:22', '2023-08-15 05:48:22'),
(1697, '36S14', 36, '1', 'Manisrenggo', 'Persil 11', '1102500', '700', '...', NULL, '2023-08-15 05:48:22', '2023-08-15 05:48:22'),
(1698, '36S15', 36, '1', 'Manisrenggo', 'SHP 38', '3915000', '1989', '...', NULL, '2023-08-15 05:48:22', '2023-08-15 05:48:22'),
(1699, '36S16', 36, '1', 'Manisrenggo', 'SHP 18', '1026500', '655', '...', NULL, '2023-08-15 05:48:22', '2023-08-15 05:48:22'),
(1700, '36S17', 36, '1', 'Manisrenggo', 'SHP 55', '12000000', '9924', '...', NULL, '2023-08-15 05:48:22', '2023-08-15 05:48:22'),
(1701, '36S18', 36, '2', 'Manisrenggo', 'SHP 55', '12000000', '9925', '...', NULL, '2023-08-15 05:48:22', '2023-08-15 05:48:22'),
(1702, '36S19', 36, '1', 'Manisrenggo', 'SHP 15', '10605000', '6725', '...', NULL, '2023-08-15 05:48:22', '2023-08-15 05:48:22'),
(1703, '36S2', 36, '1', 'Manisrenggo', 'SHP 10', '8375000', '4690', '...', NULL, '2023-08-15 05:48:22', '2023-08-15 05:48:22'),
(1704, '36S20', 36, '1', 'Manisrenggo', 'Seb. SHP 47, SHP 48', '5012500', '2631', 'Luas keseluruhan 12.610 M² Sebagian seluas 7,904 M² untuk lapangan               ', NULL, '2023-08-15 05:48:22', '2023-08-15 05:48:22'),
(1705, '36S21', 36, '1', 'Manisrenggo', 'Seb. SHP 49, Seb. SHP 56', '10990000', '6978', 'Luas keseluruhan 16.870  M² sebagian seluas 7.746 M² gaji non PNS Sdr. Abdul Rochim, 1.001 M² jalan desa, 5.059 M² lapangan Luas keseluruhan 1.523 M² sebagian seluas 289 M² jalan desa, 525 M² gaji non PNS  Abdul Rochim', NULL, '2023-08-15 05:48:22', '2023-08-15 05:48:22'),
(1706, '36S22', 36, '1', 'Manisrenggo', 'SHP 37', '12000000', '7289', '...', NULL, '2023-08-15 05:48:22', '2023-08-15 05:48:22'),
(1707, '36S23', 36, '1', 'Manisrenggo', 'SHP 14', '11286000', '7472', '...', NULL, '2023-08-15 05:48:22', '2023-08-15 05:48:22'),
(1708, '36S24', 36, '1', 'Manisrenggo', 'SHP 28, SHP 34', '14500000', '10954', '...', NULL, '2023-08-15 05:48:22', '2023-08-15 05:48:22'),
(1709, '36S25', 36, '1', 'Manisrenggo', 'SHP 21', '7195000', '4587', '...', NULL, '2023-08-15 05:48:22', '2023-08-15 05:48:22'),
(1710, '36S26', 36, '1', 'Manisrenggo', 'SHP 24,SHP 25, SHP 59', '7907000', '10542', '...', NULL, '2023-08-15 05:48:22', '2023-08-15 05:48:22'),
(1711, '36S27', 36, '1', 'Manisrenggo', 'SHP 08', '4200000', '1914', 'eks P Jais', NULL, '2023-08-15 05:48:22', '2023-08-15 05:48:22'),
(1712, '36S28', 36, '1', 'Manisrenggo', 'SHP 12', '1726000', '1410', '...', NULL, '2023-08-15 05:48:22', '2023-08-15 05:48:22'),
(1713, '36S29', 36, '1', 'Manisrenggo', 'SHP 12', '1261000', '1100', '...', NULL, '2023-08-15 05:48:23', '2023-08-15 05:48:23'),
(1714, '36S3', 36, '1', 'Manisrenggo', 'Seb. SHP 09', '4200000', '1910', 'Luas keseluruhan 9.226 M² sebagian seluas 2,800 M² gaji P Abd Rokim ', NULL, '2023-08-15 05:48:23', '2023-08-15 05:48:23'),
(1715, '36S30', 36, '1', 'Manisrenggo', 'SHP 43', '9500000', '5414', '...', NULL, '2023-08-15 05:48:23', '2023-08-15 05:48:23'),
(1716, '36S31', 36, '1', 'Manisrenggo', 'SHP 44', '1500000', '1203', 'eks P Jais', NULL, '2023-08-15 05:48:23', '2023-08-15 05:48:23'),
(1717, '36S32', 36, '1', 'Manisrenggo', 'SHP 53', '4500000', '2147', 'eks P Jais', NULL, '2023-08-15 05:48:23', '2023-08-15 05:48:23'),
(1718, '36S33', 36, '1', 'Manisrenggo', 'SHP 50', '10750000', '6038', 'eks P Jais', NULL, '2023-08-15 05:48:23', '2023-08-15 05:48:23'),
(1719, '36S34', 36, '1', 'Manisrenggo', 'SHP 32', '8750000', '4973', 'eks P Jais', NULL, '2023-08-15 05:48:23', '2023-08-15 05:48:23'),
(1720, '36S35', 36, '1', 'Manisrenggo', 'SHP 26', '8500000', '7567', 'eks P Jais', NULL, '2023-08-15 05:48:23', '2023-08-15 05:48:23'),
(1721, '36S36', 36, '1', 'Manisrenggo', 'SHP 27', '8502500', '5399', 'Eks P Jais', NULL, '2023-08-15 05:48:23', '2023-08-15 05:48:23'),
(1722, '36S37', 36, '1', 'Manisrenggo', 'SHP 13', '8200000', '7542', 'eks P Jais', NULL, '2023-08-15 05:48:23', '2023-08-15 05:48:23'),
(1723, '36S4', 36, '2', 'Manisrenggo', 'Seb. SHP 09', '4673500', '3261', '...', NULL, '2023-08-15 05:48:23', '2023-08-15 05:48:23');
INSERT INTO `tkds` (`id`, `id_tkd`, `id_kelurahan`, `bidang`, `letak`, `bukti`, `harga_dasar`, `luas`, `keterangan`, `nop`, `created_at`, `updated_at`) VALUES
(1724, '36S5', 36, '3', 'Manisrenggo', 'Seb. SHP 09', '1150000', '700', 'Eks P Jais', NULL, '2023-08-15 05:48:23', '2023-08-15 05:48:23'),
(1725, '36S6', 36, '1', 'Manisrenggo', 'Seb. SHP 45, Seb. SHP 46', '5462000', '3500', '...', NULL, '2023-08-15 05:48:23', '2023-08-15 05:48:23'),
(1726, '36S7', 36, '1', 'Manisrenggo', 'SHP 8, 14, 10, 11', '13437000', '11156', '...', NULL, '2023-08-15 05:48:23', '2023-08-15 05:48:23'),
(1727, '36S8', 36, '1', 'Manisrenggo', 'SHP 41, 42', '4646000', '2438', '...', NULL, '2023-08-15 05:48:23', '2023-08-15 05:48:23'),
(1728, '36S9', 36, '1', 'Manisrenggo', 'Seb. SHP 61', '11125000', '7098', 'Luas keseluruhan 36.858 M² Sebagian seluas  2.800 M² TPS, 2.550 M² jalan desa, 2.104 M² gaji non PNS an. Abdul Rochim, SHP 61 bidang 3 luas 7.000 M² kurang produktif', NULL, '2023-08-15 05:48:23', '2023-08-15 05:48:23'),
(1729, '4S1', 4, '1', 'Kel.Ngadirejo/ Mlaten', 'HP 14, 15, 16, 17, 18, 19, 20', '12469320', '11527', '...', NULL, '2023-08-15 05:48:23', '2023-08-15 05:48:23'),
(1730, '4S10', 4, '1', 'Kel.Ngadirejo /Mlaten', 'seb HP 37 , HP 11, HP 42', '11607000', '1335', '...', NULL, '2023-08-15 05:48:23', '2023-08-15 05:48:23'),
(1731, '4S11', 4, '1', 'Kel.Ngadirejo', 'HP 31, Seb. HP 37', '9767175', '7350', '...', NULL, '2023-08-15 05:48:23', '2023-08-15 05:48:23'),
(1732, '4S12', 4, '1', 'Kel. Bawang ', 'HP 85, HP 86', '9312875', '5505', '...', NULL, '2023-08-15 05:48:23', '2023-08-15 05:48:23'),
(1733, '4S13', 4, '1', 'Kel. Bawang ', 'HP 87', '7802820', '385', '...', NULL, '2023-08-15 05:48:23', '2023-08-15 05:48:23'),
(1734, '4S14', 4, '1', 'Kel. Blabak', 'HP 64, HP 65', '4950750', '1747', '...', NULL, '2023-08-15 05:48:23', '2023-08-15 05:48:23'),
(1735, '4S15', 4, '1', 'Kel. Betet', 'HP 57', '9767175', '6557', '...', NULL, '2023-08-15 05:48:23', '2023-08-15 05:48:23'),
(1736, '4S16', 4, '1', 'Kel. Blabak', 'HP 63', '1571020', '1090', '...', NULL, '2023-08-15 05:48:23', '2023-08-15 05:48:23'),
(1737, '4S17', 4, '1', 'Desa Sukorejo ', 'HP 01', '3531450', '2825', '...', NULL, '2023-08-15 05:48:23', '2023-08-15 05:48:23'),
(1738, '4S18', 4, '1', 'Desa Sukorejo', 'HP 02, 03, 04', '1250620', '10270', '...', NULL, '2023-08-15 05:48:23', '2023-08-15 05:48:23'),
(1739, '4S19', 4, '1', 'Desa Sukorejo ', 'HP 05', '9767175', '5250', '...', NULL, '2023-08-15 05:48:23', '2023-08-15 05:48:23'),
(1740, '4S2', 4, '1', 'Kel. Banjaran', 'SHP 31', '4620000', '4758', 'Kurang Produktif', NULL, '2023-08-15 05:48:23', '2023-08-15 05:48:23'),
(1741, '4S20', 4, '1', 'Kel. Ngadirejo/ Mlaten', 'HP 9', '4187734', '3115', 'eks Sukemi', NULL, '2023-08-15 05:48:23', '2023-08-15 05:48:23'),
(1742, '4S21', 4, '1', 'Kel. Ngadirejo/ Mlaten', 'HP 10', '5914375', '5475', 'eks Sukemi', NULL, '2023-08-15 05:48:23', '2023-08-15 05:48:23'),
(1743, '4S22', 4, '1', 'Kel. Ngadirejo /Mlaten', 'HP 11', '1383950', '1115', 'eks Sukemi', NULL, '2023-08-15 05:48:23', '2023-08-15 05:48:23'),
(1744, '4S23', 4, '1', 'Kel. Ngadirejo/ Mlaten', 'HP 12', '2190620', '1980', 'eks Sukemi', NULL, '2023-08-15 05:48:23', '2023-08-15 05:48:23'),
(1745, '4S24', 4, '1', 'Kel. Tosaren', 'HP 7 ', '1037500', '1420', 'eks Sukemi, Kurang Produktif', NULL, '2023-08-15 05:48:23', '2023-08-15 05:48:23'),
(1746, '4S25', 4, '1', 'Kel. Tinalan', 'HP 2', '8717700', '9811', 'eks Sukemi', NULL, '2023-08-15 05:48:23', '2023-08-15 05:48:23'),
(1747, '4S26', 4, '1', 'Kel. Tinalan', 'HP 4', '10547200', '7556', 'eks Sukemi', NULL, '2023-08-15 05:48:23', '2023-08-15 05:48:23'),
(1748, '4S27', 4, '1', 'Kel. Tinalan', 'HM 872', '1128875', '1000', 'eks Sukemi', NULL, '2023-08-15 05:48:23', '2023-08-15 05:48:23'),
(1749, '4S3', 4, '1', 'Kel. Banjaran', 'SHP 37', '2575000', '3266', '...', NULL, '2023-08-15 05:48:23', '2023-08-15 05:48:23'),
(1750, '4S4', 4, '1', 'Kel. Banjaran', 'SHP 38', '1550000', '387', '...', NULL, '2023-08-15 05:48:23', '2023-08-15 05:48:23'),
(1751, '4S5', 4, '1', 'Kel.Tosaren ', 'HP 8, 9, 10', '5866075', '4775', '...', NULL, '2023-08-15 05:48:23', '2023-08-15 05:48:23'),
(1752, '4S6', 4, '1', 'Kel.Burengan', 'HP 5, HP 7, HP 9', '11827620', '14531', '...', NULL, '2023-08-15 05:48:23', '2023-08-15 05:48:23'),
(1753, '4S7', 4, '1', 'Kel.Ngadirejo', 'HP 35', '10811320', '9680', '...', NULL, '2023-08-15 05:48:23', '2023-08-15 05:48:23'),
(1754, '4S8', 4, '1', 'Kel.Ngadirejo', 'HP 34', '6138950', '6790', '...', NULL, '2023-08-15 05:48:23', '2023-08-15 05:48:23'),
(1755, '4S9', 4, '1', 'Kel.Ngadirejo', 'HP 38, HP 35', '10811320', '10445', '...', NULL, '2023-08-15 05:48:23', '2023-08-15 05:48:23'),
(1756, '46S1', 46, '1', 'KEL. REJOMULYO', 'SHP 26', '3502595', '2091', '...', NULL, '2023-08-15 05:48:23', '2023-08-15 05:48:23'),
(1757, '46S10', 46, '3', 'KEL. REJOMULYO', 'SHP 11', '4116560', '2168', '...', NULL, '2023-08-15 05:48:23', '2023-08-15 05:48:23'),
(1758, '46S11', 46, '4', 'KEL. REJOMULYO', 'SHP 11', '4116560', '2168', '...', NULL, '2023-08-15 05:48:23', '2023-08-15 05:48:23'),
(1759, '46S12', 46, '5', 'KEL. REJOMULYO', 'SHP 11', '3999490', '2169', '...', NULL, '2023-08-15 05:48:23', '2023-08-15 05:48:23'),
(1760, '46S13', 46, '6', 'KEL. REJOMULYO', 'SHP 11', '3999490', '2169', '...', NULL, '2023-08-15 05:48:23', '2023-08-15 05:48:23'),
(1761, '46S14', 46, '1', 'KEL. REJOMULYO', 'SHP 10', '6044555', '3531', '...', NULL, '2023-08-15 05:48:23', '2023-08-15 05:48:23'),
(1762, '46S15', 46, '2', 'KEL. REJOMULYO', 'SHP 10', '4104505', '2189', '...', NULL, '2023-08-15 05:48:23', '2023-08-15 05:48:23'),
(1763, '46S16', 46, '3', 'KEL. REJOMULYO', 'SHP 10', '4104505', '2189', '...', NULL, '2023-08-15 05:48:23', '2023-08-15 05:48:23'),
(1764, '46S17', 46, '4', 'KEL. REJOMULYO', 'SHP 10', '3527810', '2189', '...', NULL, '2023-08-15 05:48:23', '2023-08-15 05:48:23'),
(1765, '46S18', 46, '5', 'KEL. REJOMULYO', 'SHP 10', '6183575', '3535', '...', NULL, '2023-08-15 05:48:23', '2023-08-15 05:48:23'),
(1766, '46S19', 46, '1', 'KEL. REJOMULYO', 'SHP 24', '2899000', '1755', '...', NULL, '2023-08-15 05:48:23', '2023-08-15 05:48:23'),
(1767, '46S2', 46, '2', 'KEL. REJOMULYO', 'SHP 26', '3502595', '2091', '...', NULL, '2023-08-15 05:48:23', '2023-08-15 05:48:23'),
(1768, '46S20', 46, '2', 'KEL. REJOMULYO', 'SHP 24', '2694500', '1755', '...', NULL, '2023-08-15 05:48:23', '2023-08-15 05:48:23'),
(1769, '46S21', 46, '3', 'KEL. REJOMULYO', 'SHP 24', '3483975', '1755', '...', NULL, '2023-08-15 05:48:23', '2023-08-15 05:48:23'),
(1770, '46S22', 46, '4', 'KEL. REJOMULYO', 'SHP 24', '3481925', '1754', '...', NULL, '2023-08-15 05:48:23', '2023-08-15 05:48:23'),
(1771, '46S23', 46, '1', 'KEL. REJOMULYO', 'SHP 12', '3455650', '1805', '...', NULL, '2023-08-15 05:48:23', '2023-08-15 05:48:23'),
(1772, '46S24', 46, '2', 'KEL. REJOMULYO', 'SHP 12', '3455650', '1804', '...', NULL, '2023-08-15 05:48:23', '2023-08-15 05:48:23'),
(1773, '46S25', 46, '1', 'KEL. REJOMULYO', 'SHP 13', '3834655', '2063', '...', NULL, '2023-08-15 05:48:23', '2023-08-15 05:48:23'),
(1774, '46S26', 46, '2', 'KEL. REJOMULYO', 'SHP 13', '1596050', '1350', '...', NULL, '2023-08-15 05:48:23', '2023-08-15 05:48:23'),
(1775, '46S27', 46, '1', 'KEL. REJOMULYO', 'SHP 14', '3534960', '1788', '...', NULL, '2023-08-15 05:48:23', '2023-08-15 05:48:23'),
(1776, '46S28', 46, '2', 'KEL. REJOMULYO', 'SHP 14', '3427320', '1789', '...', NULL, '2023-08-15 05:48:23', '2023-08-15 05:48:23'),
(1777, '46S29', 46, '1', 'KEL. REJOMULYO', 'SHP 8', '6635410', '4248', '...', NULL, '2023-08-15 05:48:23', '2023-08-15 05:48:23'),
(1778, '46S3', 46, '3', 'KEL. REJOMULYO', 'SHP 26', '3501050', '2090', '...', NULL, '2023-08-15 05:48:23', '2023-08-15 05:48:23'),
(1779, '46S30', 46, '1', 'KEL. REJOMULYO', 'SHP 28', '3193580', '1967', '...', NULL, '2023-08-15 05:48:23', '2023-08-15 05:48:23'),
(1780, '46S31', 46, '2', 'KEL. REJOMULYO', 'SHP 28', '3193580', '1967', '...', NULL, '2023-08-15 05:48:23', '2023-08-15 05:48:23'),
(1781, '46S32', 46, '3', 'KEL. REJOMULYO', 'SHP 28', '3193580', '1966', '...', NULL, '2023-08-15 05:48:23', '2023-08-15 05:48:23'),
(1782, '46S33', 46, '1', 'KEL. REJOMULYO', 'SHP 14', '4321000', '2800', '...', NULL, '2023-08-15 05:48:23', '2023-08-15 05:48:23'),
(1783, '46S34', 46, '2', 'KEL. REJOMULYO', 'SHP 14', '3439115', '1721', '...', NULL, '2023-08-15 05:48:23', '2023-08-15 05:48:23'),
(1784, '46S35', 46, '3', 'KEL. REJOMULYO', 'SHP 14', '3439115', '1721', '...', NULL, '2023-08-15 05:48:23', '2023-08-15 05:48:23'),
(1785, '46S36', 46, '1', 'KEL. REJOMULYO', 'SHP 12', '4141600', '2800', '...', NULL, '2023-08-15 05:48:23', '2023-08-15 05:48:23'),
(1786, '46S37', 46, '2', 'KEL. REJOMULYO', 'SHP 12', '2899000', '1770', '...', NULL, '2023-08-15 05:48:23', '2023-08-15 05:48:23'),
(1787, '46S38', 46, '3', 'KEL. REJOMULYO', 'SHP 12', '2899000', '1771', '...', NULL, '2023-08-15 05:48:23', '2023-08-15 05:48:23'),
(1788, '46S39', 46, '1', 'KEL. REJOMULYO', 'SHP 9', '1319450', '1190', '...', NULL, '2023-08-15 05:48:23', '2023-08-15 05:48:23'),
(1789, '46S4', 46, '1', 'KEL. REJOMULYO', 'SHP 25', '3937120', '2127', '...', NULL, '2023-08-15 05:48:23', '2023-08-15 05:48:23'),
(1790, '46S40', 46, '1', 'KEL. REJOMULYO', 'SHP 17', '1397775', '1272', '...', NULL, '2023-08-15 05:48:23', '2023-08-15 05:48:23'),
(1791, '46S41', 46, '1', 'KEL. REJOMULYO', 'SHP 20', '1482750', '811', '...', NULL, '2023-08-15 05:48:23', '2023-08-15 05:48:23'),
(1792, '46S42', 46, '1', 'KEL. REJOMULYO', 'SHP 19', '4452190', '2882', '...', NULL, '2023-08-15 05:48:23', '2023-08-15 05:48:23'),
(1793, '46S43', 46, '2', 'KEL. REJOMULYO', 'SHP 19', '4115000', '2881', '...', NULL, '2023-08-15 05:48:23', '2023-08-15 05:48:23'),
(1794, '46S44', 46, '1', 'KEL. REJOMULYO', 'SHP 18', '4115000', '2788', '...', NULL, '2023-08-15 05:48:23', '2023-08-15 05:48:23'),
(1795, '46S45', 46, '2', 'KEL. REJOMULYO', 'SHP 18', '4120105', '2788', '...', NULL, '2023-08-15 05:48:23', '2023-08-15 05:48:23'),
(1796, '46S46', 46, '1', 'KEL. REJOMULYO', 'SHP 8', '482875', '2175', '...', NULL, '2023-08-15 05:48:23', '2023-08-15 05:48:23'),
(1797, '46S47', 46, '2', 'KEL. REJOMULYO', 'SHP 8', '482875', '2175', '...', NULL, '2023-08-15 05:48:23', '2023-08-15 05:48:23'),
(1798, '46S48', 46, '1', 'KEL. REJOMULYO ', 'Seb SHP 5', '2600000', '2811', ' (SHP 5 luas  11.644 M², Sebagian  seluas 400 M2 digunakan Green House) , Kurang Produktif', NULL, '2023-08-15 05:48:23', '2023-08-15 05:48:23'),
(1799, '46S49', 46, '2', 'KEL. REJOMULYO ', 'Seb SHP 5', '2600000', '2811', '...', NULL, '2023-08-15 05:48:23', '2023-08-15 05:48:23'),
(1800, '46S5', 46, '2', 'KEL. REJOMULYO', 'SHP 25', '1482750', '814', '...', NULL, '2023-08-15 05:48:23', '2023-08-15 05:48:23'),
(1801, '46S50', 46, '3', 'KEL. REJOMULYO ', 'Seb SHP 5', '2600000', '2811', '...', NULL, '2023-08-15 05:48:23', '2023-08-15 05:48:23'),
(1802, '46S51', 46, '4', 'KEL. REJOMULYO ', 'Seb SHP 5', '4161500', '2811', '...', NULL, '2023-08-15 05:48:23', '2023-08-15 05:48:23'),
(1803, '46S52', 46, '1', 'KEL. REJOMULYO ', 'SHP 6', '2662685', '1583', '...', NULL, '2023-08-15 05:48:23', '2023-08-15 05:48:23'),
(1804, '46S53', 46, '2', 'KEL. REJOMULYO ', 'SHP 6', '2662685', '1583', '...', NULL, '2023-08-15 05:48:23', '2023-08-15 05:48:23'),
(1805, '46S54', 46, '3', 'KEL. REJOMULYO ', 'SHP 6', '2643575', '1583', '...', NULL, '2023-08-15 05:48:23', '2023-08-15 05:48:23'),
(1806, '46S55', 46, '4', 'KEL. REJOMULYO ', 'SHP 6', '2662685', '1583', '...', NULL, '2023-08-15 05:48:23', '2023-08-15 05:48:23'),
(1807, '46S56', 46, '5', 'KEL. REJOMULYO ', 'SHP 6', '2643575', '1583', '...', NULL, '2023-08-15 05:48:23', '2023-08-15 05:48:23'),
(1808, '46S57', 46, '6', 'KEL. REJOMULYO ', 'SHP 6', '2662685', '1583', '...', NULL, '2023-08-15 05:48:23', '2023-08-15 05:48:23'),
(1809, '46S58', 46, '7', 'KEL. REJOMULYO ', 'SHP 6', '2664780', '1584', '...', NULL, '2023-08-15 05:48:23', '2023-08-15 05:48:23'),
(1810, '46S59', 46, '1', 'KEL. REJOMULYO ', 'SHP 7', '2190875', '1248', '...', NULL, '2023-08-15 05:48:23', '2023-08-15 05:48:23'),
(1811, '46S6', 46, '3', 'KEL. REJOMULYO', 'SHP 25', '152580', '814', '...', NULL, '2023-08-15 05:48:23', '2023-08-15 05:48:23'),
(1812, '46S60', 46, '2', 'KEL. REJOMULYO ', 'SHP 7', '2190875', '1248', '...', NULL, '2023-08-15 05:48:23', '2023-08-15 05:48:23'),
(1813, '46S61', 46, '3', 'KEL. REJOMULYO ', 'SHP 7', '2190875', '1248', '...', NULL, '2023-08-15 05:48:23', '2023-08-15 05:48:23'),
(1814, '46S62', 46, '4', 'KEL. REJOMULYO ', 'SHP 7', '2190875', '1248', '...', NULL, '2023-08-15 05:48:23', '2023-08-15 05:48:23'),
(1815, '46S63', 46, '5', 'KEL. REJOMULYO ', 'SHP 7', '2190875', '1248', '...', NULL, '2023-08-15 05:48:23', '2023-08-15 05:48:23'),
(1816, '46S64', 46, '6', 'KEL. REJOMULYO ', 'SHP 7', '2779455', '1249', '...', NULL, '2023-08-15 05:48:23', '2023-08-15 05:48:23'),
(1817, '46S65', 46, '7', 'KEL. REJOMULYO ', 'SHP 7', '2190875', '1249', '...', NULL, '2023-08-15 05:48:24', '2023-08-15 05:48:24'),
(1818, '46S66', 46, '8', 'KEL. REJOMULYO ', 'SHP 7', '2779455', '1249', '...', NULL, '2023-08-15 05:48:24', '2023-08-15 05:48:24'),
(1819, '46S67', 46, '9', 'KEL. REJOMULYO ', 'SHP 7', '2779455', '1249', '...', NULL, '2023-08-15 05:48:24', '2023-08-15 05:48:24'),
(1820, '46S7', 46, '4', 'KEL. REJOMULYO', 'SHP 25', '3560210', '2128', '...', NULL, '2023-08-15 05:48:24', '2023-08-15 05:48:24'),
(1821, '46S8', 46, '1', 'KEL. REJOMULYO', 'SHP 11', '3993820', '2168', '...', NULL, '2023-08-15 05:48:24', '2023-08-15 05:48:24'),
(1822, '46S9', 46, '2', 'KEL. REJOMULYO', 'SHP 11', '4116560', '2168', '...', NULL, '2023-08-15 05:48:24', '2023-08-15 05:48:24'),
(1823, '47S1', 47, '1', 'Desa Belor', 'Hak Pakai No. 01,03,04,05,06,07', '12641100', '8063', '...', NULL, '2023-08-15 05:48:24', '2023-08-15 05:48:24'),
(1824, '47S14', 47, '1', 'Desa Senden', 'Hak Pakai No. 06,07', '11624600', '12743', '...', NULL, '2023-08-15 05:48:24', '2023-08-15 05:48:24'),
(1825, '47S16', 47, '1', 'Desa Senden', 'Hak Pakai No. 08', '11798000', '9135', '...', NULL, '2023-08-15 05:48:24', '2023-08-15 05:48:24'),
(1826, '47S17', 47, '1', 'Pesantren', 'Hak Pakai No. 26', '9990000', '6920', 'Utara Pasar,barat jalan', NULL, '2023-08-15 05:48:24', '2023-08-15 05:48:24'),
(1827, '47S18', 47, '1', 'Pesantren', 'Hak Pakai No. 18', '8650000', '6000', 'Utara Pasar,barat jalan', NULL, '2023-08-15 05:48:24', '2023-08-15 05:48:24'),
(1828, '47S19', 47, '1', 'Pesantren', 'Hak Pakai No. 41', '8975000', '6155', 'Utara Pasar,barat jalan', NULL, '2023-08-15 05:48:24', '2023-08-15 05:48:24'),
(1829, '47S20', 47, '1', 'Pesantren', 'Hak Pakai No. 05', '11508000', '7546', 'Barat Perum wisma asri\'', NULL, '2023-08-15 05:48:24', '2023-08-15 05:48:24'),
(1830, '47S21', 47, '1', 'Pesantren', 'Hak Pakai No. 03', '27350000', '11650', 'Pule-pule', NULL, '2023-08-15 05:48:24', '2023-08-15 05:48:24'),
(1831, '47S22', 47, '1', 'Pesantren', 'Hak Pakai No. 21,27', '6986500', '4445', 'SHP 26 dari Luas keseluruhan 7.245 m2 dikurangi 280 m² digunakan utk TPS ', NULL, '2023-08-15 05:48:24', '2023-08-15 05:48:24'),
(1832, '47S23', 47, '2', 'Pesantren', 'Hak Pakai No. 21,27', '5802500', '2015', 'sebelah barat', NULL, '2023-08-15 05:48:24', '2023-08-15 05:48:24'),
(1833, '47S24', 47, '1', 'Pesantren', 'Hak Pakai No. 12', '3850000', '1835', 'Belakang pos', NULL, '2023-08-15 05:48:24', '2023-08-15 05:48:24'),
(1834, '47S25', 47, '1', 'Pesantren', 'Hak Pakai No. 24', '4100000', '2015', 'Belakang pos', NULL, '2023-08-15 05:48:24', '2023-08-15 05:48:24'),
(1835, '47S26', 47, '1', 'Pesantren', 'Hak Pakai No. 13', '5900000', '3160', 'Belakang pos', NULL, '2023-08-15 05:48:24', '2023-08-15 05:48:24'),
(1836, '47S27', 47, '1', 'Pesantren', 'Persil 62 S IV', '9020000', '5660', 'timur makam', NULL, '2023-08-15 05:48:24', '2023-08-15 05:48:24'),
(1837, '47S28', 47, '1', 'Pesantren', 'Hak Pakai No. 04', '5889000', '2760', 'timur makam ', NULL, '2023-08-15 05:48:24', '2023-08-15 05:48:24'),
(1838, '47S29', 47, '1', 'Pesantren', 'Hak Pakai No. 06,07,08,09,10', '11215000', '11450', 'timur makam (bumi 800 dan 200) ', NULL, '2023-08-15 05:48:24', '2023-08-15 05:48:24'),
(1839, '47S30', 47, '1', 'Pesantren', 'Hak Pakai No. 19', '1320000', '7025', 'selatan TPS', NULL, '2023-08-15 05:48:24', '2023-08-15 05:48:24'),
(1840, '47S31', 47, '1', 'Pesantren', 'Hak Pakai No. 20', '11200000', '8010', 'selatan TPS', NULL, '2023-08-15 05:48:24', '2023-08-15 05:48:24'),
(1841, '47S32', 47, '1', 'Pesantren', 'Hak Pakai No. 39,28,38,17', '15973500', '14855', 'selatan TPS', NULL, '2023-08-15 05:48:24', '2023-08-15 05:48:24'),
(1842, '47S33', 47, '1', 'Pesantren', 'Hak Pakai No. 27', '8700000', '5285', 'KLOPO2 TIMUR JALAN', NULL, '2023-08-15 05:48:24', '2023-08-15 05:48:24'),
(1843, '47S34', 47, '1', 'Pesantren', 'Hak Pakai No. 35', '9800000', '6080', 'KLOPO2 TIMUR JALAN', NULL, '2023-08-15 05:48:24', '2023-08-15 05:48:24'),
(1844, '47S35', 47, '1', 'Pesantren', 'Hak Pakai No. 25', '37373500', '11190', 'KLOPO2 TIMUR JALAN', NULL, '2023-08-15 05:48:24', '2023-08-15 05:48:24'),
(1845, '47S36', 47, '1', 'Pesantren', 'Hak Pakai No. 35', '2825000', '1450', 'KLOPO2 TIMUR JALAN', NULL, '2023-08-15 05:48:24', '2023-08-15 05:48:24'),
(1846, '47S37', 47, '1', 'Pesantren', 'Hak Pakai No. 02', '4203500', '1310', 'KLOPO2 TIMUR JALAN', NULL, '2023-08-15 05:48:24', '2023-08-15 05:48:24'),
(1847, '47S38', 47, '1', 'Tempurejo', 'Barat Tower', '6705000', '4650', '...', NULL, '2023-08-15 05:48:24', '2023-08-15 05:48:24'),
(1848, '47S39', 47, '1', 'Tempurejo', 'Selatan PG Pesantren Baru', '17465000', '8950', '...', NULL, '2023-08-15 05:48:24', '2023-08-15 05:48:24'),
(1849, '47S40', 47, '1', 'Tempurejo', 'Bawah tower', '8110000', '3150', '...', NULL, '2023-08-15 05:48:24', '2023-08-15 05:48:24'),
(1850, '47S41', 47, '1', 'Timur rumah barat TPS', 'SHP 8', '14111887', '6210', 'Ex. SOEWANDJI', NULL, '2023-08-15 05:48:24', '2023-08-15 05:48:24'),
(1851, '47S42', 47, '1', 'Timur rumah barat TPS', 'SHP 10', '12475355', '5790', 'Ex. SOEWANDJI', NULL, '2023-08-15 05:48:24', '2023-08-15 05:48:24'),
(1852, '47S7', 47, '1', 'Desa Belor', 'Hak Pakai No. 02,08,09,10,11,12,8', '16186250', '10834', '...', NULL, '2023-08-15 05:48:24', '2023-08-15 05:48:24'),
(1853, '5S1', 5, '1', 'Kel. Jamsaren', 'HP 4', '1125000', '2845', '...', NULL, '2023-08-15 05:48:24', '2023-08-15 05:48:24'),
(1854, '5S10', 5, '1', 'Kel. Blabak', 'HP 12', '2072500', '3500', '...', NULL, '2023-08-15 05:48:24', '2023-08-15 05:48:24'),
(1855, '5S11', 5, '1', 'Kel. Blabak', 'HP 8', '865000', '1470', '...', NULL, '2023-08-15 05:48:24', '2023-08-15 05:48:24'),
(1856, '5S12', 5, '1', 'Kel. Blabak', 'HP 14', '1075000', '1310', '...', NULL, '2023-08-15 05:48:24', '2023-08-15 05:48:24'),
(1857, '5S13', 5, '1', 'Kel.Blabak', 'HP 10', '1125000', '1155', '...', NULL, '2023-08-15 05:48:24', '2023-08-15 05:48:24'),
(1858, '5S14', 5, '1', 'Kel.Blabak', 'HP 11', '1105000', '1020', '...', NULL, '2023-08-15 05:48:24', '2023-08-15 05:48:24'),
(1859, '5S15', 5, '1', 'Kel. Betet', 'HP 14', '4825000', '6210', '...', NULL, '2023-08-15 05:48:24', '2023-08-15 05:48:24'),
(1860, '5S16', 5, '1', 'Kel. Betet', 'HP 10', '1182500', '2170', '...', NULL, '2023-08-15 05:48:24', '2023-08-15 05:48:24'),
(1861, '5S17', 5, '1', 'Kel. Betet', 'HP 11', '865000', '885', '...', NULL, '2023-08-15 05:48:24', '2023-08-15 05:48:24'),
(1862, '5S18', 5, '1', 'Kel. Betet', 'HP 12', '1018000', '1285', '...', NULL, '2023-08-15 05:48:24', '2023-08-15 05:48:24'),
(1863, '5S19', 5, '1', 'Kel. Betet', 'HP 13', '1442500', '2000', '...', NULL, '2023-08-15 05:48:24', '2023-08-15 05:48:24'),
(1864, '5S2', 5, '1', 'Kel. Jamsaren', 'HP 5', '1470000', '1125', '...', NULL, '2023-08-15 05:48:24', '2023-08-15 05:48:24'),
(1865, '5S20', 5, '1', 'Kel. Betet', 'HP 14', '1412500', '1150', '...', NULL, '2023-08-15 05:48:24', '2023-08-15 05:48:24'),
(1866, '5S21', 5, '1', 'Kel. Betet', 'HP 15', '3885000', '4945', '...', NULL, '2023-08-15 05:48:24', '2023-08-15 05:48:24'),
(1867, '5S22', 5, '1', 'Kel. Tosaren', 'HP 16', '1285000', '2725', '...', NULL, '2023-08-15 05:48:24', '2023-08-15 05:48:24'),
(1868, '5S23', 5, '1', 'Kel. Tosaren', 'HP 17', '1125000', '1615', '...', NULL, '2023-08-15 05:48:24', '2023-08-15 05:48:24'),
(1869, '5S24', 5, '1', 'Kel. Tosaren', 'HP 19', '1442500', '2145', '...', NULL, '2023-08-15 05:48:24', '2023-08-15 05:48:24'),
(1870, '5S25', 5, '1', 'Kel. Tosaren', 'HP 11', '4825000', '6335', '...', NULL, '2023-08-15 05:48:24', '2023-08-15 05:48:24'),
(1871, '5S26', 5, '1', 'Kel. Kaliombo', 'HP 18', '3258000', '4820', '...', NULL, '2023-08-15 05:48:24', '2023-08-15 05:48:24'),
(1872, '5S27', 5, '1', 'Kel. Kaliombo', 'HP 16', '4255000', '7335', '...', NULL, '2023-08-15 05:48:24', '2023-08-15 05:48:24'),
(1873, '5S28', 5, '1', 'Kel. Kaliombo', 'HP 12', '4358000', '7250', '...', NULL, '2023-08-15 05:48:24', '2023-08-15 05:48:24'),
(1874, '5S29', 5, '1', 'Kel.Kaliombo', 'HP 20', '3832500', '5415', '...', NULL, '2023-08-15 05:48:24', '2023-08-15 05:48:24'),
(1875, '5S3', 5, '1', 'Kel. Jamsaren', 'HP 6', '892500', '609', '...', NULL, '2023-08-15 05:48:24', '2023-08-15 05:48:24'),
(1876, '5S30', 5, '1', 'Klel. Betet', 'HP 26', '956000', '1164', '...', NULL, '2023-08-15 05:48:24', '2023-08-15 05:48:24'),
(1877, '5S31', 5, '1', 'Kel. Kaliombo', 'HP 27', '1160000', '1780', 'Eks gaji P Kusmi', NULL, '2023-08-15 05:48:24', '2023-08-15 05:48:24'),
(1878, '5S32', 5, '1', 'Kel. Tosaren', 'HP 12', '1190000', '1050', 'Eks gaji P Kusmi', NULL, '2023-08-15 05:48:24', '2023-08-15 05:48:24'),
(1879, '5S33', 5, '1', 'Kel. Tosaren', 'HP 15', '2735000', '3420', 'Eks gaji P Kusmi', NULL, '2023-08-15 05:48:24', '2023-08-15 05:48:24'),
(1880, '5S34', 5, '1', 'Kel. Kaliombo', 'HP 10', '578000', '535', 'Eks gaji P Kusmi', NULL, '2023-08-15 05:48:24', '2023-08-15 05:48:24'),
(1881, '5S4', 5, '1', 'Kel. Bawang', 'HP 14', '1075000', '1165', '...', NULL, '2023-08-15 05:48:24', '2023-08-15 05:48:24'),
(1882, '5S5', 5, '1', 'Kel. Bawang', 'HP 15', '1470000', '1150', '...', NULL, '2023-08-15 05:48:24', '2023-08-15 05:48:24'),
(1883, '5S6', 5, '1', 'Kel. Bawang', 'HP 16', '3462500', '5320', '...', NULL, '2023-08-15 05:48:24', '2023-08-15 05:48:24'),
(1884, '5S7', 5, '1', 'Kel. Blabak', 'HP 9', '1968000', '2684', '...', NULL, '2023-08-15 05:48:24', '2023-08-15 05:48:24'),
(1885, '5S8', 5, '1', 'Kel. Blabak', 'HP 10', '1075000', '1315', '...', NULL, '2023-08-15 05:48:24', '2023-08-15 05:48:24'),
(1886, '5S9', 5, '1', 'Kel. Blabak', 'HP 11', '1125000', '1450', '...', NULL, '2023-08-15 05:48:24', '2023-08-15 05:48:24'),
(1887, '6S1', 6, '1', 'Kel. Ngronggo', 'HP 31', '1172500', '1105', '...', NULL, '2023-08-15 05:48:24', '2023-08-15 05:48:24'),
(1888, '6S10', 6, '1', 'Kel. Ngronggo', 'HP 60', '4372500', '3805', '...', NULL, '2023-08-15 05:48:24', '2023-08-15 05:48:24'),
(1889, '6S11', 6, '2', 'Kel. Ngronggo', 'HP 60', '4372500', '3805', '...', NULL, '2023-08-15 05:48:24', '2023-08-15 05:48:24'),
(1890, '6S12', 6, '3', 'Kel. Ngronggo', 'HP 60', '4372500', '3805', '...', NULL, '2023-08-15 05:48:24', '2023-08-15 05:48:24'),
(1891, '6S13', 6, '1', 'Kel. Ngronggo', 'HP 73', '3550000', '3282', '...', NULL, '2023-08-15 05:48:24', '2023-08-15 05:48:24'),
(1892, '6S14', 6, '2', 'Kel. Ngronggo', 'HP 73', '3550000', '3282', '...', NULL, '2023-08-15 05:48:24', '2023-08-15 05:48:24'),
(1893, '6S15', 6, '3', 'Kel. Ngronggo', 'HP 73', '3550000', '3281', '...', NULL, '2023-08-15 05:48:24', '2023-08-15 05:48:24'),
(1894, '6S16', 6, '1', 'Kel. Ngronggo', 'HP 71', '3460000', '3460', '...', NULL, '2023-08-15 05:48:24', '2023-08-15 05:48:24'),
(1895, '6S17', 6, '2', 'Kel. Ngronggo', 'HP 71', '3460000', '3500', '...', NULL, '2023-08-15 05:48:24', '2023-08-15 05:48:24'),
(1896, '6S18', 6, '1', 'Kel. Ngronggo', 'HP 72', '2855000', '2483', '...', NULL, '2023-08-15 05:48:24', '2023-08-15 05:48:24'),
(1897, '6S19', 6, '2', 'Kel. Ngronggo', 'HP 72', '2855000', '2482', '...', NULL, '2023-08-15 05:48:24', '2023-08-15 05:48:24'),
(1898, '6S2', 6, '1', 'Kel. Ngronggo', 'HP 37', '1342500', '1105', '...', NULL, '2023-08-15 05:48:24', '2023-08-15 05:48:24'),
(1899, '6S20', 6, '1', 'Kel. Ngronggo', 'HP 76', '3548000', '3594', '...', NULL, '2023-08-15 05:48:24', '2023-08-15 05:48:24'),
(1900, '6S21', 6, '2', 'Kel. Ngronggo', 'HP 76', '3548000', '3594', '...', NULL, '2023-08-15 05:48:24', '2023-08-15 05:48:24'),
(1901, '6S22', 6, '3', 'Kel. Ngronggo', 'HP 76', '3548000', '3594', '...', NULL, '2023-08-15 05:48:24', '2023-08-15 05:48:24'),
(1902, '6S23', 6, '4', 'Kel. Ngronggo', 'HP 76', '3548000', '3594', '...', NULL, '2023-08-15 05:48:24', '2023-08-15 05:48:24'),
(1903, '6S24', 6, '5', 'Kel. Ngronggo', 'HP 76', '3548000', '3594', '...', NULL, '2023-08-15 05:48:24', '2023-08-15 05:48:24'),
(1904, '6S25', 6, '6', 'Kel. Ngronggo', 'HP 76', '3548000', '3594', '...', NULL, '2023-08-15 05:48:24', '2023-08-15 05:48:24'),
(1905, '6S26', 6, '7', 'Kel. Ngronggo', 'HP 76', '3548000', '3594', '...', NULL, '2023-08-15 05:48:24', '2023-08-15 05:48:24'),
(1906, '6S27', 6, '8', 'Kel. Ngronggo', 'HP 76', '3548000', '3594', '...', NULL, '2023-08-15 05:48:24', '2023-08-15 05:48:24'),
(1907, '6S28', 6, '9', 'Kel. Ngronggo', 'HP 76', '3548000', '3594', '...', NULL, '2023-08-15 05:48:25', '2023-08-15 05:48:25'),
(1908, '6S29', 6, '10', 'Kel. Ngronggo', 'HP 76', '3548000', '3594', '...', NULL, '2023-08-15 05:48:25', '2023-08-15 05:48:25'),
(1909, '6S3', 6, '1', 'Kel. Ngronggo', 'Seb HP 46', '3598000', '3573', 'Luas Keseluruhan 17.720 M² sebagian pengganti gaji Joko Winarto seluas 6,000 M², sebagian seluas 1.000 M² untuk jalan', NULL, '2023-08-15 05:48:25', '2023-08-15 05:48:25'),
(1910, '6S30', 6, '1', 'Kel. Ngronggo', 'HP 54', '2855000', '2855', '...', NULL, '2023-08-15 05:48:25', '2023-08-15 05:48:25'),
(1911, '6S31', 6, '1', 'Kel. Ngronggo', 'PERSIL 41 SI', '1121000', '1145', '...', NULL, '2023-08-15 05:48:25', '2023-08-15 05:48:25'),
(1912, '6S32', 6, '1', 'Kel. Ngronggo', 'HP 42', '3460000', '3525', '...', NULL, '2023-08-15 05:48:25', '2023-08-15 05:48:25'),
(1913, '6S4', 6, '2', 'Kel. Ngronggo', 'Seb HP 46', '3598000', '3573', '...', NULL, '2023-08-15 05:48:25', '2023-08-15 05:48:25'),
(1914, '6S5', 6, '3', 'Kel. Ngronggo', 'Seb HP 46', '3598000', '3574', '...', NULL, '2023-08-15 05:48:25', '2023-08-15 05:48:25'),
(1915, '6S6', 6, '1', 'Kel. Ngronggo', 'HP 61', '6611000', '6195', '...', NULL, '2023-08-15 05:48:25', '2023-08-15 05:48:25'),
(1916, '6S7', 6, '1', 'Kel. Ngronggo', 'HP 50', '1286000', '1175', '...', NULL, '2023-08-15 05:48:25', '2023-08-15 05:48:25'),
(1917, '6S8', 6, '1', 'Kel. Ngronggo', 'HP 53', '7260000', '6460', '...', NULL, '2023-08-15 05:48:25', '2023-08-15 05:48:25'),
(1918, '6S9', 6, '1', 'Kel. Ngronggo', 'HP 57', '3575000', '2600', '...', NULL, '2023-08-15 05:48:25', '2023-08-15 05:48:25'),
(1919, '7S1', 7, '1', 'Kel. Dandangan', 'SHP 111', '7875000', '12725', 'Tidak produktif', NULL, '2023-08-15 05:48:25', '2023-08-15 05:48:25'),
(1920, '7S10', 7, '1', 'Kel. Kaliombo', 'SHP 8', '2509000', '1960', '...', NULL, '2023-08-15 05:48:25', '2023-08-15 05:48:25'),
(1921, '7S11', 7, '1', 'Kel. Ngronggo', 'SHP 26', '3570000', '2415', '...', NULL, '2023-08-15 05:48:25', '2023-08-15 05:48:25'),
(1922, '7S12', 7, '1', 'Kel. Banjaran', 'SHP 26', '3908635', '3410', '...', NULL, '2023-08-15 05:48:25', '2023-08-15 05:48:25'),
(1923, '7S13', 7, '1', 'Kel. Banjaran', 'Seb. SHP 32', '3773500', '2780', 'Luas keseluruhan 3.580 M² sebagian seluas 800 M² digunakan untuk TPS', NULL, '2023-08-15 05:48:25', '2023-08-15 05:48:25'),
(1924, '7S14', 7, '1', 'Kel. Banjaran', 'SHP 34', '7650000', '7335', '...', NULL, '2023-08-15 05:48:25', '2023-08-15 05:48:25'),
(1925, '7S15', 7, '1', 'Manisrenggo', 'SHP', '11575000', '12000', '...', NULL, '2023-08-15 05:48:25', '2023-08-15 05:48:25'),
(1926, '7S16', 7, '1', 'Kel. Ngronggo', 'SHP 8', '3463500', '3535', '...', NULL, '2023-08-15 05:48:25', '2023-08-15 05:48:25'),
(1927, '7S17', 7, '1', 'Kel. Ngronggo', 'SHP 14', '1963250', '4275', 'Kurang Produktif', NULL, '2023-08-15 05:48:25', '2023-08-15 05:48:25'),
(1928, '7S18', 7, '1', 'Kel. Manisrenggo', 'SHP 3', '3580000', '2610', '...', NULL, '2023-08-15 05:48:25', '2023-08-15 05:48:25'),
(1929, '7S19', 7, '1', 'Kel. Tosaren', 'SHP 3', '1025000', '1195', '...', NULL, '2023-08-15 05:48:25', '2023-08-15 05:48:25'),
(1930, '7S2', 7, '1', 'Kel. Ngadirejo', 'SHP 46', '8466000', '9070', '...', NULL, '2023-08-15 05:48:25', '2023-08-15 05:48:25'),
(1931, '7S20', 7, '1', 'Kel. Banjaran', 'Seb. SHP 28', '1025000', '1868', 'luas keseluruhan 4.165 M² sebagian seluas 1.600    M² untuk kios dan parkiran', NULL, '2023-08-15 05:48:25', '2023-08-15 05:48:25'),
(1932, '7S21', 7, '1', 'Kel. Kaliombo', 'SHP 5', '1535000', '1835', '...', NULL, '2023-08-15 05:48:25', '2023-08-15 05:48:25'),
(1933, '7S22', 7, '1', 'Kel. Kaliombo', 'SHP 1', '1650000', '1164', 'eks. Sutomo, tidak produktif ', NULL, '2023-08-15 05:48:25', '2023-08-15 05:48:25'),
(1934, '7S23', 7, '1', 'Kel. Kaliombo', 'SHP 2', '1600000', '1103', 'eks. Sutomo, tidak produktif ', NULL, '2023-08-15 05:48:25', '2023-08-15 05:48:25'),
(1935, '7S24', 7, '1', 'Kel. Ngronggo', 'SHP 10', '3718000', '2468', 'eks. garapan perangkat An. Sutomo', NULL, '2023-08-15 05:48:25', '2023-08-15 05:48:25'),
(1936, '7S25', 7, '1', 'Kel Ngronggo', 'SHP 11', '1507564', '1014', 'eks. garapan perangkat An. Sutomo', NULL, '2023-08-15 05:48:25', '2023-08-15 05:48:25'),
(1937, '7S26', 7, '1', 'Kel. Ngronggo', 'SHP 12', '3786750', '2875', 'eks. garapan perangkat An. Sutomo', NULL, '2023-08-15 05:48:25', '2023-08-15 05:48:25'),
(1938, '7S27', 7, '1', 'Kel Ngronggo', 'SHP 13', '3185770', '3285', 'eks. garapan perangkat An. Sutomo', NULL, '2023-08-15 05:48:25', '2023-08-15 05:48:25'),
(1939, '7S28', 7, '1', 'Kel Ngronggo', 'SHP 21', '2826835', '2470', 'eks. garapan perangkat An. Sutomo', NULL, '2023-08-15 05:48:25', '2023-08-15 05:48:25'),
(1940, '7S29', 7, '1', 'Kel. Ngronggo', 'SHP 25', '3747480', '2835', 'eks. garapan perangkat An. Sutomo', NULL, '2023-08-15 05:48:25', '2023-08-15 05:48:25'),
(1941, '7S3', 7, '1', 'Kel. Dandangan', 'SHP 110', '2177500', '8735', '...', NULL, '2023-08-15 05:48:25', '2023-08-15 05:48:25'),
(1942, '7S30', 7, '1', 'Kel. Ngadirejo', 'Persil 65 SII', '10100000', '10000', 'Eks. Garapan perangkat An. Gatot S', NULL, '2023-08-15 05:48:25', '2023-08-15 05:48:25'),
(1943, '7S31', 7, '1', 'Kel. Balowerti', 'Persil 2 SI', '5916500', '6580', 'Eks. Garapan perangkat An. Gatot S', NULL, '2023-08-15 05:48:25', '2023-08-15 05:48:25'),
(1944, '7S32', 7, '1', 'Kel. Balowerti', 'SHP 5', '1111000', '1190', 'Eks. Garapan perangkat An. Gatot S', NULL, '2023-08-15 05:48:25', '2023-08-15 05:48:25'),
(1945, '7S33', 7, '1', 'Kel. Tosaren', 'SHP 2', '2658750', '3775', 'Eks. Garapan perangkat An. Gatot S', NULL, '2023-08-15 05:48:25', '2023-08-15 05:48:25'),
(1946, '7S34', 7, '1', 'Kel. Tosaren', 'SHP 4', '1126500', '1415', 'Eks. Garapan perangkat An. Gatot S', NULL, '2023-08-15 05:48:25', '2023-08-15 05:48:25'),
(1947, '7S35', 7, '1', 'Kel. Tosaren', 'SHP 5', '1028500', '1160', 'Eks. Garapan perangkat An. Gatot S', NULL, '2023-08-15 05:48:25', '2023-08-15 05:48:25'),
(1948, '7S36', 7, '1', 'Kel. Tosaren', 'SHP 6', '1149000', '1435', 'Eks. Garapan perangkat An. Gatot S', NULL, '2023-08-15 05:48:25', '2023-08-15 05:48:25'),
(1949, '7S37', 7, '1', 'Kel. Tosaren', 'SHP 11', '1356750', '1155', 'Eks. Garapan perangkat An. Gatot S', NULL, '2023-08-15 05:48:25', '2023-08-15 05:48:25'),
(1950, '7S38', 7, '1', 'Kel. Tosaren', 'SHP 12', '1132500', '1480', 'Eks. Garapan perangkat An. Gatot S', NULL, '2023-08-15 05:48:25', '2023-08-15 05:48:25'),
(1951, '7S39', 7, '1', 'Kel. Tosaren', 'SHP 8', '1078450', '1357', 'Eks. Garapan perangkat An. Gatot S', NULL, '2023-08-15 05:48:25', '2023-08-15 05:48:25'),
(1952, '7S4', 7, '1', 'Kel. Betet', 'SHP 1', '1183500', '1155', '...', NULL, '2023-08-15 05:48:25', '2023-08-15 05:48:25'),
(1953, '7S40', 7, '1', 'Kel. Ngronggo', 'SHP 27', '3160000', '2550', 'Eks. Garapan perangkat An. Gatot S', NULL, '2023-08-15 05:48:25', '2023-08-15 05:48:25'),
(1954, '7S41', 7, '1', 'Kel. Ngronggo', 'SHP 28', '3846500', '2660', 'Eks. Garapan perangkat An. Gatot S', NULL, '2023-08-15 05:48:25', '2023-08-15 05:48:25'),
(1955, '7S42', 7, '1', 'Kel. Ngronggo', 'SHP 24', '3111500', '2460', 'Eks. Garapan perangkat An. Gatot S', NULL, '2023-08-15 05:48:25', '2023-08-15 05:48:25'),
(1956, '7S43', 7, '1', 'Kel. Balowerti', 'SHP 60', '449100', '499', 'Eks. Garapan perangkat An. Gatot S', NULL, '2023-08-15 05:48:25', '2023-08-15 05:48:25'),
(1957, '7S44', 7, '1', 'Kel. Balowerti', 'SHP 61', '2461000', '3235', 'Eks. Garapan perangkat An. Gatot S', NULL, '2023-08-15 05:48:25', '2023-08-15 05:48:25'),
(1958, '7S45', 7, '1', 'Kel. Balowerti', 'SHP 58', '1487700', '1153', 'Eks. Garapan perangkat An. Gatot S', NULL, '2023-08-15 05:48:25', '2023-08-15 05:48:25'),
(1959, '7S46', 7, '1', 'Kel. Bujel', 'SHP 90', '3977100', '4414', 'Eks. Garapan perangkat An. Gatot S', NULL, '2023-08-15 05:48:25', '2023-08-15 05:48:25'),
(1960, '7S5', 7, '1', 'Kel. Betet', 'SHP 2', '2866000', '3595', '...', NULL, '2023-08-15 05:48:25', '2023-08-15 05:48:25'),
(1961, '7S6', 7, '1', 'Kel. Betet', 'SHP 3', '1285000', '1285', 'Kurang Produktif', NULL, '2023-08-15 05:48:25', '2023-08-15 05:48:25'),
(1962, '7S7', 7, '1', 'Kel. Manisrenggo', 'SHP 4', '3876000', '2005', '...', NULL, '2023-08-15 05:48:25', '2023-08-15 05:48:25'),
(1963, '7S8', 7, '1', 'Kel. Kaliombo', 'SHP 6', '2509000', '1855', '...', NULL, '2023-08-15 05:48:25', '2023-08-15 05:48:25'),
(1964, '7S9', 7, '1', 'Kel. Kaliombo', 'SHP 7', '2509000', '1725', '...', NULL, '2023-08-15 05:48:25', '2023-08-15 05:48:25');

-- --------------------------------------------------------

--
-- Struktur dari tabel `users`
--

CREATE TABLE IF NOT EXISTS `users` (
  `id` bigint(20) UNSIGNED NOT NULL,
  `username` varchar(255) COLLATE utf8mb4_unicode_ci NOT NULL,
  `name` varchar(255) COLLATE utf8mb4_unicode_ci NOT NULL,
  `email` varchar(255) COLLATE utf8mb4_unicode_ci NOT NULL,
  `email_verified_at` timestamp NULL DEFAULT NULL,
  `password` varchar(255) COLLATE utf8mb4_unicode_ci NOT NULL,
  `two_factor_secret` text COLLATE utf8mb4_unicode_ci DEFAULT NULL,
  `two_factor_recovery_codes` text COLLATE utf8mb4_unicode_ci DEFAULT NULL,
  `two_factor_confirmed_at` timestamp NULL DEFAULT NULL,
  `remember_token` varchar(100) COLLATE utf8mb4_unicode_ci DEFAULT NULL,
  `created_at` timestamp NULL DEFAULT NULL,
  `updated_at` timestamp NULL DEFAULT NULL
) ENGINE=InnoDB DEFAULT CHARSET=utf8mb4 COLLATE=utf8mb4_unicode_ci;

--
--
-- Dumping data untuk tabel `penawarans`
--

INSERT INTO `penawarans` (`id`, `id_penawaran`, `total_luas`, `idfk_daftar`, `id_daftar`, `idfk_tkd`, `id_tkd`, `nilai_penawaran`, `keterangan`, `created_at`, `updated_at`) VALUES
(1, '8X8P108S79', 6743, 2, '8P10', 75, '8S79', '8830100', '-', '2023-08-15 05:51:51', '2023-08-15 05:51:51'),
(2, '8X8P118S56', 7000, 3, '8P11', 50, '8S56', '8900000', '-', '2023-08-15 05:51:51', '2023-08-15 05:51:51'),
(3, '8X8P18S41', 4216, 1, '8P1', 34, '8S41', '2127975', '-', '2023-08-15 05:51:51', '2023-08-15 05:51:51'),
(4, '8X8P18S42', 4216, 1, '8P1', 35, '8S42', '2127975', '-', '2023-08-15 05:51:51', '2023-08-15 05:51:51'),
(5, '8X8P18S43', 4216, 1, '8P1', 36, '8S43', '2127975', '-', '2023-08-15 05:51:51', '2023-08-15 05:51:51'),
(6, '8X8P18S44', 4216, 1, '8P1', 37, '8S44', '2127975', '-', '2023-08-15 05:51:51', '2023-08-15 05:51:51'),
(7, '8X8P128S55', 15277, 4, '8P12', 49, '8S55', '9314600', '-', '2023-08-15 05:51:51', '2023-08-15 05:51:51'),
(8, '8X8P128S57', 15277, 4, '8P12', 51, '8S57', '4239300', '-', '2023-08-15 05:51:51', '2023-08-15 05:51:51'),
(9, '8X8P128S87', 15277, 4, '8P12', 84, '8S87', '7852250', '-', '2023-08-15 05:51:51', '2023-08-15 05:51:51'),
(10, '8X8P138S45', 9912, 5, '8P13', 38, '8S45', '4255800', '-', '2023-08-15 05:51:51', '2023-08-15 05:51:51'),
(11, '8X8P138S46', 9912, 5, '8P13', 39, '8S46', '4255800', '-', '2023-08-15 05:51:51', '2023-08-15 05:51:51'),
(12, '8X8P138S47', 9912, 5, '8P13', 40, '8S47', '2245700', '-', '2023-08-15 05:51:51', '2023-08-15 05:51:51'),
(13, '8X8P138S48', 9912, 5, '8P13', 41, '8S48', '2245700', '-', '2023-08-15 05:51:51', '2023-08-15 05:51:51'),
(14, '8X8P138S49', 9912, 5, '8P13', 42, '8S49', '2245700', '-', '2023-08-15 05:51:51', '2023-08-15 05:51:51'),
(15, '8X8P138S50', 9912, 5, '8P13', 44, '8S50', '2245700', '-', '2023-08-15 05:51:51', '2023-08-15 05:51:51'),
(16, '8X8P148S1', 12773, 6, '8P14', 1, '8S1', '1695000', '-', '2023-08-15 05:51:51', '2023-08-15 05:51:51'),
(17, '8X8P148S70', 12773, 6, '8P14', 66, '8S70', '2459100', '-', '2023-08-15 05:51:51', '2023-08-15 05:51:51'),
(18, '8X8P148S71', 12773, 6, '8P14', 67, '8S71', '2459100', '-', '2023-08-15 05:51:51', '2023-08-15 05:51:51'),
(19, '8X8P148S72', 12773, 6, '8P14', 68, '8S72', '2459100', '-', '2023-08-15 05:51:51', '2023-08-15 05:51:51'),
(20, '8X8P148S73', 12773, 6, '8P14', 69, '8S73', '2459100', '-', '2023-08-15 05:51:51', '2023-08-15 05:51:51'),
(21, '8X8P148S74', 12773, 6, '8P14', 70, '8S74', '2459100', '-', '2023-08-15 05:51:51', '2023-08-15 05:51:51'),
(22, '8X8P148S75', 12773, 6, '8P14', 71, '8S75', '2459100', '-', '2023-08-15 05:51:51', '2023-08-15 05:51:51'),
(23, '8X8P148S76', 12773, 6, '8P14', 72, '8S76', '2459100', '-', '2023-08-15 05:51:51', '2023-08-15 05:51:51'),
(24, '8X8P148S77', 12773, 6, '8P14', 73, '8S77', '2459100', '-', '2023-08-15 05:51:51', '2023-08-15 05:51:51'),
(25, '8X8P148S78', 12773, 6, '8P14', 74, '8S78', '2459100', '-', '2023-08-15 05:51:51', '2023-08-15 05:51:51'),
(26, '8X8P158S28', 10044, 7, '8P15', 20, '8S28', '2092500', '-', '2023-08-15 05:51:51', '2023-08-15 05:51:51'),
(27, '8X8P158S29', 10044, 7, '8P15', 21, '8S29', '2092500', '-', '2023-08-15 05:51:51', '2023-08-15 05:51:51'),
(28, '8X8P158S30', 10044, 7, '8P15', 23, '8S30', '2092500', '-', '2023-08-15 05:51:51', '2023-08-15 05:51:51'),
(29, '8X8P158S31', 10044, 7, '8P15', 24, '8S31', '2092500', '-', '2023-08-15 05:51:51', '2023-08-15 05:51:51'),
(30, '8X8P158S32', 10044, 7, '8P15', 25, '8S32', '2233925', '-', '2023-08-15 05:51:51', '2023-08-15 05:51:51'),
(31, '8X8P158S33', 10044, 7, '8P15', 26, '8S33', '2233925', '-', '2023-08-15 05:51:51', '2023-08-15 05:51:51'),
(32, '8X8P158S34', 10044, 7, '8P15', 27, '8S34', '2233925', '-', '2023-08-15 05:51:51', '2023-08-15 05:51:51'),
(33, '8X8P158S35', 10044, 7, '8P15', 28, '8S35', '2233925', '-', '2023-08-15 05:51:51', '2023-08-15 05:51:51'),
(34, '8X8P158S36', 10044, 7, '8P15', 29, '8S36', '1948400', '-', '2023-08-15 05:51:51', '2023-08-15 05:51:51'),
(35, '8X8P168S82', 13538, 8, '8P16', 79, '8S82', '8574850', '-', '2023-08-15 05:51:51', '2023-08-15 05:51:51'),
(36, '8X8P168S83', 13538, 8, '8P16', 80, '8S83', '8574850', '-', '2023-08-15 05:51:51', '2023-08-15 05:51:51'),
(37, '8X8P178S85', 18030, 9, '8P17', 82, '8S85', '12970150', '-', '2023-08-15 05:51:51', '2023-08-15 05:51:51'),
(38, '8X8P178S88', 18030, 9, '8P17', 85, '8S88', '9869100', '-', '2023-08-15 05:51:51', '2023-08-15 05:51:51'),
(39, '8X8P178S89', 18030, 9, '8P17', 86, '8S89', '378650', '-', '2023-08-15 05:51:51', '2023-08-15 05:51:51'),
(40, '8X8P178S90', 18030, 9, '8P17', 88, '8S90', '839100', '-', '2023-08-15 05:51:51', '2023-08-15 05:51:51'),
(41, '8X8P188S86', 9552, 10, '8P18', 83, '8S86', '2434650', '-', '2023-08-15 05:51:51', '2023-08-15 05:51:51'),
(42, '8X8P188S91', 9552, 10, '8P18', 89, '8S91', '17627150', '-', '2023-08-15 05:51:51', '2023-08-15 05:51:51'),
(43, '8X8P198S10', 12867, 11, '8P19', 2, '8S10', '2077300', '-', '2023-08-15 05:51:51', '2023-08-15 05:51:51'),
(44, '8X8P198S11', 12867, 11, '8P19', 3, '8S11', '2077533', '-', '2023-08-15 05:51:51', '2023-08-15 05:51:51'),
(45, '8X8P198S12', 12867, 11, '8P19', 4, '8S12', '2077533', '-', '2023-08-15 05:51:51', '2023-08-15 05:51:51'),
(46, '8X8P198S13', 12867, 11, '8P19', 5, '8S13', '2077533', '-', '2023-08-15 05:51:51', '2023-08-15 05:51:51'),
(47, '8X8P198S6', 12867, 11, '8P19', 54, '8S6', '3206400', '-', '2023-08-15 05:51:51', '2023-08-15 05:51:51'),
(48, '8X8P198S66', 12867, 11, '8P19', 61, '8S66', '3498700', '-', '2023-08-15 05:51:51', '2023-08-15 05:51:51'),
(49, '8X8P198S7', 12867, 11, '8P19', 65, '8S7', '3206400', '-', '2023-08-15 05:51:51', '2023-08-15 05:51:51'),
(50, '8X8P198S8', 12867, 11, '8P19', 76, '8S8', '3206400', '-', '2023-08-15 05:51:51', '2023-08-15 05:51:51'),
(51, '8X8P198S9', 12867, 11, '8P19', 87, '8S9', '2077300', '-', '2023-08-15 05:51:51', '2023-08-15 05:51:51'),
(52, '8X8P208S67', 13057, 13, '8P20', 62, '8S67', '5788000', '-', '2023-08-15 05:51:51', '2023-08-15 05:51:51'),
(53, '8X8P208S68', 13057, 13, '8P20', 63, '8S68', '5788000', '-', '2023-08-15 05:51:51', '2023-08-15 05:51:51'),
(54, '8X8P208S69', 13057, 13, '8P20', 64, '8S69', '5788000', '-', '2023-08-15 05:51:51', '2023-08-15 05:51:51'),
(55, '8X8P28S20', 4528, 12, '8P2', 12, '8S20', '2229550', '-', '2023-08-15 05:51:51', '2023-08-15 05:51:51'),
(56, '8X8P28S21', 4528, 12, '8P2', 13, '8S21', '2229550', '-', '2023-08-15 05:51:51', '2023-08-15 05:51:51'),
(57, '8X8P28S22', 4528, 12, '8P2', 14, '8S22', '2229550', '-', '2023-08-15 05:51:51', '2023-08-15 05:51:51'),
(58, '8X8P28S23', 4528, 12, '8P2', 15, '8S23', '2229550', '-', '2023-08-15 05:51:51', '2023-08-15 05:51:51'),
(59, '8X8P38S58', 6010, 14, '8P3', 52, '8S58', '2381400', '-', '2023-08-15 05:51:51', '2023-08-15 05:51:51'),
(60, '8X8P38S59', 6010, 14, '8P3', 53, '8S59', '2381400', '-', '2023-08-15 05:51:51', '2023-08-15 05:51:51'),
(61, '8X8P38S60', 6010, 14, '8P3', 55, '8S60', '2381400', '-', '2023-08-15 05:51:51', '2023-08-15 05:51:51'),
(62, '8X8P38S61', 6010, 14, '8P3', 56, '8S61', '2381400', '-', '2023-08-15 05:51:51', '2023-08-15 05:51:51'),
(63, '8X8P38S62', 6010, 14, '8P3', 57, '8S62', '2381400', '-', '2023-08-15 05:51:51', '2023-08-15 05:51:51'),
(64, '8X8P48S14', 12518, 15, '8P4', 6, '8S14', '4539300', '-', '2023-08-15 05:51:51', '2023-08-15 05:51:51'),
(65, '8X8P48S2', 12518, 15, '8P4', 11, '8S2', '799100', '-', '2023-08-15 05:51:51', '2023-08-15 05:51:51'),
(66, '8X8P48S3', 12518, 15, '8P4', 22, '8S3', '2131700', '-', '2023-08-15 05:51:51', '2023-08-15 05:51:51'),
(67, '8X8P48S4', 12518, 15, '8P4', 32, '8S4', '2208300', '-', '2023-08-15 05:51:51', '2023-08-15 05:51:51'),
(68, '8X8P48S5', 12518, 15, '8P4', 43, '8S5', '2207600', '-', '2023-08-15 05:51:51', '2023-08-15 05:51:51'),
(69, '8X8P48S63', 12518, 15, '8P4', 58, '8S63', '2526200', '-', '2023-08-15 05:51:51', '2023-08-15 05:51:51'),
(70, '8X8P48S64', 12518, 15, '8P4', 59, '8S64', '2526200', '-', '2023-08-15 05:51:51', '2023-08-15 05:51:51'),
(71, '8X8P48S65', 12518, 15, '8P4', 60, '8S65', '2526200', '-', '2023-08-15 05:51:51', '2023-08-15 05:51:51'),
(72, '8X8P58S38', 843, 16, '8P5', 30, '8S38', '2227600', '-', '2023-08-15 05:51:51', '2023-08-15 05:51:51'),
(73, '8X8P58S39', 843, 16, '8P5', 31, '8S39', '2227600', '-', '2023-08-15 05:51:51', '2023-08-15 05:51:51'),
(74, '8X8P58S40', 843, 16, '8P5', 33, '8S40', '2227600', '-', '2023-08-15 05:51:51', '2023-08-15 05:51:51'),
(75, '8X8P68S24', 4228, 17, '8P6', 16, '8S24', '2132400', '-', '2023-08-15 05:51:51', '2023-08-15 05:51:51'),
(76, '8X8P68S25', 4228, 17, '8P6', 17, '8S25', '2132400', '-', '2023-08-15 05:51:51', '2023-08-15 05:51:51'),
(77, '8X8P68S26', 4228, 17, '8P6', 18, '8S26', '2132400', '-', '2023-08-15 05:51:51', '2023-08-15 05:51:51'),
(78, '8X8P68S27', 4228, 17, '8P6', 19, '8S27', '2132400', '-', '2023-08-15 05:51:51', '2023-08-15 05:51:51'),
(79, '8X8P78S51', 4476, 18, '8P7', 45, '8S51', '2281800', '-', '2023-08-15 05:51:51', '2023-08-15 05:51:51'),
(80, '8X8P78S52', 4476, 18, '8P7', 46, '8S52', '2281800', '-', '2023-08-15 05:51:51', '2023-08-15 05:51:51'),
(81, '8X8P78S53', 4476, 18, '8P7', 47, '8S53', '2281800', '-', '2023-08-15 05:51:51', '2023-08-15 05:51:51'),
(82, '8X8P78S54', 4476, 18, '8P7', 48, '8S54', '2281800', '-', '2023-08-15 05:51:51', '2023-08-15 05:51:51'),
(83, '8X8P88S16', 5560, 19, '8P8', 7, '8S16', '2490675', '-', '2023-08-15 05:51:51', '2023-08-15 05:51:51'),
(84, '8X8P88S17', 5560, 19, '8P8', 8, '8S17', '2490675', '-', '2023-08-15 05:51:51', '2023-08-15 05:51:51'),
(85, '8X8P88S18', 5560, 19, '8P8', 9, '8S18', '2490675', '-', '2023-08-15 05:51:51', '2023-08-15 05:51:51'),
(86, '8X8P88S19', 5560, 19, '8P8', 10, '8S19', '2490675', '-', '2023-08-15 05:51:51', '2023-08-15 05:51:51'),
(87, '8X8P98S80', 13536, 20, '8P9', 77, '8S80', '8862600', '-', '2023-08-15 05:51:51', '2023-08-15 05:51:51'),
(88, '8X8P98S81', 13536, 20, '8P9', 78, '8S81', '8862600', '-', '2023-08-15 05:51:51', '2023-08-15 05:51:51'),
(89, '9X9P109S31', 14128, 22, '9P10', 114, '9S31', '18400000', '-', '2023-08-15 05:51:51', '2023-08-15 05:51:51'),
(90, '9X9P119S1', 13606, 23, '9P11', 90, '9S1', '3800000', '-', '2023-08-15 05:51:51', '2023-08-15 05:51:51'),
(91, '9X9P119S2', 13606, 23, '9P11', 101, '9S2', '660000', '-', '2023-08-15 05:51:51', '2023-08-15 05:51:51'),
(92, '9X9P119S3', 13606, 23, '9P11', 112, '9S3', '4040000', '-', '2023-08-15 05:51:51', '2023-08-15 05:51:51'),
(93, '9X9P119S4', 13606, 23, '9P11', 123, '9S4', '2200000', '-', '2023-08-15 05:51:51', '2023-08-15 05:51:51'),
(94, '9X9P119S5', 13606, 23, '9P11', 134, '9S5', '2350000', '-', '2023-08-15 05:51:51', '2023-08-15 05:51:51'),
(95, '9X9P119S6', 13606, 23, '9P11', 135, '9S6', '7350000', '-', '2023-08-15 05:51:51', '2023-08-15 05:51:51'),
(96, '9X9P19S15', 17905, 21, '9P1', 96, '9S15', '3575000', '-', '2023-08-15 05:51:51', '2023-08-15 05:51:51'),
(97, '9X9P19S16', 17905, 21, '9P1', 97, '9S16', '8525000', '-', '2023-08-15 05:51:51', '2023-08-15 05:51:51'),
(98, '9X9P19S17', 17905, 21, '9P1', 98, '9S17', '875000', '-', '2023-08-15 05:51:51', '2023-08-15 05:51:51'),
(99, '9X9P19S18', 17905, 21, '9P1', 99, '9S18', '3050000', '-', '2023-08-15 05:51:51', '2023-08-15 05:51:51'),
(100, '9X9P19S19', 17905, 21, '9P1', 100, '9S19', '7500000', '-', '2023-08-15 05:51:51', '2023-08-15 05:51:51'),
(101, '9X9P129S20', 13471, 24, '9P12', 102, '9S20', '1500000', '-', '2023-08-15 05:51:51', '2023-08-15 05:51:51'),
(102, '9X9P129S21', 13471, 24, '9P12', 103, '9S21', '2800000', '-', '2023-08-15 05:51:51', '2023-08-15 05:51:51'),
(103, '9X9P129S22', 13471, 24, '9P12', 104, '9S22', '9350000', '-', '2023-08-15 05:51:51', '2023-08-15 05:51:51'),
(104, '9X9P129S23', 13471, 24, '9P12', 105, '9S23', '3150000', '-', '2023-08-15 05:51:51', '2023-08-15 05:51:51'),
(105, '9X9P129S24', 13471, 24, '9P12', 106, '9S24', '2700000', '-', '2023-08-15 05:51:51', '2023-08-15 05:51:51'),
(106, '9X9P139S35', 14286, 25, '9P13', 118, '9S35', '13500000', '-', '2023-08-15 05:51:51', '2023-08-15 05:51:51'),
(107, '9X9P139S36', 14286, 25, '9P13', 119, '9S36', '6150000', '-', '2023-08-15 05:51:51', '2023-08-15 05:51:51'),
(108, '9X9P159S29', 13672, 27, '9P15', 111, '9S29', '15400000', '-', '2023-08-15 05:51:51', '2023-08-15 05:51:51'),
(109, '9X9P159S30', 13672, 27, '9P15', 113, '9S30', '3350000', '-', '2023-08-15 05:51:51', '2023-08-15 05:51:51'),
(110, '9X9P169S20', 13471, 28, '9P16', 102, '9S20', '1600000', '-', '2023-08-15 05:51:51', '2023-08-15 05:51:51'),
(111, '9X9P169S21', 13471, 28, '9P16', 103, '9S21', '3000000', '-', '2023-08-15 05:51:51', '2023-08-15 05:51:51'),
(112, '9X9P169S22', 13471, 28, '9P16', 104, '9S22', '9400000', '-', '2023-08-15 05:51:51', '2023-08-15 05:51:51'),
(113, '9X9P169S23', 13471, 28, '9P16', 105, '9S23', '3200000', '-', '2023-08-15 05:51:51', '2023-08-15 05:51:51'),
(114, '9X9P169S24', 13471, 28, '9P16', 106, '9S24', '2800000', '-', '2023-08-15 05:51:51', '2023-08-15 05:51:51'),
(115, '9X9P179S11', 15790, 29, '9P17', 92, '9S11', '5050000', '-', '2023-08-15 05:51:51', '2023-08-15 05:51:51'),
(116, '9X9P179S12', 15790, 29, '9P17', 93, '9S12', '2050000', '-', '2023-08-15 05:51:51', '2023-08-15 05:51:51'),
(117, '9X9P179S13', 15790, 29, '9P17', 94, '9S13', '1900000', '-', '2023-08-15 05:51:51', '2023-08-15 05:51:51'),
(118, '9X9P179S14', 15790, 29, '9P17', 95, '9S14', '2150000', '-', '2023-08-15 05:51:51', '2023-08-15 05:51:51'),
(119, '9X9P179S7', 15790, 29, '9P17', 136, '9S7', '8325000', '-', '2023-08-15 05:51:51', '2023-08-15 05:51:51'),
(120, '9X9P179S8', 15790, 29, '9P17', 137, '9S8', '2500000', '-', '2023-08-15 05:51:51', '2023-08-15 05:51:51'),
(121, '9X9P179S9', 15790, 29, '9P17', 138, '9S9', '1400000', '-', '2023-08-15 05:51:51', '2023-08-15 05:51:51'),
(122, '9X9P189S31', 14128, 30, '9P18', 114, '9S31', '18350000', '-', '2023-08-15 05:51:51', '2023-08-15 05:51:51'),
(123, '9X9P199S27', 27109, 31, '9P19', 109, '9S27', '1850000', '-', '2023-08-15 05:51:51', '2023-08-15 05:51:51'),
(124, '9X9P199S28', 27109, 31, '9P19', 110, '9S28', '3600000', '-', '2023-08-15 05:51:51', '2023-08-15 05:51:51'),
(125, '9X9P199S32', 27109, 31, '9P19', 115, '9S32', '8900000', '-', '2023-08-15 05:51:51', '2023-08-15 05:51:51'),
(126, '9X9P199S33', 27109, 31, '9P19', 116, '9S33', '3750000', '-', '2023-08-15 05:51:51', '2023-08-15 05:51:51'),
(127, '9X9P199S34', 27109, 31, '9P19', 117, '9S34', '6400000', '-', '2023-08-15 05:51:51', '2023-08-15 05:51:51'),
(128, '9X9P209S37', 14860, 33, '9P20', 120, '9S37', '15000000', '-', '2023-08-15 05:51:51', '2023-08-15 05:51:51'),
(129, '9X9P209S38', 14860, 33, '9P20', 121, '9S38', '1400000', '-', '2023-08-15 05:51:51', '2023-08-15 05:51:51'),
(130, '9X9P209S39', 14860, 33, '9P20', 122, '9S39', '4200000', '-', '2023-08-15 05:51:51', '2023-08-15 05:51:51'),
(131, '9X9P209S40', 14860, 33, '9P20', 124, '9S40', '1600000', '-', '2023-08-15 05:51:51', '2023-08-15 05:51:51'),
(132, '9X9P209S41', 14860, 33, '9P20', 125, '9S41', '2150000', '-', '2023-08-15 05:51:51', '2023-08-15 05:51:51'),
(133, '9X9P219S29', 13672, 34, '9P21', 111, '9S29', '15500000', '-', '2023-08-15 05:51:51', '2023-08-15 05:51:51'),
(134, '9X9P219S30', 13672, 34, '9P21', 113, '9S30', '3400000', '-', '2023-08-15 05:51:51', '2023-08-15 05:51:51'),
(135, '9X9P29S32', 14906, 32, '9P2', 115, '9S32', '9000000', '-', '2023-08-15 05:51:51', '2023-08-15 05:51:51'),
(136, '9X9P29S33', 14906, 32, '9P2', 116, '9S33', '3800000', '-', '2023-08-15 05:51:51', '2023-08-15 05:51:51'),
(137, '9X9P29S34', 14906, 32, '9P2', 117, '9S34', '6500000', '-', '2023-08-15 05:51:51', '2023-08-15 05:51:51'),
(138, '9X9P229S35', 14286, 35, '9P22', 118, '9S35', '13400000', '-', '2023-08-15 05:51:51', '2023-08-15 05:51:51'),
(139, '9X9P229S36', 14286, 35, '9P22', 119, '9S36', '6100000', '-', '2023-08-15 05:51:51', '2023-08-15 05:51:51'),
(140, '9X9P239S37', 14860, 36, '9P23', 120, '9S37', '14900000', '-', '2023-08-15 05:51:51', '2023-08-15 05:51:51'),
(141, '9X9P239S38', 14860, 36, '9P23', 121, '9S38', '1300000', '-', '2023-08-15 05:51:51', '2023-08-15 05:51:51'),
(142, '9X9P239S39', 14860, 36, '9P23', 122, '9S39', '4150000', '-', '2023-08-15 05:51:51', '2023-08-15 05:51:51'),
(143, '9X9P239S40', 14860, 36, '9P23', 124, '9S40', '1500000', '-', '2023-08-15 05:51:51', '2023-08-15 05:51:51'),
(144, '9X9P239S41', 14860, 36, '9P23', 125, '9S41', '2100000', '-', '2023-08-15 05:51:51', '2023-08-15 05:51:51'),
(145, '9X9P249S47', 15000, 37, '9P24', 131, '9S47', '21900000', '-', '2023-08-15 05:51:51', '2023-08-15 05:51:51'),
(146, '9X9P259S47', 15000, 38, '9P25', 131, '9S47', '21850000', '-', '2023-08-15 05:51:51', '2023-08-15 05:51:51'),
(147, '9X9P269S25', 8970, 39, '9P26', 107, '9S25', '5300000', '-', '2023-08-15 05:51:51', '2023-08-15 05:51:51'),
(148, '9X9P269S26', 8970, 39, '9P26', 108, '9S26', '6600000', '-', '2023-08-15 05:51:51', '2023-08-15 05:51:51'),
(149, '9X9P39S27', 12203, 40, '9P3', 109, '9S27', '1900000', '-', '2023-08-15 05:51:51', '2023-08-15 05:51:51'),
(150, '9X9P39S28', 12203, 40, '9P3', 110, '9S28', '3700000', '-', '2023-08-15 05:51:51', '2023-08-15 05:51:51'),
(151, '9X9P49S1', 13606, 41, '9P4', 90, '9S1', '3775000', '-', '2023-08-15 05:51:51', '2023-08-15 05:51:51'),
(152, '9X9P49S2', 13606, 41, '9P4', 101, '9S2', '650000', '-', '2023-08-15 05:51:51', '2023-08-15 05:51:51'),
(153, '9X9P49S3', 13606, 41, '9P4', 112, '9S3', '4025000', '-', '2023-08-15 05:51:51', '2023-08-15 05:51:51'),
(154, '9X9P49S4', 13606, 41, '9P4', 123, '9S4', '2175000', '-', '2023-08-15 05:51:51', '2023-08-15 05:51:51'),
(155, '9X9P49S5', 13606, 41, '9P4', 134, '9S5', '2325000', '-', '2023-08-15 05:51:51', '2023-08-15 05:51:51'),
(156, '9X9P49S6', 13606, 41, '9P4', 135, '9S6', '7300000', '-', '2023-08-15 05:51:51', '2023-08-15 05:51:51'),
(157, '9X9P59S11', 15790, 42, '9P5', 92, '9S11', '5040000', '-', '2023-08-15 05:51:51', '2023-08-15 05:51:51'),
(158, '9X9P59S12', 15790, 42, '9P5', 93, '9S12', '2025000', '-', '2023-08-15 05:51:51', '2023-08-15 05:51:51'),
(159, '9X9P59S13', 15790, 42, '9P5', 94, '9S13', '1800000', '-', '2023-08-15 05:51:51', '2023-08-15 05:51:51'),
(160, '9X9P59S14', 15790, 42, '9P5', 95, '9S14', '2100000', '-', '2023-08-15 05:51:51', '2023-08-15 05:51:51'),
(161, '9X9P59S7', 15790, 42, '9P5', 136, '9S7', '8300000', '-', '2023-08-15 05:51:51', '2023-08-15 05:51:51'),
(162, '9X9P59S8', 15790, 42, '9P5', 137, '9S8', '2450000', '-', '2023-08-15 05:51:51', '2023-08-15 05:51:51'),
(163, '9X9P59S9', 15790, 42, '9P5', 138, '9S9', '1350000', '-', '2023-08-15 05:51:51', '2023-08-15 05:51:51'),
(164, '9X9P69S42', 16890, 43, '9P6', 126, '9S42', '2150000', '-', '2023-08-15 05:51:51', '2023-08-15 05:51:51'),
(165, '9X9P69S43', 16890, 43, '9P6', 127, '9S43', '2175000', '-', '2023-08-15 05:51:51', '2023-08-15 05:51:51'),
(166, '9X9P69S44', 16890, 43, '9P6', 128, '9S44', '5650000', '-', '2023-08-15 05:51:51', '2023-08-15 05:51:51'),
(167, '9X9P69S45', 16890, 43, '9P6', 129, '9S45', '7100000', '-', '2023-08-15 05:51:51', '2023-08-15 05:51:51'),
(168, '9X9P69S46', 16890, 43, '9P6', 130, '9S46', '1450000', '-', '2023-08-15 05:51:51', '2023-08-15 05:51:51'),
(169, '9X9P69S48', 16890, 43, '9P6', 132, '9S48', '1150000', '-', '2023-08-15 05:51:51', '2023-08-15 05:51:51'),
(170, '9X9P69S49', 16890, 43, '9P6', 133, '9S49', '3200000', '-', '2023-08-15 05:51:51', '2023-08-15 05:51:51'),
(171, '9X9P79S15', 17905, 44, '9P7', 96, '9S15', '3600000', '-', '2023-08-15 05:51:51', '2023-08-15 05:51:51'),
(172, '9X9P79S16', 17905, 44, '9P7', 97, '9S16', '8550000', '-', '2023-08-15 05:51:51', '2023-08-15 05:51:51'),
(173, '9X9P79S17', 17905, 44, '9P7', 98, '9S17', '900000', '-', '2023-08-15 05:51:51', '2023-08-15 05:51:51'),
(174, '9X9P79S18', 17905, 44, '9P7', 99, '9S18', '3100000', '-', '2023-08-15 05:51:51', '2023-08-15 05:51:51'),
(175, '9X9P79S19', 17905, 44, '9P7', 100, '9S19', '7550000', '-', '2023-08-15 05:51:51', '2023-08-15 05:51:51'),
(176, '9X9P89S42', 16890, 45, '9P8', 126, '9S42', '2175000', '-', '2023-08-15 05:51:51', '2023-08-15 05:51:51'),
(177, '9X9P89S43', 16890, 45, '9P8', 127, '9S43', '2200000', '-', '2023-08-15 05:51:51', '2023-08-15 05:51:51'),
(178, '9X9P89S44', 16890, 45, '9P8', 128, '9S44', '5700000', '-', '2023-08-15 05:51:51', '2023-08-15 05:51:51'),
(179, '9X9P89S45', 16890, 45, '9P8', 129, '9S45', '7150000', '-', '2023-08-15 05:51:51', '2023-08-15 05:51:51'),
(180, '9X9P89S46', 16890, 45, '9P8', 130, '9S46', '1475000', '-', '2023-08-15 05:51:51', '2023-08-15 05:51:51'),
(181, '9X9P89S48', 16890, 45, '9P8', 132, '9S48', '1175000', '-', '2023-08-15 05:51:51', '2023-08-15 05:51:51'),
(182, '9X9P89S49', 16890, 45, '9P8', 133, '9S49', '3250000', '-', '2023-08-15 05:51:51', '2023-08-15 05:51:51'),
(183, '9X9P99S25', 8970, 46, '9P9', 107, '9S25', '5200000', '-', '2023-08-15 05:51:51', '2023-08-15 05:51:51'),
(184, '9X9P99S26', 8970, 46, '9P9', 108, '9S26', '6500000', '-', '2023-08-15 05:51:51', '2023-08-15 05:51:51'),
(185, '10X10P1010S10', 8115, 48, '10P10', 140, '10S10', '3775000', '-', '2023-08-15 05:51:51', '2023-08-15 05:51:51'),
(186, '10X10P1010S5', 8115, 48, '10P10', 153, '10S5', '7210000', '-', '2023-08-15 05:51:51', '2023-08-15 05:51:51'),
(187, '10X10P1110S14', 5665, 49, '10P11', 144, '10S14', '3225000', '-', '2023-08-15 05:51:51', '2023-08-15 05:51:51'),
(188, '10X10P1110S15', 5665, 49, '10P11', 145, '10S15', '3895000', '-', '2023-08-15 05:51:51', '2023-08-15 05:51:51'),
(189, '10X10P1110S3', 5665, 49, '10P11', 151, '10S3', '2630000', '-', '2023-08-15 05:51:51', '2023-08-15 05:51:51'),
(190, '10X10P110S1', 4630, 47, '10P1', 139, '10S1', '2630000', '-', '2023-08-15 05:51:51', '2023-08-15 05:51:51'),
(191, '10X10P110S16', 4630, 47, '10P1', 146, '10S16', '3395000', '-', '2023-08-15 05:51:51', '2023-08-15 05:51:51'),
(192, '10X10P110S2', 4630, 47, '10P1', 150, '10S2', '2350000', '-', '2023-08-15 05:51:51', '2023-08-15 05:51:51'),
(193, '10X10P1210S4', 10815, 50, '10P12', 152, '10S4', '6810000', '-', '2023-08-15 05:51:51', '2023-08-15 05:51:51'),
(194, '10X10P1210S7', 10815, 50, '10P12', 155, '10S7', '6995000', '-', '2023-08-15 05:51:51', '2023-08-15 05:51:51'),
(195, '10X10P1410S14', 4505, 52, '10P14', 144, '10S14', '3220000', '-', '2023-08-15 05:51:51', '2023-08-15 05:51:51'),
(196, '10X10P1410S15', 4505, 52, '10P14', 145, '10S15', '3900000', '-', '2023-08-15 05:51:51', '2023-08-15 05:51:51'),
(197, '10X10P1510S4', 10815, 53, '10P15', 152, '10S4', '6800000', '-', '2023-08-15 05:51:51', '2023-08-15 05:51:51'),
(198, '10X10P1510S7', 10815, 53, '10P15', 155, '10S7', '7000000', '-', '2023-08-15 05:51:51', '2023-08-15 05:51:51'),
(199, '10X10P1610S10', 8115, 54, '10P16', 140, '10S10', '3760000', '-', '2023-08-15 05:51:51', '2023-08-15 05:51:51'),
(200, '10X10P1610S5', 8115, 54, '10P16', 153, '10S5', '7225000', '-', '2023-08-15 05:51:51', '2023-08-15 05:51:51'),
(201, '10X10P1910S6', 5500, 57, '10P19', 154, '10S6', '7030000', '-', '2023-08-15 05:51:51', '2023-08-15 05:51:51'),
(202, '10X10P2010S11', 19452, 59, '10P20', 141, '10S11', '18010000', '-', '2023-08-15 05:51:51', '2023-08-15 05:51:51'),
(203, '10X10P2010S8', 19452, 59, '10P20', 156, '10S8', '7170000', '-', '2023-08-15 05:51:51', '2023-08-15 05:51:51'),
(204, '10X10P2010S9', 19452, 59, '10P20', 157, '10S9', '7525000', '-', '2023-08-15 05:51:51', '2023-08-15 05:51:51'),
(205, '10X10P2110S11', 9730, 60, '10P21', 141, '10S11', '18020000', '-', '2023-08-15 05:51:51', '2023-08-15 05:51:51'),
(206, '10X10P2110S3', 9730, 60, '10P21', 151, '10S3', '2625000', '-', '2023-08-15 05:51:51', '2023-08-15 05:51:51'),
(207, '10X10P210S1', 4630, 58, '10P2', 139, '10S1', '2625000', '-', '2023-08-15 05:51:51', '2023-08-15 05:51:51'),
(208, '10X10P210S16', 4630, 58, '10P2', 146, '10S16', '3400000', '-', '2023-08-15 05:51:51', '2023-08-15 05:51:51'),
(209, '10X10P210S2', 4630, 58, '10P2', 150, '10S2', '2345000', '-', '2023-08-15 05:51:51', '2023-08-15 05:51:51'),
(210, '10X10P2410S8', 10882, 63, '10P24', 156, '10S8', '7175000', '-', '2023-08-15 05:51:51', '2023-08-15 05:51:51'),
(211, '10X10P2410S9', 10882, 63, '10P24', 157, '10S9', '7520000', '-', '2023-08-15 05:51:51', '2023-08-15 05:51:51'),
(212, '10X10P2610S19', 4105, 65, '10P26', 149, '10S19', '5325000', '-', '2023-08-15 05:51:51', '2023-08-15 05:51:51'),
(213, '10X10P410S12', 14970, 67, '10P4', 142, '10S12', '9950000', '-', '2023-08-15 05:51:51', '2023-08-15 05:51:51'),
(214, '10X10P410S13', 14970, 67, '10P4', 143, '10S13', '9925000', '-', '2023-08-15 05:51:51', '2023-08-15 05:51:51'),
(215, '10X10P610S17', 10630, 69, '10P6', 147, '10S17', '7220000', '-', '2023-08-15 05:51:51', '2023-08-15 05:51:51'),
(216, '10X10P610S18', 10630, 69, '10P6', 148, '10S18', '7230000', '-', '2023-08-15 05:51:51', '2023-08-15 05:51:51'),
(217, '10X10P710S13', 12985, 70, '10P7', 143, '10S13', '9930000', '-', '2023-08-15 05:51:51', '2023-08-15 05:51:51'),
(218, '10X10P710S6', 12985, 70, '10P7', 154, '10S6', '7025000', '-', '2023-08-15 05:51:51', '2023-08-15 05:51:51'),
(219, '10X10P910S17', 9420, 72, '10P9', 147, '10S17', '7225000', '-', '2023-08-15 05:51:51', '2023-08-15 05:51:51'),
(220, '10X10P910S19', 9420, 72, '10P9', 149, '10S19', '5320000', '-', '2023-08-15 05:51:51', '2023-08-15 05:51:51'),
(221, '11X11P1011S24', 9136, 74, '11P10', 174, '11S24', '10438000', '-', '2023-08-15 05:51:51', '2023-08-15 05:51:51'),
(222, '11X11P1011S6', 9136, 74, '11P10', 180, '11S6', '3404000', '-', '2023-08-15 05:51:51', '2023-08-15 05:51:51'),
(223, '11X11P1011S7', 9136, 74, '11P10', 181, '11S7', '2761500', '-', '2023-08-15 05:51:51', '2023-08-15 05:51:51'),
(224, '11X11P1011S8', 9136, 74, '11P10', 182, '11S8', '2499000', '-', '2023-08-15 05:51:51', '2023-08-15 05:51:51'),
(225, '11X11P1111S13', 7835, 75, '11P11', 162, '11S13', '7205000', '-', '2023-08-15 05:51:51', '2023-08-15 05:51:51'),
(226, '11X11P1111S16', 7835, 75, '11P11', 165, '11S16', '8792000', '-', '2023-08-15 05:51:51', '2023-08-15 05:51:51'),
(227, '11X11P111S14', 6040, 73, '11P1', 163, '11S14', '8436500', '-', '2023-08-15 05:51:51', '2023-08-15 05:51:51'),
(228, '11X11P111S26', 6040, 73, '11P1', 176, '11S26', '1356500', '-', '2023-08-15 05:51:51', '2023-08-15 05:51:51'),
(229, '11X11P1211S19', 1575, 76, '11P12', 168, '11S19', '2964000', '-', '2023-08-15 05:51:51', '2023-08-15 05:51:51'),
(230, '11X11P1311S1', 10731, 77, '11P13', 158, '11S1', '7980000', '-', '2023-08-15 05:51:51', '2023-08-15 05:51:51'),
(231, '11X11P1311S2', 10731, 77, '11P13', 169, '11S2', '5011000', '-', '2023-08-15 05:51:51', '2023-08-15 05:51:51'),
(232, '11X11P1311S3', 10731, 77, '11P13', 177, '11S3', '3072000', '-', '2023-08-15 05:51:51', '2023-08-15 05:51:51'),
(233, '11X11P211S15', 15140, 78, '11P2', 164, '11S15', '13998000', '-', '2023-08-15 05:51:51', '2023-08-15 05:51:51'),
(234, '11X11P211S9', 15140, 78, '11P2', 183, '11S9', '7717000', '-', '2023-08-15 05:51:51', '2023-08-15 05:51:51'),
(235, '11X11P311S17', 8560, 79, '11P3', 166, '11S17', '3384000', '-', '2023-08-15 05:51:51', '2023-08-15 05:51:51'),
(236, '11X11P311S18', 8560, 79, '11P3', 167, '11S18', '9359500', '-', '2023-08-15 05:51:51', '2023-08-15 05:51:51'),
(237, '11X11P411S20', 5148, 80, '11P4', 170, '11S20', '2958000', '-', '2023-08-15 05:51:51', '2023-08-15 05:51:51'),
(238, '11X11P411S23', 5148, 80, '11P4', 173, '11S23', '7258000', '-', '2023-08-15 05:51:51', '2023-08-15 05:51:51'),
(239, '11X11P511S21', 7088, 81, '11P5', 171, '11S21', '14378000', '-', '2023-08-15 05:51:51', '2023-08-15 05:51:51'),
(240, '11X11P611S25', 5200, 82, '11P6', 175, '11S25', '9350000', '-', '2023-08-15 05:51:51', '2023-08-15 05:51:51'),
(241, '11X11P711S12', 6085, 83, '11P7', 161, '11S12', '8493000', '-', '2023-08-15 05:51:51', '2023-08-15 05:51:51'),
(242, '11X11P811S22', 7542, 84, '11P8', 172, '11S22', '7014000', '-', '2023-08-15 05:51:51', '2023-08-15 05:51:51'),
(243, '11X11P811S4', 7542, 84, '11P8', 178, '11S4', '4654000', '-', '2023-08-15 05:51:51', '2023-08-15 05:51:51'),
(244, '11X11P811S5', 7542, 84, '11P8', 179, '11S5', '2525000', '-', '2023-08-15 05:51:51', '2023-08-15 05:51:51'),
(245, '11X11P911S10', 13460, 85, '11P9', 159, '11S10', '27910000', '-', '2023-08-15 05:51:51', '2023-08-15 05:51:51'),
(246, '12X12P1012S2', 5751, 87, '12P10', 195, '12S2', '4790000', '-', '2023-08-15 05:51:51', '2023-08-15 05:51:51'),
(247, '12X12P1012S26', 5751, 87, '12P10', 202, '12S26', '4160000', '-', '2023-08-15 05:51:51', '2023-08-15 05:51:51'),
(248, '12X12P1112S1', 10756, 88, '12P11', 184, '12S1', '16005000', '-', '2023-08-15 05:51:51', '2023-08-15 05:51:51'),
(249, '12X12P112S19', 15226, 86, '12P1', 194, '12S19', '15870000', '-', '2023-08-15 05:51:51', '2023-08-15 05:51:51'),
(250, '12X12P112S21', 15226, 86, '12P1', 197, '12S21', '6160000', '-', '2023-08-15 05:51:51', '2023-08-15 05:51:51'),
(251, '12X12P1212S11', 4577, 89, '12P12', 186, '12S11', '6180000', '-', '2023-08-15 05:51:51', '2023-08-15 05:51:51'),
(252, '12X12P212S12', 18118, 90, '12P2', 187, '12S12', '6995000', '-', '2023-08-15 05:51:51', '2023-08-15 05:51:51'),
(253, '12X12P212S22', 18118, 90, '12P2', 198, '12S22', '15670000', '-', '2023-08-15 05:51:51', '2023-08-15 05:51:51'),
(254, '12X12P212S5', 18118, 90, '12P2', 206, '12S5', '4975000', '-', '2023-08-15 05:51:51', '2023-08-15 05:51:51'),
(255, '12X12P312S10', 5669, 91, '12P3', 185, '12S10', '6180000', '-', '2023-08-15 05:51:51', '2023-08-15 05:51:51'),
(256, '12X12P312S4', 5669, 91, '12P3', 205, '12S4', '2405000', '-', '2023-08-15 05:51:51', '2023-08-15 05:51:51'),
(257, '12X12P412S24', 6905, 92, '12P4', 200, '12S24', '9290000', '-', '2023-08-15 05:51:51', '2023-08-15 05:51:51'),
(258, '12X12P512S23', 6905, 93, '12P5', 199, '12S23', '9290000', '-', '2023-08-15 05:51:51', '2023-08-15 05:51:51'),
(259, '12X12P612S25', 6298, 94, '12P6', 201, '12S25', '2415000', '-', '2023-08-15 05:51:51', '2023-08-15 05:51:51'),
(260, '12X12P612S27', 6298, 94, '12P6', 203, '12S27', '1995000', '-', '2023-08-15 05:51:51', '2023-08-15 05:51:51'),
(261, '12X12P612S6', 6298, 94, '12P6', 207, '12S6', '3495000', '-', '2023-08-15 05:51:51', '2023-08-15 05:51:51'),
(262, '12X12P612S7', 6298, 94, '12P6', 208, '12S7', '3495000', '-', '2023-08-15 05:51:51', '2023-08-15 05:51:51'),
(263, '12X12P712S16', 3538, 95, '12P7', 191, '12S16', '5475000', '-', '2023-08-15 05:51:51', '2023-08-15 05:51:51'),
(264, '12X12P812S13', 16242, 96, '12P8', 188, '12S13', '2980000', '-', '2023-08-15 05:51:51', '2023-08-15 05:51:51'),
(265, '12X12P812S14', 16242, 96, '12P8', 189, '12S14', '2980000', '-', '2023-08-15 05:51:51', '2023-08-15 05:51:51'),
(266, '12X12P812S3', 16242, 96, '12P8', 204, '12S3', '16740000', '-', '2023-08-15 05:51:51', '2023-08-15 05:51:51'),
(267, '12X12P812S8', 16242, 96, '12P8', 209, '12S8', '3495000', '-', '2023-08-15 05:51:51', '2023-08-15 05:51:51'),
(268, '12X12P912S15', 15179, 97, '12P9', 190, '12S15', '2980000', '-', '2023-08-15 05:51:51', '2023-08-15 05:51:51'),
(269, '12X12P912S17', 15179, 97, '12P9', 192, '12S17', '5485000', '-', '2023-08-15 05:51:51', '2023-08-15 05:51:51'),
(270, '12X12P912S18', 15179, 97, '12P9', 193, '12S18', '4350000', '-', '2023-08-15 05:51:51', '2023-08-15 05:51:51'),
(271, '12X12P912S20', 15179, 97, '12P9', 196, '12S20', '4410000', '-', '2023-08-15 05:51:51', '2023-08-15 05:51:51'),
(272, '12X12P912S9', 15179, 97, '12P9', 210, '12S9', '6555000', '-', '2023-08-15 05:51:51', '2023-08-15 05:51:51'),
(273, '13X13P1013S15', 18015, 99, '13P10', 216, '13S15', '3315000', '-', '2023-08-15 05:51:51', '2023-08-15 05:51:51'),
(274, '13X13P1013S16', 18015, 99, '13P10', 217, '13S16', '3315000', '-', '2023-08-15 05:51:51', '2023-08-15 05:51:51'),
(275, '13X13P1013S17', 18015, 99, '13P10', 218, '13S17', '3315000', '-', '2023-08-15 05:51:51', '2023-08-15 05:51:51'),
(276, '13X13P1013S18', 18015, 99, '13P10', 219, '13S18', '3315000', '-', '2023-08-15 05:51:51', '2023-08-15 05:51:51'),
(277, '13X13P1013S19', 18015, 99, '13P10', 220, '13S19', '3315000', '-', '2023-08-15 05:51:51', '2023-08-15 05:51:51'),
(278, '13X13P1013S20', 18015, 99, '13P10', 222, '13S20', '3315000', '-', '2023-08-15 05:51:51', '2023-08-15 05:51:51'),
(279, '13X13P1013S21', 18015, 99, '13P10', 223, '13S21', '2128000', '-', '2023-08-15 05:51:51', '2023-08-15 05:51:51'),
(280, '13X13P1113S6', 12075, 100, '13P11', 265, '13S6', '3315000', '-', '2023-08-15 05:51:51', '2023-08-15 05:51:51'),
(281, '13X13P1113S7', 12075, 100, '13P11', 274, '13S7', '3218000', '-', '2023-08-15 05:51:51', '2023-08-15 05:51:51'),
(282, '13X13P1113S8', 12075, 100, '13P11', 275, '13S8', '3917000', '-', '2023-08-15 05:51:51', '2023-08-15 05:51:51'),
(283, '13X13P1113S9', 12075, 100, '13P11', 276, '13S9', '4449000', '-', '2023-08-15 05:51:51', '2023-08-15 05:51:51'),
(284, '13X13P113S64', 9330, 98, '13P1', 270, '13S64', '3315000', '-', '2023-08-15 05:51:51', '2023-08-15 05:51:51'),
(285, '13X13P113S65', 9330, 98, '13P1', 271, '13S65', '5085000', '-', '2023-08-15 05:51:51', '2023-08-15 05:51:51'),
(286, '13X13P113S66', 9330, 98, '13P1', 272, '13S66', '1388000', '-', '2023-08-15 05:51:51', '2023-08-15 05:51:51'),
(287, '13X13P113S67', 9330, 98, '13P1', 273, '13S67', '2014000', '-', '2023-08-15 05:51:51', '2023-08-15 05:51:51'),
(288, '13X13P1213S11', 15045, 101, '13P12', 212, '13S11', '3315000', '-', '2023-08-15 05:51:51', '2023-08-15 05:51:51'),
(289, '13X13P1213S12', 15045, 101, '13P12', 213, '13S12', '3315000', '-', '2023-08-15 05:51:51', '2023-08-15 05:51:51'),
(290, '13X13P1213S13', 15045, 101, '13P12', 214, '13S13', '3902000', '-', '2023-08-15 05:51:51', '2023-08-15 05:51:51'),
(291, '13X13P1213S14', 15045, 101, '13P12', 215, '13S14', '7354000', '-', '2023-08-15 05:51:51', '2023-08-15 05:51:51'),
(292, '13X13P1313S38', 7650, 102, '13P13', 241, '13S38', '3315000', '-', '2023-08-15 05:51:51', '2023-08-15 05:51:51'),
(293, '13X13P1313S39', 7650, 102, '13P13', 242, '13S39', '3315000', '-', '2023-08-15 05:51:51', '2023-08-15 05:51:51'),
(294, '13X13P1313S40', 7650, 102, '13P13', 244, '13S40', '3030000', '-', '2023-08-15 05:51:51', '2023-08-15 05:51:51'),
(295, '13X13P1413S52', 16010, 103, '13P14', 257, '13S52', '3315000', '-', '2023-08-15 05:51:51', '2023-08-15 05:51:51'),
(296, '13X13P1413S53', 16010, 103, '13P14', 258, '13S53', '3315000', '-', '2023-08-15 05:51:51', '2023-08-15 05:51:51'),
(297, '13X13P1413S54', 16010, 103, '13P14', 259, '13S54', '3315000', '-', '2023-08-15 05:51:51', '2023-08-15 05:51:51'),
(298, '13X13P1413S55', 16010, 103, '13P14', 260, '13S55', '3315000', '-', '2023-08-15 05:51:51', '2023-08-15 05:51:51'),
(299, '13X13P1413S56', 16010, 103, '13P14', 261, '13S56', '3315000', '-', '2023-08-15 05:51:51', '2023-08-15 05:51:51'),
(300, '13X13P1413S57', 16010, 103, '13P14', 262, '13S57', '2984000', '-', '2023-08-15 05:51:51', '2023-08-15 05:51:51'),
(301, '13X13P213S27', 16500, 104, '13P2', 229, '13S27', '3315000', '-', '2023-08-15 05:51:51', '2023-08-15 05:51:51'),
(302, '13X13P213S28', 16500, 104, '13P2', 230, '13S28', '3315000', '-', '2023-08-15 05:51:51', '2023-08-15 05:51:51'),
(303, '13X13P213S29', 16500, 104, '13P2', 231, '13S29', '3315000', '-', '2023-08-15 05:51:51', '2023-08-15 05:51:51'),
(304, '13X13P213S30', 16500, 104, '13P2', 233, '13S30', '3315000', '-', '2023-08-15 05:51:51', '2023-08-15 05:51:51'),
(305, '13X13P213S31', 16500, 104, '13P2', 234, '13S31', '3315000', '-', '2023-08-15 05:51:51', '2023-08-15 05:51:51'),
(306, '13X13P213S32', 16500, 104, '13P2', 235, '13S32', '3595000', '-', '2023-08-15 05:51:51', '2023-08-15 05:51:51'),
(307, '13X13P313S33', 15610, 105, '13P3', 236, '13S33', '5256000', '-', '2023-08-15 05:51:51', '2023-08-15 05:51:51'),
(308, '13X13P313S34', 15610, 105, '13P3', 237, '13S34', '3315000', '-', '2023-08-15 05:51:51', '2023-08-15 05:51:51'),
(309, '13X13P313S35', 15610, 105, '13P3', 238, '13S35', '3315000', '-', '2023-08-15 05:51:51', '2023-08-15 05:51:51'),
(310, '13X13P313S36', 15610, 105, '13P3', 239, '13S36', '3315000', '-', '2023-08-15 05:51:51', '2023-08-15 05:51:51'),
(311, '13X13P313S37', 15610, 105, '13P3', 240, '13S37', '3269000', '-', '2023-08-15 05:51:51', '2023-08-15 05:51:51'),
(312, '13X13P413S22', 13865, 106, '13P4', 224, '13S22', '3315000', '-', '2023-08-15 05:51:51', '2023-08-15 05:51:51'),
(313, '13X13P413S23', 13865, 106, '13P4', 225, '13S23', '3315000', '-', '2023-08-15 05:51:51', '2023-08-15 05:51:51'),
(314, '13X13P413S24', 13865, 106, '13P4', 226, '13S24', '3315000', '-', '2023-08-15 05:51:51', '2023-08-15 05:51:51'),
(315, '13X13P413S25', 13865, 106, '13P4', 227, '13S25', '3315000', '-', '2023-08-15 05:51:51', '2023-08-15 05:51:51'),
(316, '13X13P413S26', 13865, 106, '13P4', 228, '13S26', '3846000', '-', '2023-08-15 05:51:51', '2023-08-15 05:51:51'),
(317, '13X13P513S41', 13935, 107, '13P5', 245, '13S41', '3315000', '-', '2023-08-15 05:51:51', '2023-08-15 05:51:51'),
(318, '13X13P513S42', 13935, 107, '13P5', 246, '13S42', '3315000', '-', '2023-08-15 05:51:51', '2023-08-15 05:51:51'),
(319, '13X13P513S43', 13935, 107, '13P5', 247, '13S43', '3315000', '-', '2023-08-15 05:51:51', '2023-08-15 05:51:51'),
(320, '13X13P513S44', 13935, 107, '13P5', 248, '13S44', '3315000', '-', '2023-08-15 05:51:51', '2023-08-15 05:51:51'),
(321, '13X13P513S45', 13935, 107, '13P5', 249, '13S45', '3248000', '-', '2023-08-15 05:51:51', '2023-08-15 05:51:51'),
(322, '13X13P713S46', 16800, 109, '13P7', 250, '13S46', '3315000', '-', '2023-08-15 05:51:51', '2023-08-15 05:51:51'),
(323, '13X13P713S47', 16800, 109, '13P7', 251, '13S47', '3315000', '-', '2023-08-15 05:51:51', '2023-08-15 05:51:51'),
(324, '13X13P713S48', 16800, 109, '13P7', 252, '13S48', '3315000', '-', '2023-08-15 05:51:51', '2023-08-15 05:51:51'),
(325, '13X13P713S49', 16800, 109, '13P7', 253, '13S49', '3315000', '-', '2023-08-15 05:51:51', '2023-08-15 05:51:51'),
(326, '13X13P713S50', 16800, 109, '13P7', 255, '13S50', '3315000', '-', '2023-08-15 05:51:51', '2023-08-15 05:51:51'),
(327, '13X13P713S51', 16800, 109, '13P7', 256, '13S51', '3315000', '-', '2023-08-15 05:51:51', '2023-08-15 05:51:51'),
(328, '13X13P813S1', 14385, 110, '13P8', 211, '13S1', '2915000', '-', '2023-08-15 05:51:51', '2023-08-15 05:51:51'),
(329, '13X13P813S2', 14385, 110, '13P8', 221, '13S2', '2939000', '-', '2023-08-15 05:51:51', '2023-08-15 05:51:51'),
(330, '13X13P813S3', 14385, 110, '13P8', 232, '13S3', '4066000', '-', '2023-08-15 05:51:51', '2023-08-15 05:51:51'),
(331, '13X13P813S4', 14385, 110, '13P8', 243, '13S4', '3257000', '-', '2023-08-15 05:51:51', '2023-08-15 05:51:51'),
(332, '13X13P813S5', 14385, 110, '13P8', 254, '13S5', '5103000', '-', '2023-08-15 05:51:51', '2023-08-15 05:51:51'),
(333, '13X13P913S58', 16800, 111, '13P9', 263, '13S58', '3315000', '-', '2023-08-15 05:51:51', '2023-08-15 05:51:51'),
(334, '13X13P913S59', 16800, 111, '13P9', 264, '13S59', '3315000', '-', '2023-08-15 05:51:51', '2023-08-15 05:51:51'),
(335, '13X13P913S60', 16800, 111, '13P9', 266, '13S60', '3315000', '-', '2023-08-15 05:51:51', '2023-08-15 05:51:51'),
(336, '13X13P913S61', 16800, 111, '13P9', 267, '13S61', '3315000', '-', '2023-08-15 05:51:51', '2023-08-15 05:51:51'),
(337, '13X13P913S62', 16800, 111, '13P9', 268, '13S62', '3315000', '-', '2023-08-15 05:51:51', '2023-08-15 05:51:51'),
(338, '13X13P913S63', 16800, 111, '13P9', 269, '13S63', '3315000', '-', '2023-08-15 05:51:51', '2023-08-15 05:51:51'),
(339, '14X14P1014S35', 1350, 113, '14P10', 308, '14S35', '1975000', '-', '2023-08-15 05:51:51', '2023-08-15 05:51:51'),
(340, '14X14P1114S20', 2700, 114, '14P11', 292, '14S20', '1985000', '-', '2023-08-15 05:51:51', '2023-08-15 05:51:51'),
(341, '14X14P1114S21', 2700, 114, '14P11', 293, '14S21', '1985000', '-', '2023-08-15 05:51:51', '2023-08-15 05:51:51'),
(342, '14X14P114S32', 10575, 112, '14P1', 305, '14S32', '1980000', '-', '2023-08-15 05:51:51', '2023-08-15 05:51:51'),
(343, '14X14P114S33', 10575, 112, '14P1', 306, '14S33', '1980000', '-', '2023-08-15 05:51:51', '2023-08-15 05:51:51'),
(344, '14X14P114S34', 10575, 112, '14P1', 307, '14S34', '1980000', '-', '2023-08-15 05:51:51', '2023-08-15 05:51:51'),
(345, '14X14P114S53', 10575, 112, '14P1', 328, '14S53', '2000000', '-', '2023-08-15 05:51:51', '2023-08-15 05:51:51'),
(346, '14X14P114S61', 10575, 112, '14P1', 337, '14S61', '3300000', '-', '2023-08-15 05:51:51', '2023-08-15 05:51:51'),
(347, '14X14P114S62', 10575, 112, '14P1', 338, '14S62', '3300000', '-', '2023-08-15 05:51:51', '2023-08-15 05:51:51'),
(348, '14X14P114S63', 10575, 112, '14P1', 339, '14S63', '3300000', '-', '2023-08-15 05:51:51', '2023-08-15 05:51:51'),
(349, '14X14P114S65', 10575, 112, '14P1', 341, '14S65', '3310000', '-', '2023-08-15 05:51:51', '2023-08-15 05:51:51'),
(350, '14X14P1214S22', 10290, 115, '14P12', 294, '14S22', '1980000', '-', '2023-08-15 05:51:51', '2023-08-15 05:51:51'),
(351, '14X14P1214S23', 10290, 115, '14P12', 295, '14S23', '1980000', '-', '2023-08-15 05:51:51', '2023-08-15 05:51:51'),
(352, '14X14P1214S58', 10290, 115, '14P12', 333, '14S58', '3300000', '-', '2023-08-15 05:51:51', '2023-08-15 05:51:51'),
(353, '14X14P1214S59', 10290, 115, '14P12', 334, '14S59', '3300000', '-', '2023-08-15 05:51:51', '2023-08-15 05:51:51'),
(354, '14X14P1214S60', 10290, 115, '14P12', 336, '14S60', '3300000', '-', '2023-08-15 05:51:51', '2023-08-15 05:51:51'),
(355, '14X14P1214S85', 10290, 115, '14P12', 363, '14S85', '1595000', '-', '2023-08-15 05:51:51', '2023-08-15 05:51:51'),
(356, '14X14P1214S86', 10290, 115, '14P12', 364, '14S86', '1595000', '-', '2023-08-15 05:51:51', '2023-08-15 05:51:51'),
(357, '14X14P1214S87', 10290, 115, '14P12', 365, '14S87', '1595000', '-', '2023-08-15 05:51:51', '2023-08-15 05:51:51'),
(358, '14X14P1314S24', 7412, 116, '14P13', 296, '14S24', '1975000', '-', '2023-08-15 05:51:51', '2023-08-15 05:51:51'),
(359, '14X14P1314S25', 7412, 116, '14P13', 297, '14S25', '1975000', '-', '2023-08-15 05:51:51', '2023-08-15 05:51:51'),
(360, '14X14P1314S45', 7412, 116, '14P13', 319, '14S45', '1920000', '-', '2023-08-15 05:51:51', '2023-08-15 05:51:51'),
(361, '14X14P1314S46', 7412, 116, '14P13', 320, '14S46', '1920000', '-', '2023-08-15 05:51:51', '2023-08-15 05:51:51'),
(362, '14X14P1314S95', 7412, 116, '14P13', 374, '14S95', '1995000', '-', '2023-08-15 05:51:51', '2023-08-15 05:51:51'),
(363, '14X14P1314S96', 7412, 116, '14P13', 375, '14S96', '1995000', '-', '2023-08-15 05:51:51', '2023-08-15 05:51:51'),
(364, '14X14P1414S26', 14372, 117, '14P14', 298, '14S26', '1980000', '-', '2023-08-15 05:51:51', '2023-08-15 05:51:51'),
(365, '14X14P1414S27', 14372, 117, '14P14', 299, '14S27', '1985000', '-', '2023-08-15 05:51:51', '2023-08-15 05:51:51'),
(366, '14X14P1414S37', 14372, 117, '14P14', 310, '14S37', '1915000', '-', '2023-08-15 05:51:51', '2023-08-15 05:51:51'),
(367, '14X14P1414S38', 14372, 117, '14P14', 311, '14S38', '1975000', '-', '2023-08-15 05:51:51', '2023-08-15 05:51:51'),
(368, '14X14P1414S39', 14372, 117, '14P14', 312, '14S39', '1975000', '-', '2023-08-15 05:51:51', '2023-08-15 05:51:51'),
(369, '14X14P1414S40', 14372, 117, '14P14', 314, '14S40', '1975000', '-', '2023-08-15 05:51:51', '2023-08-15 05:51:51'),
(370, '14X14P1414S41', 14372, 117, '14P14', 315, '14S41', '1975000', '-', '2023-08-15 05:51:51', '2023-08-15 05:51:51'),
(371, '14X14P1414S45', 14372, 117, '14P14', 319, '14S45', '1915000', '-', '2023-08-15 05:51:51', '2023-08-15 05:51:51'),
(372, '14X14P1414S46', 14372, 117, '14P14', 320, '14S46', '1915000', '-', '2023-08-15 05:51:51', '2023-08-15 05:51:51'),
(373, '14X14P1414S47', 14372, 117, '14P14', 321, '14S47', '1975000', '-', '2023-08-15 05:51:51', '2023-08-15 05:51:51'),
(374, '14X14P1414S72', 14372, 117, '14P14', 349, '14S72', '1915000', '-', '2023-08-15 05:51:51', '2023-08-15 05:51:51'),
(375, '14X14P1414S73', 14372, 117, '14P14', 350, '14S73', '1915000', '-', '2023-08-15 05:51:51', '2023-08-15 05:51:51'),
(376, '14X14P1414S9', 14372, 117, '14P14', 368, '14S9', '2410000', '-', '2023-08-15 05:51:51', '2023-08-15 05:51:51'),
(377, '14X14P1514S101', 8124, 118, '14P15', 280, '14S101', '2260000', '-', '2023-08-15 05:51:51', '2023-08-15 05:51:51'),
(378, '14X14P1514S102', 8124, 118, '14P15', 281, '14S102', '520000', '-', '2023-08-15 05:51:51', '2023-08-15 05:51:51'),
(379, '14X14P1514S31', 8124, 118, '14P15', 304, '14S31', '1980000', '-', '2023-08-15 05:51:51', '2023-08-15 05:51:51'),
(380, '14X14P1514S75', 8124, 118, '14P15', 352, '14S75', '1730000', '-', '2023-08-15 05:51:51', '2023-08-15 05:51:51'),
(381, '14X14P1514S85', 8124, 118, '14P15', 363, '14S85', '1600000', '-', '2023-08-15 05:51:51', '2023-08-15 05:51:51'),
(382, '14X14P1514S86', 8124, 118, '14P15', 364, '14S86', '1600000', '-', '2023-08-15 05:51:51', '2023-08-15 05:51:51'),
(383, '14X14P1514S87', 8124, 118, '14P15', 365, '14S87', '1600000', '-', '2023-08-15 05:51:51', '2023-08-15 05:51:51'),
(384, '14X14P1614S35', 7135, 119, '14P16', 308, '14S35', '1980000', '-', '2023-08-15 05:51:51', '2023-08-15 05:51:51'),
(385, '14X14P1614S36', 7135, 119, '14P16', 309, '14S36', '1725000', '-', '2023-08-15 05:51:51', '2023-08-15 05:51:51'),
(386, '14X14P1614S53', 7135, 119, '14P16', 328, '14S53', '1980000', '-', '2023-08-15 05:51:51', '2023-08-15 05:51:51'),
(387, '14X14P1614S54', 7135, 119, '14P16', 329, '14S54', '1980000', '-', '2023-08-15 05:51:51', '2023-08-15 05:51:51'),
(388, '14X14P1614S55', 7135, 119, '14P16', 330, '14S55', '4780000', '-', '2023-08-15 05:51:51', '2023-08-15 05:51:51'),
(389, '14X14P1714S15', 7475, 120, '14P17', 286, '14S15', '2450000', '-', '2023-08-15 05:51:51', '2023-08-15 05:51:51'),
(390, '14X14P1714S49', 7475, 120, '14P17', 323, '14S49', '1980000', '-', '2023-08-15 05:51:51', '2023-08-15 05:51:51'),
(391, '14X14P1714S70', 7475, 120, '14P17', 347, '14S70', '3310000', '-', '2023-08-15 05:51:51', '2023-08-15 05:51:51'),
(392, '14X14P1714S71', 7475, 120, '14P17', 348, '14S71', '2407000', '-', '2023-08-15 05:51:51', '2023-08-15 05:51:51'),
(393, '14X14P1714S74', 7475, 120, '14P17', 351, '14S74', '3590000', '-', '2023-08-15 05:51:51', '2023-08-15 05:51:51'),
(394, '14X14P214S13', 18546, 121, '14P2', 284, '14S13', '2450000', '-', '2023-08-15 05:51:51', '2023-08-15 05:51:51'),
(395, '14X14P214S14', 18546, 121, '14P2', 285, '14S14', '2450000', '-', '2023-08-15 05:51:51', '2023-08-15 05:51:51'),
(396, '14X14P214S28', 18546, 121, '14P2', 300, '14S28', '1980000', '-', '2023-08-15 05:51:51', '2023-08-15 05:51:51'),
(397, '14X14P214S64', 18546, 121, '14P2', 340, '14S64', '3310000', '-', '2023-08-15 05:51:51', '2023-08-15 05:51:51'),
(398, '14X14P214S66', 18546, 121, '14P2', 342, '14S66', '3300000', '-', '2023-08-15 05:51:51', '2023-08-15 05:51:51'),
(399, '14X14P214S76', 18546, 121, '14P2', 353, '14S76', '7660000', '-', '2023-08-15 05:51:51', '2023-08-15 05:51:51'),
(400, '14X14P214S88', 18546, 121, '14P2', 366, '14S88', '1990000', '-', '2023-08-15 05:51:51', '2023-08-15 05:51:51'),
(401, '14X14P214S89', 18546, 121, '14P2', 367, '14S89', '1990000', '-', '2023-08-15 05:51:51', '2023-08-15 05:51:51'),
(402, '14X14P214S90', 18546, 121, '14P2', 369, '14S90', '1990000', '-', '2023-08-15 05:51:51', '2023-08-15 05:51:51'),
(403, '14X14P214S91', 18546, 121, '14P2', 370, '14S91', '1990000', '-', '2023-08-15 05:51:51', '2023-08-15 05:51:51'),
(404, '14X14P214S92', 18546, 121, '14P2', 371, '14S92', '1990000', '-', '2023-08-15 05:51:51', '2023-08-15 05:51:51'),
(405, '14X14P314S28', 16780, 122, '14P3', 300, '14S28', '1975000', '-', '2023-08-15 05:51:51', '2023-08-15 05:51:51'),
(406, '14X14P314S29', 16780, 122, '14P3', 301, '14S29', '1975000', '-', '2023-08-15 05:51:51', '2023-08-15 05:51:51'),
(407, '14X14P314S30', 16780, 122, '14P3', 303, '14S30', '1975000', '-', '2023-08-15 05:51:51', '2023-08-15 05:51:51'),
(408, '14X14P314S77', 16780, 122, '14P3', 354, '14S77', '2410000', '-', '2023-08-15 05:51:51', '2023-08-15 05:51:51'),
(409, '14X14P314S78', 16780, 122, '14P3', 355, '14S78', '2450000', '-', '2023-08-15 05:51:51', '2023-08-15 05:51:51'),
(410, '14X14P314S79', 16780, 122, '14P3', 356, '14S79', '3575000', '-', '2023-08-15 05:51:51', '2023-08-15 05:51:51'),
(411, '14X14P314S80', 16780, 122, '14P3', 358, '14S80', '1980000', '-', '2023-08-15 05:51:51', '2023-08-15 05:51:51'),
(412, '14X14P314S81', 16780, 122, '14P3', 359, '14S81', '2015000', '-', '2023-08-15 05:51:51', '2023-08-15 05:51:51'),
(413, '14X14P314S82', 16780, 122, '14P3', 360, '14S82', '1980000', '-', '2023-08-15 05:51:51', '2023-08-15 05:51:51'),
(414, '14X14P314S83', 16780, 122, '14P3', 361, '14S83', '2320000', '-', '2023-08-15 05:51:51', '2023-08-15 05:51:51'),
(415, '14X14P314S84', 16780, 122, '14P3', 362, '14S84', '5835000', '-', '2023-08-15 05:51:51', '2023-08-15 05:51:51'),
(416, '14X14P414S10', 6970, 123, '14P4', 278, '14S10', '2415000', '-', '2023-08-15 05:51:51', '2023-08-15 05:51:51'),
(417, '14X14P414S100', 6970, 123, '14P4', 279, '14S100', '1990000', '-', '2023-08-15 05:51:51', '2023-08-15 05:51:51'),
(418, '14X14P414S8', 6970, 123, '14P4', 357, '14S8', '2415000', '-', '2023-08-15 05:51:51', '2023-08-15 05:51:51'),
(419, '14X14P414S9', 6970, 123, '14P4', 368, '14S9', '2415000', '-', '2023-08-15 05:51:51', '2023-08-15 05:51:51'),
(420, '14X14P414S99', 6970, 123, '14P4', 378, '14S99', '1990000', '-', '2023-08-15 05:51:51', '2023-08-15 05:51:51'),
(421, '14X14P514S18', 5388, 124, '14P5', 289, '14S18', '2400000', '-', '2023-08-15 05:51:51', '2023-08-15 05:51:51'),
(422, '14X14P514S19', 5388, 124, '14P5', 290, '14S19', '1980000', '-', '2023-08-15 05:51:51', '2023-08-15 05:51:51'),
(423, '14X14P514S42', 5388, 124, '14P5', 316, '14S42', '2260000', '-', '2023-08-15 05:51:51', '2023-08-15 05:51:51'),
(424, '14X14P514S43', 5388, 124, '14P5', 317, '14S43', '1912000', '-', '2023-08-15 05:51:51', '2023-08-15 05:51:51'),
(425, '14X14P514S44', 5388, 124, '14P5', 318, '14S44', '1912000', '-', '2023-08-15 05:51:51', '2023-08-15 05:51:51'),
(426, '14X14P614S16', 4050, 125, '14P6', 287, '14S16', '2450000', '-', '2023-08-15 05:51:51', '2023-08-15 05:51:51'),
(427, '14X14P614S17', 4050, 125, '14P6', 288, '14S17', '2400000', '-', '2023-08-15 05:51:51', '2023-08-15 05:51:51'),
(428, '14X14P614S48', 4050, 125, '14P6', 322, '14S48', '2000000', '-', '2023-08-15 05:51:51', '2023-08-15 05:51:51'),
(429, '14X14P714S11', 11130, 126, '14P7', 282, '14S11', '2415000', '-', '2023-08-15 05:51:51', '2023-08-15 05:51:51'),
(430, '14X14P714S12', 11130, 126, '14P7', 283, '14S12', '2415000', '-', '2023-08-15 05:51:51', '2023-08-15 05:51:51'),
(431, '14X14P714S50', 11130, 126, '14P7', 325, '14S50', '1985000', '-', '2023-08-15 05:51:51', '2023-08-15 05:51:51'),
(432, '14X14P714S51', 11130, 126, '14P7', 326, '14S51', '1985000', '-', '2023-08-15 05:51:51', '2023-08-15 05:51:51'),
(433, '14X14P714S52', 11130, 126, '14P7', 327, '14S52', '1985000', '-', '2023-08-15 05:51:51', '2023-08-15 05:51:51'),
(434, '14X14P714S93', 11130, 126, '14P7', 372, '14S93', '1995000', '-', '2023-08-15 05:51:51', '2023-08-15 05:51:51'),
(435, '14X14P714S94', 11130, 126, '14P7', 373, '14S94', '1995000', '-', '2023-08-15 05:51:51', '2023-08-15 05:51:51'),
(436, '14X14P714S95', 11130, 126, '14P7', 374, '14S95', '1995000', '-', '2023-08-15 05:51:51', '2023-08-15 05:51:51'),
(437, '14X14P814S100', 18430, 127, '14P8', 279, '14S100', '2000000', '-', '2023-08-15 05:51:51', '2023-08-15 05:51:51');

-- Dumping data untuk tabel `users`
--

INSERT INTO `users` (`id`, `username`, `name`, `email`, `email_verified_at`, `password`, `two_factor_secret`, `two_factor_recovery_codes`, `two_factor_confirmed_at`, `remember_token`, `created_at`, `updated_at`) VALUES
(1, 'superadmin', 'SuperAdmin', 'superadmin@gmail.com', '2023-08-15 05:44:04', '$2y$10$uR.9mU3NurQZ6zGZsOZRkeSvu8LP/8z1RgKw4d7aHYFSqoU5q1cSa', NULL, NULL, NULL, NULL, '2023-08-15 05:44:04', '2023-08-15 05:44:04'),
(2, 'user', 'user', 'user@gmail.com', '2023-08-15 05:44:04', '$2y$10$siiWUJvZ9BSQYogcDqfmHOkCgeHAwxzrVqLo.Lr8blVu4g7pyiGAS', NULL, NULL, NULL, NULL, '2023-08-15 05:44:04', '2023-08-15 05:44:04');

--
-- Indexes for dumped tables
--

--
-- Indeks untuk tabel `categories`
--
ALTER TABLE `categories`
  ADD PRIMARY KEY (`id`);

--
-- Indeks untuk tabel `daerahs`
--
ALTER TABLE `daerahs`
  ADD PRIMARY KEY (`id`),
  ADD KEY `daerahs_id_kelurahan_foreign` (`id_kelurahan`),
  ADD KEY `daerahs_id_kecamatan_foreign` (`id_kecamatan`),
  ADD KEY `daerahs_thn_sts_foreign` (`thn_sts`);

--
-- Indeks untuk tabel `daftars`
--
ALTER TABLE `daftars`
  ADD PRIMARY KEY (`id`),
  ADD KEY `daftars_id_kelurahan_foreign` (`id_kelurahan`);

--
-- Indeks untuk tabel `failed_jobs`
--
ALTER TABLE `failed_jobs`
  ADD PRIMARY KEY (`id`),
  ADD UNIQUE KEY `failed_jobs_uuid_unique` (`uuid`);

--
-- Indeks untuk tabel `jabatans`
--
ALTER TABLE `jabatans`
  ADD PRIMARY KEY (`id`),
  ADD UNIQUE KEY `jabatans_jabatan_unique` (`jabatan`);

--
-- Indeks untuk tabel `kecamatans`
--
ALTER TABLE `kecamatans`
  ADD PRIMARY KEY (`id`),
  ADD UNIQUE KEY `kecamatans_kecamatan_unique` (`kecamatan`);

--
-- Indeks untuk tabel `kelurahans`
--
ALTER TABLE `kelurahans`
  ADD PRIMARY KEY (`id`),
  ADD UNIQUE KEY `kelurahans_kelurahan_unique` (`kelurahan`),
  ADD KEY `kelurahans_id_kecamatan_foreign` (`id_kecamatan`);

--
-- Indeks untuk tabel `menu_groups`
--
ALTER TABLE `menu_groups`
  ADD PRIMARY KEY (`id`),
  ADD UNIQUE KEY `menu_groups_name_unique` (`name`);

--
-- Indeks untuk tabel `menu_items`
--
ALTER TABLE `menu_items`
  ADD PRIMARY KEY (`id`),
  ADD UNIQUE KEY `menu_items_name_unique` (`name`),
  ADD UNIQUE KEY `menu_items_route_unique` (`route`),
  ADD KEY `menu_items_menu_group_id_foreign` (`menu_group_id`);

--
-- Indeks untuk tabel `migrations`
--
ALTER TABLE `migrations`
  ADD PRIMARY KEY (`id`);

--
-- Indeks untuk tabel `model_has_permissions`
--
ALTER TABLE `model_has_permissions`
  ADD PRIMARY KEY (`permission_id`,`model_id`,`model_type`),
  ADD KEY `model_has_permissions_model_id_model_type_index` (`model_id`,`model_type`);

--
-- Indeks untuk tabel `model_has_roles`
--
ALTER TABLE `model_has_roles`
  ADD PRIMARY KEY (`role_id`,`model_id`,`model_type`),
  ADD KEY `model_has_roles_model_id_model_type_index` (`model_id`,`model_type`);

--
-- Indeks untuk tabel `opds`
--
ALTER TABLE `opds`
  ADD PRIMARY KEY (`id`),
  ADD KEY `opds_id_kecamatan_foreign` (`id_kecamatan`);

--
-- Indeks untuk tabel `password_resets`
--
ALTER TABLE `password_resets`
  ADD KEY `password_resets_email_index` (`email`);

--
-- Indeks untuk tabel `pejabats`
--
ALTER TABLE `pejabats`
  ADD PRIMARY KEY (`id`),
  ADD UNIQUE KEY `pejabats_nama_pejabat_unique` (`nama_pejabat`),
  ADD KEY `pejabats_id_jabatan_foreign` (`id_jabatan`),
  ADD KEY `pejabats_id_opd_foreign` (`id_opd`);

--
-- Indeks untuk tabel `penawarans`
--
ALTER TABLE `penawarans`
  ADD PRIMARY KEY (`id`),
  ADD KEY `penawarans_idfk_daftar_foreign` (`idfk_daftar`),
  ADD KEY `penawarans_idfk_tkd_foreign` (`idfk_tkd`);

--
-- Indeks untuk tabel `permissions`
--
ALTER TABLE `permissions`
  ADD PRIMARY KEY (`id`),
  ADD UNIQUE KEY `permissions_name_guard_name_unique` (`name`,`guard_name`);

--
-- Indeks untuk tabel `personal_access_tokens`
--
ALTER TABLE `personal_access_tokens`
  ADD PRIMARY KEY (`id`),
  ADD UNIQUE KEY `personal_access_tokens_token_unique` (`token`),
  ADD KEY `personal_access_tokens_tokenable_type_tokenable_id_index` (`tokenable_type`,`tokenable_id`);

--
-- Indeks untuk tabel `roles`
--
ALTER TABLE `roles`
  ADD PRIMARY KEY (`id`),
  ADD UNIQUE KEY `roles_name_guard_name_unique` (`name`,`guard_name`);

--
-- Indeks untuk tabel `role_has_permissions`
--
ALTER TABLE `role_has_permissions`
  ADD PRIMARY KEY (`permission_id`,`role_id`),
  ADD KEY `role_has_permissions_role_id_foreign` (`role_id`);

--
-- Indeks untuk tabel `tahuns`
--
ALTER TABLE `tahuns`
  ADD PRIMARY KEY (`id`),
  ADD UNIQUE KEY `tahuns_tahun_unique` (`tahun`);

--
-- Indeks untuk tabel `tkds`
--
ALTER TABLE `tkds`
  ADD PRIMARY KEY (`id`),
  ADD KEY `tkds_id_kelurahan_foreign` (`id_kelurahan`);

--
-- Indeks untuk tabel `users`
--
ALTER TABLE `users`
  ADD PRIMARY KEY (`id`),
  ADD UNIQUE KEY `users_email_unique` (`email`);

--
-- AUTO_INCREMENT untuk tabel yang dibuang
--

--
-- AUTO_INCREMENT untuk tabel `categories`
--
ALTER TABLE `categories`
  MODIFY `id` bigint(20) UNSIGNED NOT NULL AUTO_INCREMENT, AUTO_INCREMENT=6;

--
-- AUTO_INCREMENT untuk tabel `daerahs`
--
ALTER TABLE `daerahs`
  MODIFY `id` bigint(20) UNSIGNED NOT NULL AUTO_INCREMENT, AUTO_INCREMENT=46;

--
-- AUTO_INCREMENT untuk tabel `daftars`
--
ALTER TABLE `daftars`
  MODIFY `id` bigint(20) UNSIGNED NOT NULL AUTO_INCREMENT, AUTO_INCREMENT=747;

--
-- AUTO_INCREMENT untuk tabel `failed_jobs`
--
ALTER TABLE `failed_jobs`
  MODIFY `id` bigint(20) UNSIGNED NOT NULL AUTO_INCREMENT;

--
-- AUTO_INCREMENT untuk tabel `jabatans`
--
ALTER TABLE `jabatans`
  MODIFY `id` bigint(20) UNSIGNED NOT NULL AUTO_INCREMENT, AUTO_INCREMENT=2;

--
-- AUTO_INCREMENT untuk tabel `kecamatans`
--
ALTER TABLE `kecamatans`
  MODIFY `id` bigint(20) UNSIGNED NOT NULL AUTO_INCREMENT, AUTO_INCREMENT=4;

--
-- AUTO_INCREMENT untuk tabel `kelurahans`
--
ALTER TABLE `kelurahans`
  MODIFY `id` bigint(20) UNSIGNED NOT NULL AUTO_INCREMENT, AUTO_INCREMENT=58;

--
-- AUTO_INCREMENT untuk tabel `menu_groups`
--
ALTER TABLE `menu_groups`
  MODIFY `id` bigint(20) UNSIGNED NOT NULL AUTO_INCREMENT, AUTO_INCREMENT=8;

--
-- AUTO_INCREMENT untuk tabel `menu_items`
--
ALTER TABLE `menu_items`
  MODIFY `id` bigint(20) UNSIGNED NOT NULL AUTO_INCREMENT, AUTO_INCREMENT=19;

--
-- AUTO_INCREMENT untuk tabel `migrations`
--
ALTER TABLE `migrations`
  MODIFY `id` int(10) UNSIGNED NOT NULL AUTO_INCREMENT, AUTO_INCREMENT=20;

--
-- AUTO_INCREMENT untuk tabel `opds`
--
ALTER TABLE `opds`
  MODIFY `id` bigint(20) UNSIGNED NOT NULL AUTO_INCREMENT, AUTO_INCREMENT=3;

--
-- AUTO_INCREMENT untuk tabel `pejabats`
--
ALTER TABLE `pejabats`
  MODIFY `id` bigint(20) UNSIGNED NOT NULL AUTO_INCREMENT, AUTO_INCREMENT=3;

--
-- AUTO_INCREMENT untuk tabel `penawarans`
--
ALTER TABLE `penawarans`
  MODIFY `id` bigint(20) UNSIGNED NOT NULL AUTO_INCREMENT, AUTO_INCREMENT=2438;

--
-- AUTO_INCREMENT untuk tabel `permissions`
--
ALTER TABLE `permissions`
  MODIFY `id` bigint(20) UNSIGNED NOT NULL AUTO_INCREMENT, AUTO_INCREMENT=80;

--
-- AUTO_INCREMENT untuk tabel `personal_access_tokens`
--
ALTER TABLE `personal_access_tokens`
  MODIFY `id` bigint(20) UNSIGNED NOT NULL AUTO_INCREMENT;

--
-- AUTO_INCREMENT untuk tabel `roles`
--
ALTER TABLE `roles`
  MODIFY `id` bigint(20) UNSIGNED NOT NULL AUTO_INCREMENT, AUTO_INCREMENT=3;

--
-- AUTO_INCREMENT untuk tabel `tahuns`
--
ALTER TABLE `tahuns`
  MODIFY `id` bigint(20) UNSIGNED NOT NULL AUTO_INCREMENT, AUTO_INCREMENT=5;

--
-- AUTO_INCREMENT untuk tabel `tkds`
--
ALTER TABLE `tkds`
  MODIFY `id` bigint(20) UNSIGNED NOT NULL AUTO_INCREMENT, AUTO_INCREMENT=1965;

--
-- AUTO_INCREMENT untuk tabel `users`
--
ALTER TABLE `users`
  MODIFY `id` bigint(20) UNSIGNED NOT NULL AUTO_INCREMENT, AUTO_INCREMENT=3;

--
-- Ketidakleluasaan untuk tabel pelimpahan (Dumped Tables)
--

--
-- Ketidakleluasaan untuk tabel `daerahs`
--
ALTER TABLE `daerahs`
  ADD CONSTRAINT `daerahs_id_kecamatan_foreign` FOREIGN KEY (`id_kecamatan`) REFERENCES `kecamatans` (`id`),
  ADD CONSTRAINT `daerahs_id_kelurahan_foreign` FOREIGN KEY (`id_kelurahan`) REFERENCES `kelurahans` (`id`),
  ADD CONSTRAINT `daerahs_thn_sts_foreign` FOREIGN KEY (`thn_sts`) REFERENCES `tahuns` (`id`);

--
-- Ketidakleluasaan untuk tabel `daftars`
--
ALTER TABLE `daftars`
  ADD CONSTRAINT `daftars_id_kelurahan_foreign` FOREIGN KEY (`id_kelurahan`) REFERENCES `kelurahans` (`id`);

--
-- Ketidakleluasaan untuk tabel `kelurahans`
--
ALTER TABLE `kelurahans`
  ADD CONSTRAINT `kelurahans_id_kecamatan_foreign` FOREIGN KEY (`id_kecamatan`) REFERENCES `kecamatans` (`id`);

--
-- Ketidakleluasaan untuk tabel `menu_items`
--
ALTER TABLE `menu_items`
  ADD CONSTRAINT `menu_items_menu_group_id_foreign` FOREIGN KEY (`menu_group_id`) REFERENCES `menu_groups` (`id`) ON DELETE CASCADE;

--
-- Ketidakleluasaan untuk tabel `model_has_permissions`
--
ALTER TABLE `model_has_permissions`
  ADD CONSTRAINT `model_has_permissions_permission_id_foreign` FOREIGN KEY (`permission_id`) REFERENCES `permissions` (`id`) ON DELETE CASCADE;

--
-- Ketidakleluasaan untuk tabel `model_has_roles`
--
ALTER TABLE `model_has_roles`
  ADD CONSTRAINT `model_has_roles_role_id_foreign` FOREIGN KEY (`role_id`) REFERENCES `roles` (`id`) ON DELETE CASCADE;

--
-- Ketidakleluasaan untuk tabel `opds`
--
ALTER TABLE `opds`
  ADD CONSTRAINT `opds_id_kecamatan_foreign` FOREIGN KEY (`id_kecamatan`) REFERENCES `kecamatans` (`id`);

--
-- Ketidakleluasaan untuk tabel `pejabats`
--
ALTER TABLE `pejabats`
  ADD CONSTRAINT `pejabats_id_jabatan_foreign` FOREIGN KEY (`id_jabatan`) REFERENCES `jabatans` (`id`),
  ADD CONSTRAINT `pejabats_id_opd_foreign` FOREIGN KEY (`id_opd`) REFERENCES `opds` (`id`);

--
-- Ketidakleluasaan untuk tabel `penawarans`
--
ALTER TABLE `penawarans`
  ADD CONSTRAINT `penawarans_idfk_daftar_foreign` FOREIGN KEY (`idfk_daftar`) REFERENCES `daftars` (`id`),
  ADD CONSTRAINT `penawarans_idfk_tkd_foreign` FOREIGN KEY (`idfk_tkd`) REFERENCES `tkds` (`id`);

--
-- Ketidakleluasaan untuk tabel `role_has_permissions`
--
ALTER TABLE `role_has_permissions`
  ADD CONSTRAINT `role_has_permissions_permission_id_foreign` FOREIGN KEY (`permission_id`) REFERENCES `permissions` (`id`) ON DELETE CASCADE,
  ADD CONSTRAINT `role_has_permissions_role_id_foreign` FOREIGN KEY (`role_id`) REFERENCES `roles` (`id`) ON DELETE CASCADE;

--
-- Ketidakleluasaan untuk tabel `tkds`
--
ALTER TABLE `tkds`
  ADD CONSTRAINT `tkds_id_kelurahan_foreign` FOREIGN KEY (`id_kelurahan`) REFERENCES `kelurahans` (`id`);
COMMIT;

/*!40101 SET CHARACTER_SET_CLIENT=@OLD_CHARACTER_SET_CLIENT */;
/*!40101 SET CHARACTER_SET_RESULTS=@OLD_CHARACTER_SET_RESULTS */;
/*!40101 SET COLLATION_CONNECTION=@OLD_COLLATION_CONNECTION */;



